Degree,Type,Name
Browse,Type,"System.Resources.MissingManifestResourceException"
Browse,Type,"System.Diagnostics.Tracing.EventSourceException"
Browse,Type,"System.IO.EndOfStreamException"
Browse,Type,"System.IO.InvalidDataException"
Browse,Type,"System.AggregateException"
Browse,Type,"System.OperationCanceledException"
Browse,Type,"System.Threading.BarrierPostPhaseException"
Browse,Type,"System.Threading.LockRecursionException"
Browse,Type,"System.Threading.Tasks.TaskCanceledException"
Browse,Type,"System.Threading.Tasks.TaskSchedulerException"
Browse,Type,"System.Reflection.AmbiguousMatchException"
Browse,Type,"System.Reflection.ReflectionTypeLoadException"
Browse,Type,"System.ArgumentException"
Browse,Type,"System.ArgumentNullException"
Browse,Type,"System.ArgumentOutOfRangeException"
Browse,Type,"System.ArithmeticException"
Browse,Type,"System.ArrayTypeMismatchException"
Browse,Type,"System.BadImageFormatException"
Browse,Type,"System.DataMisalignedException"
Browse,Type,"System.DivideByZeroException"
Browse,Type,"System.FormatException"
Browse,Type,"System.IndexOutOfRangeException"
Browse,Type,"System.InsufficientExecutionStackException"
Browse,Type,"System.InvalidCastException"
Browse,Type,"System.InvalidOperationException"
Browse,Type,"System.InvalidProgramException"
Browse,Type,"System.InvalidTimeZoneException"
Browse,Type,"System.MemberAccessException"
Browse,Type,"System.MethodAccessException"
Browse,Type,"System.FieldAccessException"
Browse,Type,"System.MissingFieldException"
Browse,Type,"System.MissingMemberException"
Browse,Type,"System.MissingMethodException"
Browse,Type,"System.NotImplementedException"
Browse,Type,"System.NotSupportedException"
Browse,Type,"System.NullReferenceException"
Browse,Type,"System.ObjectDisposedException"
Browse,Type,"System.OutOfMemoryException"
Browse,Type,"System.OverflowException"
Browse,Type,"System.PlatformNotSupportedException"
Browse,Type,"System.RankException"
Browse,Type,"System.TimeoutException"
Browse,Type,"System.TypeAccessException"
Browse,Type,"System.TypeInitializationException"
Browse,Type,"System.TypeLoadException"
Browse,Type,"System.UnauthorizedAccessException"
Browse,Type,"System.Threading.AbandonedMutexException"
Browse,Type,"System.Threading.SemaphoreFullException"
Browse,Type,"System.Threading.SynchronizationLockException"
Browse,Type,"System.Threading.WaitHandleCannotBeOpenedException"
Browse,Type,"System.Text.DecoderFallbackException"
Browse,Type,"System.Text.EncoderFallbackException"
Browse,Type,"System.Security.SecurityException"
Browse,Type,"System.Security.VerificationException"
Browse,Type,"System.Reflection.TargetInvocationException"
Browse,Type,"System.Reflection.TargetParameterCountException"
Browse,Type,"System.IO.DirectoryNotFoundException"
Browse,Type,"System.IO.FileLoadException"
Browse,Type,"System.IO.FileNotFoundException"
Browse,Type,"System.IO.IOException"
Browse,Type,"System.IO.PathTooLongException"
Browse,Type,"System.Globalization.CultureNotFoundException"
Browse,Type,"System.Collections.Generic.KeyNotFoundException"
Browse,Type,"System.UriFormatException"
Browse,Type,"System.DBNull"
Browse,Type,"System.Text.RegularExpressions.RegexMatchTimeoutException"
Browse,Type,"System.DllNotFoundException"
Browse,Type,"System.Runtime.InteropServices.COMException"
Browse,Type,"System.Runtime.InteropServices.InvalidComObjectException"
Browse,Type,"System.Runtime.InteropServices.InvalidOleVariantTypeException"
Browse,Type,"System.Runtime.InteropServices.MarshalDirectiveException"
Browse,Type,"System.Runtime.InteropServices.SafeArrayRankMismatchException"
Browse,Type,"System.Runtime.InteropServices.SafeArrayTypeMismatchException"
Browse,Type,"System.Runtime.InteropServices.SEHException"
Browse,Type,"System.Exception"
Browse,Type,"System.Runtime.Serialization.InvalidDataContractException"
Browse,Type,"System.Runtime.Serialization.SerializationException"
Browse,Type,"System.Xml.XmlException"
Browse,Type,"System.Xml.XmlQualifiedName"
Browse,Type,"System.Object"
Browse,Type,"System.Net.Http.HttpRequestException"
Browse,Type,"System.Net.Sockets.SocketException"
Browse,Type,"System.ComponentModel.Win32Exception"
Browse,Type,"System.Net.Internal.CookieException"
Browse,Type,"System.Net.CookieException"
Browse,Field,"System.Int32 System.AttributeTargets.value__"
Browse,Field,"System.AttributeTargets System.AttributeTargets.Assembly"
Browse,Field,"System.AttributeTargets System.AttributeTargets.Module"
Browse,Field,"System.AttributeTargets System.AttributeTargets.Class"
Browse,Field,"System.AttributeTargets System.AttributeTargets.Struct"
Browse,Field,"System.AttributeTargets System.AttributeTargets.Enum"
Browse,Field,"System.AttributeTargets System.AttributeTargets.Constructor"
Browse,Field,"System.AttributeTargets System.AttributeTargets.Method"
Browse,Field,"System.AttributeTargets System.AttributeTargets.Property"
Browse,Field,"System.AttributeTargets System.AttributeTargets.Field"
Browse,Field,"System.AttributeTargets System.AttributeTargets.Event"
Browse,Field,"System.AttributeTargets System.AttributeTargets.Interface"
Browse,Field,"System.AttributeTargets System.AttributeTargets.Parameter"
Browse,Field,"System.AttributeTargets System.AttributeTargets.Delegate"
Browse,Field,"System.AttributeTargets System.AttributeTargets.ReturnValue"
Browse,Field,"System.AttributeTargets System.AttributeTargets.GenericParameter"
Browse,Field,"System.AttributeTargets System.AttributeTargets.All"
Browse,Field,"System.Int32 System.Collections.Specialized.NotifyCollectionChangedAction.value__"
Browse,Field,"System.Collections.Specialized.NotifyCollectionChangedAction System.Collections.Specialized.NotifyCollectionChangedAction.Add"
Browse,Field,"System.Collections.Specialized.NotifyCollectionChangedAction System.Collections.Specialized.NotifyCollectionChangedAction.Remove"
Browse,Field,"System.Collections.Specialized.NotifyCollectionChangedAction System.Collections.Specialized.NotifyCollectionChangedAction.Replace"
Browse,Field,"System.Collections.Specialized.NotifyCollectionChangedAction System.Collections.Specialized.NotifyCollectionChangedAction.Move"
Browse,Field,"System.Collections.Specialized.NotifyCollectionChangedAction System.Collections.Specialized.NotifyCollectionChangedAction.Reset"
Browse,Field,"System.Int32 Windows.UI.Xaml.DurationType.value__"
Browse,Field,"Windows.UI.Xaml.DurationType Windows.UI.Xaml.DurationType.Automatic"
Browse,Field,"Windows.UI.Xaml.DurationType Windows.UI.Xaml.DurationType.TimeSpan"
Browse,Field,"Windows.UI.Xaml.DurationType Windows.UI.Xaml.DurationType.Forever"
Browse,Field,"System.Int32 Windows.UI.Xaml.GridUnitType.value__"
Browse,Field,"Windows.UI.Xaml.GridUnitType Windows.UI.Xaml.GridUnitType.Auto"
Browse,Field,"Windows.UI.Xaml.GridUnitType Windows.UI.Xaml.GridUnitType.Pixel"
Browse,Field,"Windows.UI.Xaml.GridUnitType Windows.UI.Xaml.GridUnitType.Star"
Browse,Field,"System.Int32 Windows.UI.Xaml.Media.Animation.RepeatBehaviorType.value__"
Browse,Field,"Windows.UI.Xaml.Media.Animation.RepeatBehaviorType Windows.UI.Xaml.Media.Animation.RepeatBehaviorType.Count"
Browse,Field,"Windows.UI.Xaml.Media.Animation.RepeatBehaviorType Windows.UI.Xaml.Media.Animation.RepeatBehaviorType.Duration"
Browse,Field,"Windows.UI.Xaml.Media.Animation.RepeatBehaviorType Windows.UI.Xaml.Media.Animation.RepeatBehaviorType.Forever"
Browse,Field,"Windows.Foundation.PropertyType Windows.Foundation.PropertyType.Empty"
Browse,Field,"Windows.Foundation.PropertyType Windows.Foundation.PropertyType.UInt8"
Browse,Field,"Windows.Foundation.PropertyType Windows.Foundation.PropertyType.Int16"
Browse,Field,"Windows.Foundation.PropertyType Windows.Foundation.PropertyType.UInt16"
Browse,Field,"Windows.Foundation.PropertyType Windows.Foundation.PropertyType.Int32"
Browse,Field,"Windows.Foundation.PropertyType Windows.Foundation.PropertyType.UInt32"
Browse,Field,"Windows.Foundation.PropertyType Windows.Foundation.PropertyType.Int64"
Browse,Field,"Windows.Foundation.PropertyType Windows.Foundation.PropertyType.UInt64"
Browse,Field,"Windows.Foundation.PropertyType Windows.Foundation.PropertyType.Single"
Browse,Field,"Windows.Foundation.PropertyType Windows.Foundation.PropertyType.Double"
Browse,Field,"Windows.Foundation.PropertyType Windows.Foundation.PropertyType.Char16"
Browse,Field,"Windows.Foundation.PropertyType Windows.Foundation.PropertyType.Boolean"
Browse,Field,"Windows.Foundation.PropertyType Windows.Foundation.PropertyType.String"
Browse,Field,"Windows.Foundation.PropertyType Windows.Foundation.PropertyType.Inspectable"
Browse,Field,"Windows.Foundation.PropertyType Windows.Foundation.PropertyType.DateTime"
Browse,Field,"Windows.Foundation.PropertyType Windows.Foundation.PropertyType.TimeSpan"
Browse,Field,"Windows.Foundation.PropertyType Windows.Foundation.PropertyType.Guid"
Browse,Field,"Windows.Foundation.PropertyType Windows.Foundation.PropertyType.Point"
Browse,Field,"Windows.Foundation.PropertyType Windows.Foundation.PropertyType.Size"
Browse,Field,"Windows.Foundation.PropertyType Windows.Foundation.PropertyType.Rect"
Browse,Field,"Windows.Foundation.PropertyType Windows.Foundation.PropertyType.OtherType"
Browse,Field,"Windows.Foundation.PropertyType Windows.Foundation.PropertyType.UInt8Array"
Browse,Field,"Windows.Foundation.PropertyType Windows.Foundation.PropertyType.Int16Array"
Browse,Field,"Windows.Foundation.PropertyType Windows.Foundation.PropertyType.UInt16Array"
Browse,Field,"Windows.Foundation.PropertyType Windows.Foundation.PropertyType.Int32Array"
Browse,Field,"Windows.Foundation.PropertyType Windows.Foundation.PropertyType.UInt32Array"
Browse,Field,"Windows.Foundation.PropertyType Windows.Foundation.PropertyType.Int64Array"
Browse,Field,"Windows.Foundation.PropertyType Windows.Foundation.PropertyType.UInt64Array"
Browse,Field,"Windows.Foundation.PropertyType Windows.Foundation.PropertyType.SingleArray"
Browse,Field,"Windows.Foundation.PropertyType Windows.Foundation.PropertyType.DoubleArray"
Browse,Field,"Windows.Foundation.PropertyType Windows.Foundation.PropertyType.Char16Array"
Browse,Field,"Windows.Foundation.PropertyType Windows.Foundation.PropertyType.BooleanArray"
Browse,Field,"Windows.Foundation.PropertyType Windows.Foundation.PropertyType.StringArray"
Browse,Field,"Windows.Foundation.PropertyType Windows.Foundation.PropertyType.InspectableArray"
Browse,Field,"Windows.Foundation.PropertyType Windows.Foundation.PropertyType.DateTimeArray"
Browse,Field,"Windows.Foundation.PropertyType Windows.Foundation.PropertyType.TimeSpanArray"
Browse,Field,"Windows.Foundation.PropertyType Windows.Foundation.PropertyType.GuidArray"
Browse,Field,"Windows.Foundation.PropertyType Windows.Foundation.PropertyType.PointArray"
Browse,Field,"Windows.Foundation.PropertyType Windows.Foundation.PropertyType.SizeArray"
Browse,Field,"Windows.Foundation.PropertyType Windows.Foundation.PropertyType.RectArray"
Browse,Field,"Windows.Foundation.PropertyType Windows.Foundation.PropertyType.OtherTypeArray"
Browse,Field,"Windows.Foundation.AsyncStatus Windows.Foundation.AsyncStatus.Canceled"
Browse,Field,"Windows.Foundation.AsyncStatus Windows.Foundation.AsyncStatus.Completed"
Browse,Field,"Windows.Foundation.AsyncStatus Windows.Foundation.AsyncStatus.Error"
Browse,Field,"Windows.Foundation.AsyncStatus Windows.Foundation.AsyncStatus.Started"
Browse,Field,"System.Int32 System.Diagnostics.Tracing.EventSource.EventParameterType.value__"
Browse,Field,"System.Diagnostics.Tracing.EventSource.EventParameterType System.Diagnostics.Tracing.EventSource.EventParameterType.Boolean"
Browse,Field,"System.Diagnostics.Tracing.EventSource.EventParameterType System.Diagnostics.Tracing.EventSource.EventParameterType.Byte"
Browse,Field,"System.Diagnostics.Tracing.EventSource.EventParameterType System.Diagnostics.Tracing.EventSource.EventParameterType.SByte"
Browse,Field,"System.Diagnostics.Tracing.EventSource.EventParameterType System.Diagnostics.Tracing.EventSource.EventParameterType.Char"
Browse,Field,"System.Diagnostics.Tracing.EventSource.EventParameterType System.Diagnostics.Tracing.EventSource.EventParameterType.Int16"
Browse,Field,"System.Diagnostics.Tracing.EventSource.EventParameterType System.Diagnostics.Tracing.EventSource.EventParameterType.UInt16"
Browse,Field,"System.Diagnostics.Tracing.EventSource.EventParameterType System.Diagnostics.Tracing.EventSource.EventParameterType.Int32"
Browse,Field,"System.Diagnostics.Tracing.EventSource.EventParameterType System.Diagnostics.Tracing.EventSource.EventParameterType.UInt32"
Browse,Field,"System.Diagnostics.Tracing.EventSource.EventParameterType System.Diagnostics.Tracing.EventSource.EventParameterType.Int64"
Browse,Field,"System.Diagnostics.Tracing.EventSource.EventParameterType System.Diagnostics.Tracing.EventSource.EventParameterType.UInt64"
Browse,Field,"System.Diagnostics.Tracing.EventSource.EventParameterType System.Diagnostics.Tracing.EventSource.EventParameterType.IntPtr"
Browse,Field,"System.Diagnostics.Tracing.EventSource.EventParameterType System.Diagnostics.Tracing.EventSource.EventParameterType.Single"
Browse,Field,"System.Diagnostics.Tracing.EventSource.EventParameterType System.Diagnostics.Tracing.EventSource.EventParameterType.Double"
Browse,Field,"System.Diagnostics.Tracing.EventSource.EventParameterType System.Diagnostics.Tracing.EventSource.EventParameterType.Decimal"
Browse,Field,"System.Diagnostics.Tracing.EventSource.EventParameterType System.Diagnostics.Tracing.EventSource.EventParameterType.Guid"
Browse,Field,"System.Diagnostics.Tracing.EventSource.EventParameterType System.Diagnostics.Tracing.EventSource.EventParameterType.String"
Browse,Field,"System.Int32 System.Diagnostics.DebuggableAttribute.DebuggingModes.value__"
Browse,Field,"System.Diagnostics.DebuggableAttribute.DebuggingModes System.Diagnostics.DebuggableAttribute.DebuggingModes.None"
Browse,Field,"System.Diagnostics.DebuggableAttribute.DebuggingModes System.Diagnostics.DebuggableAttribute.DebuggingModes.Default"
Browse,Field,"System.Diagnostics.DebuggableAttribute.DebuggingModes System.Diagnostics.DebuggableAttribute.DebuggingModes.DisableOptimizations"
Browse,Field,"System.Diagnostics.DebuggableAttribute.DebuggingModes System.Diagnostics.DebuggableAttribute.DebuggingModes.IgnoreSymbolStoreSequencePoints"
Browse,Field,"System.Diagnostics.DebuggableAttribute.DebuggingModes System.Diagnostics.DebuggableAttribute.DebuggingModes.EnableEditAndContinue"
Browse,Field,"System.Int32 System.DayOfWeek.value__"
Browse,Field,"System.DayOfWeek System.DayOfWeek.Sunday"
Browse,Field,"System.DayOfWeek System.DayOfWeek.Monday"
Browse,Field,"System.DayOfWeek System.DayOfWeek.Tuesday"
Browse,Field,"System.DayOfWeek System.DayOfWeek.Wednesday"
Browse,Field,"System.DayOfWeek System.DayOfWeek.Thursday"
Browse,Field,"System.DayOfWeek System.DayOfWeek.Friday"
Browse,Field,"System.DayOfWeek System.DayOfWeek.Saturday"
Browse,Field,"System.Int32 System.Globalization.DateTimeStyles.value__"
Browse,Field,"System.Globalization.DateTimeStyles System.Globalization.DateTimeStyles.None"
Browse,Field,"System.Globalization.DateTimeStyles System.Globalization.DateTimeStyles.AllowLeadingWhite"
Browse,Field,"System.Globalization.DateTimeStyles System.Globalization.DateTimeStyles.AllowTrailingWhite"
Browse,Field,"System.Globalization.DateTimeStyles System.Globalization.DateTimeStyles.AllowInnerWhite"
Browse,Field,"System.Globalization.DateTimeStyles System.Globalization.DateTimeStyles.AllowWhiteSpaces"
Browse,Field,"System.Globalization.DateTimeStyles System.Globalization.DateTimeStyles.NoCurrentDateDefault"
Browse,Field,"System.Globalization.DateTimeStyles System.Globalization.DateTimeStyles.AdjustToUniversal"
Browse,Field,"System.Globalization.DateTimeStyles System.Globalization.DateTimeStyles.AssumeLocal"
Browse,Field,"System.Globalization.DateTimeStyles System.Globalization.DateTimeStyles.AssumeUniversal"
Browse,Field,"System.Globalization.DateTimeStyles System.Globalization.DateTimeStyles.RoundtripKind"
Browse,Field,"System.Int32 System.Globalization.TimeSpanStyles.value__"
Browse,Field,"System.Globalization.TimeSpanStyles System.Globalization.TimeSpanStyles.None"
Browse,Field,"System.Globalization.TimeSpanStyles System.Globalization.TimeSpanStyles.AssumeNegative"
Browse,Field,"System.Int32 System.UriKind.value__"
Browse,Field,"System.UriKind System.UriKind.RelativeOrAbsolute"
Browse,Field,"System.UriKind System.UriKind.Absolute"
Browse,Field,"System.UriKind System.UriKind.Relative"
Browse,Field,"System.Int32 System.UriHostNameType.value__"
Browse,Field,"System.UriHostNameType System.UriHostNameType.Unknown"
Browse,Field,"System.UriHostNameType System.UriHostNameType.Basic"
Browse,Field,"System.UriHostNameType System.UriHostNameType.Dns"
Browse,Field,"System.UriHostNameType System.UriHostNameType.IPv4"
Browse,Field,"System.UriHostNameType System.UriHostNameType.IPv6"
Browse,Field,"System.Int32 System.UriComponents.value__"
Browse,Field,"System.UriComponents System.UriComponents.Scheme"
Browse,Field,"System.UriComponents System.UriComponents.UserInfo"
Browse,Field,"System.UriComponents System.UriComponents.Host"
Browse,Field,"System.UriComponents System.UriComponents.Port"
Browse,Field,"System.UriComponents System.UriComponents.Path"
Browse,Field,"System.UriComponents System.UriComponents.Query"
Browse,Field,"System.UriComponents System.UriComponents.Fragment"
Browse,Field,"System.UriComponents System.UriComponents.StrongPort"
Browse,Field,"System.UriComponents System.UriComponents.NormalizedHost"
Browse,Field,"System.UriComponents System.UriComponents.KeepDelimiter"
Browse,Field,"System.UriComponents System.UriComponents.SerializationInfoString"
Browse,Field,"System.UriComponents System.UriComponents.AbsoluteUri"
Browse,Field,"System.UriComponents System.UriComponents.HostAndPort"
Browse,Field,"System.UriComponents System.UriComponents.StrongAuthority"
Browse,Field,"System.UriComponents System.UriComponents.SchemeAndServer"
Browse,Field,"System.UriComponents System.UriComponents.HttpRequestUrl"
Browse,Field,"System.UriComponents System.UriComponents.PathAndQuery"
Browse,Field,"System.Int32 System.UriFormat.value__"
Browse,Field,"System.UriFormat System.UriFormat.UriEscaped"
Browse,Field,"System.UriFormat System.UriFormat.Unescaped"
Browse,Field,"System.UriFormat System.UriFormat.SafeUnescaped"
Browse,Field,"System.Int32 System.StringComparison.value__"
Browse,Field,"System.StringComparison System.StringComparison.CurrentCulture"
Browse,Field,"System.StringComparison System.StringComparison.CurrentCultureIgnoreCase"
Browse,Field,"System.StringComparison System.StringComparison.Ordinal"
Browse,Field,"System.StringComparison System.StringComparison.OrdinalIgnoreCase"
Browse,Field,"Windows.ApplicationModel.Background.BackgroundTaskCancellationReason Windows.ApplicationModel.Background.BackgroundTaskCancellationReason.Abort"
Browse,Field,"Windows.ApplicationModel.Background.BackgroundTaskCancellationReason Windows.ApplicationModel.Background.BackgroundTaskCancellationReason.Terminating"
Browse,Field,"Windows.ApplicationModel.Background.BackgroundTaskCancellationReason Windows.ApplicationModel.Background.BackgroundTaskCancellationReason.LoggingOff"
Browse,Field,"Windows.ApplicationModel.Background.BackgroundTaskCancellationReason Windows.ApplicationModel.Background.BackgroundTaskCancellationReason.ServicingUpdate"
Browse,Field,"Windows.ApplicationModel.Background.BackgroundTaskCancellationReason Windows.ApplicationModel.Background.BackgroundTaskCancellationReason.IdleTask"
Browse,Field,"Windows.ApplicationModel.Background.BackgroundTaskCancellationReason Windows.ApplicationModel.Background.BackgroundTaskCancellationReason.Uninstall"
Browse,Field,"Windows.ApplicationModel.Background.BackgroundTaskCancellationReason Windows.ApplicationModel.Background.BackgroundTaskCancellationReason.ConditionLoss"
Browse,Field,"Windows.ApplicationModel.Background.BackgroundTaskCancellationReason Windows.ApplicationModel.Background.BackgroundTaskCancellationReason.SystemPolicy"
Browse,Field,"Windows.ApplicationModel.Background.BackgroundTaskCancellationReason Windows.ApplicationModel.Background.BackgroundTaskCancellationReason.QuietHoursEntered"
Browse,Field,"Windows.ApplicationModel.Background.BackgroundTaskCancellationReason Windows.ApplicationModel.Background.BackgroundTaskCancellationReason.ExecutionTimeExceeded"
Browse,Field,"Windows.ApplicationModel.Background.BackgroundTaskCancellationReason Windows.ApplicationModel.Background.BackgroundTaskCancellationReason.ResourceRevocation"
Browse,Field,"Windows.ApplicationModel.Background.BackgroundTaskCancellationReason Windows.ApplicationModel.Background.BackgroundTaskCancellationReason.EnergySaver"
Browse,Field,"System.Int32 System.TypeCode.value__"
Browse,Field,"System.TypeCode System.TypeCode.Empty"
Browse,Field,"System.TypeCode System.TypeCode.Object"
Browse,Field,"System.TypeCode System.TypeCode.DBNull"
Browse,Field,"System.TypeCode System.TypeCode.Boolean"
Browse,Field,"System.TypeCode System.TypeCode.Char"
Browse,Field,"System.TypeCode System.TypeCode.SByte"
Browse,Field,"System.TypeCode System.TypeCode.Byte"
Browse,Field,"System.TypeCode System.TypeCode.Int16"
Browse,Field,"System.TypeCode System.TypeCode.UInt16"
Browse,Field,"System.TypeCode System.TypeCode.Int32"
Browse,Field,"System.TypeCode System.TypeCode.UInt32"
Browse,Field,"System.TypeCode System.TypeCode.Int64"
Browse,Field,"System.TypeCode System.TypeCode.UInt64"
Browse,Field,"System.TypeCode System.TypeCode.Single"
Browse,Field,"System.TypeCode System.TypeCode.Double"
Browse,Field,"System.TypeCode System.TypeCode.Decimal"
Browse,Field,"System.TypeCode System.TypeCode.DateTime"
Browse,Field,"System.TypeCode System.TypeCode.String"
Browse,Field,"System.Int32 System.Globalization.NumberStyles.value__"
Browse,Field,"System.Globalization.NumberStyles System.Globalization.NumberStyles.None"
Browse,Field,"System.Globalization.NumberStyles System.Globalization.NumberStyles.AllowLeadingWhite"
Browse,Field,"System.Globalization.NumberStyles System.Globalization.NumberStyles.AllowTrailingWhite"
Browse,Field,"System.Globalization.NumberStyles System.Globalization.NumberStyles.AllowLeadingSign"
Browse,Field,"System.Globalization.NumberStyles System.Globalization.NumberStyles.AllowTrailingSign"
Browse,Field,"System.Globalization.NumberStyles System.Globalization.NumberStyles.AllowParentheses"
Browse,Field,"System.Globalization.NumberStyles System.Globalization.NumberStyles.AllowDecimalPoint"
Browse,Field,"System.Globalization.NumberStyles System.Globalization.NumberStyles.AllowThousands"
Browse,Field,"System.Globalization.NumberStyles System.Globalization.NumberStyles.AllowExponent"
Browse,Field,"System.Globalization.NumberStyles System.Globalization.NumberStyles.AllowCurrencySymbol"
Browse,Field,"System.Globalization.NumberStyles System.Globalization.NumberStyles.AllowHexSpecifier"
Browse,Field,"System.Globalization.NumberStyles System.Globalization.NumberStyles.Integer"
Browse,Field,"System.Globalization.NumberStyles System.Globalization.NumberStyles.HexNumber"
Browse,Field,"System.Globalization.NumberStyles System.Globalization.NumberStyles.Number"
Browse,Field,"System.Globalization.NumberStyles System.Globalization.NumberStyles.Float"
Browse,Field,"System.Globalization.NumberStyles System.Globalization.NumberStyles.Currency"
Browse,Field,"System.Globalization.NumberStyles System.Globalization.NumberStyles.Any"
Browse,Field,"System.Int32 System.Runtime.InteropServices.VarEnum.value__"
Browse,Field,"System.Runtime.InteropServices.VarEnum System.Runtime.InteropServices.VarEnum.VT_EMPTY"
Browse,Field,"System.Runtime.InteropServices.VarEnum System.Runtime.InteropServices.VarEnum.VT_NULL"
Browse,Field,"System.Runtime.InteropServices.VarEnum System.Runtime.InteropServices.VarEnum.VT_I2"
Browse,Field,"System.Runtime.InteropServices.VarEnum System.Runtime.InteropServices.VarEnum.VT_I4"
Browse,Field,"System.Runtime.InteropServices.VarEnum System.Runtime.InteropServices.VarEnum.VT_R4"
Browse,Field,"System.Runtime.InteropServices.VarEnum System.Runtime.InteropServices.VarEnum.VT_R8"
Browse,Field,"System.Runtime.InteropServices.VarEnum System.Runtime.InteropServices.VarEnum.VT_CY"
Browse,Field,"System.Runtime.InteropServices.VarEnum System.Runtime.InteropServices.VarEnum.VT_DATE"
Browse,Field,"System.Runtime.InteropServices.VarEnum System.Runtime.InteropServices.VarEnum.VT_BSTR"
Browse,Field,"System.Runtime.InteropServices.VarEnum System.Runtime.InteropServices.VarEnum.VT_DISPATCH"
Browse,Field,"System.Runtime.InteropServices.VarEnum System.Runtime.InteropServices.VarEnum.VT_ERROR"
Browse,Field,"System.Runtime.InteropServices.VarEnum System.Runtime.InteropServices.VarEnum.VT_BOOL"
Browse,Field,"System.Runtime.InteropServices.VarEnum System.Runtime.InteropServices.VarEnum.VT_VARIANT"
Browse,Field,"System.Runtime.InteropServices.VarEnum System.Runtime.InteropServices.VarEnum.VT_UNKNOWN"
Browse,Field,"System.Runtime.InteropServices.VarEnum System.Runtime.InteropServices.VarEnum.VT_DECIMAL"
Browse,Field,"System.Runtime.InteropServices.VarEnum System.Runtime.InteropServices.VarEnum.VT_I1"
Browse,Field,"System.Runtime.InteropServices.VarEnum System.Runtime.InteropServices.VarEnum.VT_UI1"
Browse,Field,"System.Runtime.InteropServices.VarEnum System.Runtime.InteropServices.VarEnum.VT_UI2"
Browse,Field,"System.Runtime.InteropServices.VarEnum System.Runtime.InteropServices.VarEnum.VT_UI4"
Browse,Field,"System.Runtime.InteropServices.VarEnum System.Runtime.InteropServices.VarEnum.VT_I8"
Browse,Field,"System.Runtime.InteropServices.VarEnum System.Runtime.InteropServices.VarEnum.VT_UI8"
Browse,Field,"System.Runtime.InteropServices.VarEnum System.Runtime.InteropServices.VarEnum.VT_INT"
Browse,Field,"System.Runtime.InteropServices.VarEnum System.Runtime.InteropServices.VarEnum.VT_UINT"
Browse,Field,"System.Runtime.InteropServices.VarEnum System.Runtime.InteropServices.VarEnum.VT_VOID"
Browse,Field,"System.Runtime.InteropServices.VarEnum System.Runtime.InteropServices.VarEnum.VT_HRESULT"
Browse,Field,"System.Runtime.InteropServices.VarEnum System.Runtime.InteropServices.VarEnum.VT_PTR"
Browse,Field,"System.Runtime.InteropServices.VarEnum System.Runtime.InteropServices.VarEnum.VT_SAFEARRAY"
Browse,Field,"System.Runtime.InteropServices.VarEnum System.Runtime.InteropServices.VarEnum.VT_CARRAY"
Browse,Field,"System.Runtime.InteropServices.VarEnum System.Runtime.InteropServices.VarEnum.VT_USERDEFINED"
Browse,Field,"System.Runtime.InteropServices.VarEnum System.Runtime.InteropServices.VarEnum.VT_LPSTR"
Browse,Field,"System.Runtime.InteropServices.VarEnum System.Runtime.InteropServices.VarEnum.VT_LPWSTR"
Browse,Field,"System.Runtime.InteropServices.VarEnum System.Runtime.InteropServices.VarEnum.VT_RECORD"
Browse,Field,"System.Runtime.InteropServices.VarEnum System.Runtime.InteropServices.VarEnum.VT_FILETIME"
Browse,Field,"System.Runtime.InteropServices.VarEnum System.Runtime.InteropServices.VarEnum.VT_BLOB"
Browse,Field,"System.Runtime.InteropServices.VarEnum System.Runtime.InteropServices.VarEnum.VT_STREAM"
Browse,Field,"System.Runtime.InteropServices.VarEnum System.Runtime.InteropServices.VarEnum.VT_STORAGE"
Browse,Field,"System.Runtime.InteropServices.VarEnum System.Runtime.InteropServices.VarEnum.VT_STREAMED_OBJECT"
Browse,Field,"System.Runtime.InteropServices.VarEnum System.Runtime.InteropServices.VarEnum.VT_STORED_OBJECT"
Browse,Field,"System.Runtime.InteropServices.VarEnum System.Runtime.InteropServices.VarEnum.VT_BLOB_OBJECT"
Browse,Field,"System.Runtime.InteropServices.VarEnum System.Runtime.InteropServices.VarEnum.VT_CF"
Browse,Field,"System.Runtime.InteropServices.VarEnum System.Runtime.InteropServices.VarEnum.VT_CLSID"
Browse,Field,"System.Runtime.InteropServices.VarEnum System.Runtime.InteropServices.VarEnum.VT_VECTOR"
Browse,Field,"System.Runtime.InteropServices.VarEnum System.Runtime.InteropServices.VarEnum.VT_ARRAY"
Browse,Field,"System.Runtime.InteropServices.VarEnum System.Runtime.InteropServices.VarEnum.VT_BYREF"
Browse,Field,"System.Int32 System.Runtime.Serialization.SerializationMode.value__"
Browse,Field,"System.Runtime.Serialization.SerializationMode System.Runtime.Serialization.SerializationMode.SharedContract"
Browse,Field,"System.Runtime.Serialization.SerializationMode System.Runtime.Serialization.SerializationMode.SharedType"
Browse,Field,"System.Byte System.Runtime.Serialization.CollectionKind.value__"
Browse,Field,"System.Runtime.Serialization.CollectionKind System.Runtime.Serialization.CollectionKind.None"
Browse,Field,"System.Runtime.Serialization.CollectionKind System.Runtime.Serialization.CollectionKind.GenericDictionary"
Browse,Field,"System.Runtime.Serialization.CollectionKind System.Runtime.Serialization.CollectionKind.Dictionary"
Browse,Field,"System.Runtime.Serialization.CollectionKind System.Runtime.Serialization.CollectionKind.GenericList"
Browse,Field,"System.Runtime.Serialization.CollectionKind System.Runtime.Serialization.CollectionKind.GenericCollection"
Browse,Field,"System.Runtime.Serialization.CollectionKind System.Runtime.Serialization.CollectionKind.List"
Browse,Field,"System.Runtime.Serialization.CollectionKind System.Runtime.Serialization.CollectionKind.GenericEnumerable"
Browse,Field,"System.Runtime.Serialization.CollectionKind System.Runtime.Serialization.CollectionKind.Collection"
Browse,Field,"System.Runtime.Serialization.CollectionKind System.Runtime.Serialization.CollectionKind.Enumerable"
Browse,Field,"System.Runtime.Serialization.CollectionKind System.Runtime.Serialization.CollectionKind.Array"
Browse,Field,"System.Int32 System.Xml.XmlNodeType.value__"
Browse,Field,"System.Xml.XmlNodeType System.Xml.XmlNodeType.None"
Browse,Field,"System.Xml.XmlNodeType System.Xml.XmlNodeType.Element"
Browse,Field,"System.Xml.XmlNodeType System.Xml.XmlNodeType.Attribute"
Browse,Field,"System.Xml.XmlNodeType System.Xml.XmlNodeType.Text"
Browse,Field,"System.Xml.XmlNodeType System.Xml.XmlNodeType.CDATA"
Browse,Field,"System.Xml.XmlNodeType System.Xml.XmlNodeType.EntityReference"
Browse,Field,"System.Xml.XmlNodeType System.Xml.XmlNodeType.Entity"
Browse,Field,"System.Xml.XmlNodeType System.Xml.XmlNodeType.ProcessingInstruction"
Browse,Field,"System.Xml.XmlNodeType System.Xml.XmlNodeType.Comment"
Browse,Field,"System.Xml.XmlNodeType System.Xml.XmlNodeType.Document"
Browse,Field,"System.Xml.XmlNodeType System.Xml.XmlNodeType.DocumentType"
Browse,Field,"System.Xml.XmlNodeType System.Xml.XmlNodeType.DocumentFragment"
Browse,Field,"System.Xml.XmlNodeType System.Xml.XmlNodeType.Notation"
Browse,Field,"System.Xml.XmlNodeType System.Xml.XmlNodeType.Whitespace"
Browse,Field,"System.Xml.XmlNodeType System.Xml.XmlNodeType.SignificantWhitespace"
Browse,Field,"System.Xml.XmlNodeType System.Xml.XmlNodeType.EndElement"
Browse,Field,"System.Xml.XmlNodeType System.Xml.XmlNodeType.EndEntity"
Browse,Field,"System.Xml.XmlNodeType System.Xml.XmlNodeType.XmlDeclaration"
Browse,Field,"System.Int32 System.Xml.XmlNamespaceScope.value__"
Browse,Field,"System.Xml.XmlNamespaceScope System.Xml.XmlNamespaceScope.All"
Browse,Field,"System.Xml.XmlNamespaceScope System.Xml.XmlNamespaceScope.ExcludeXml"
Browse,Field,"System.Xml.XmlNamespaceScope System.Xml.XmlNamespaceScope.Local"
Browse,Field,"System.Int32 System.Xml.WriteState.value__"
Browse,Field,"System.Xml.WriteState System.Xml.WriteState.Start"
Browse,Field,"System.Xml.WriteState System.Xml.WriteState.Prolog"
Browse,Field,"System.Xml.WriteState System.Xml.WriteState.Element"
Browse,Field,"System.Xml.WriteState System.Xml.WriteState.Attribute"
Browse,Field,"System.Xml.WriteState System.Xml.WriteState.Content"
Browse,Field,"System.Xml.WriteState System.Xml.WriteState.Closed"
Browse,Field,"System.Xml.WriteState System.Xml.WriteState.Error"
Browse,Field,"System.Int32 System.Xml.XmlSpace.value__"
Browse,Field,"System.Xml.XmlSpace System.Xml.XmlSpace.None"
Browse,Field,"System.Xml.XmlSpace System.Xml.XmlSpace.Default"
Browse,Field,"System.Xml.XmlSpace System.Xml.XmlSpace.Preserve"
Browse,Field,"System.Int32 System.Xml.ExceptionType.value__"
Browse,Field,"System.Xml.ExceptionType System.Xml.ExceptionType.ArgumentException"
Browse,Field,"System.Xml.ExceptionType System.Xml.ExceptionType.XmlException"
Browse,Field,"System.Int32 System.Xml.XmlDateTimeSerializationMode.value__"
Browse,Field,"System.Xml.XmlDateTimeSerializationMode System.Xml.XmlDateTimeSerializationMode.Local"
Browse,Field,"System.Xml.XmlDateTimeSerializationMode System.Xml.XmlDateTimeSerializationMode.Utc"
Browse,Field,"System.Xml.XmlDateTimeSerializationMode System.Xml.XmlDateTimeSerializationMode.Unspecified"
Browse,Field,"System.Xml.XmlDateTimeSerializationMode System.Xml.XmlDateTimeSerializationMode.RoundtripKind"
Browse,Field,"System.Int32 System.StringSplitOptions.value__"
Browse,Field,"System.StringSplitOptions System.StringSplitOptions.None"
Browse,Field,"System.StringSplitOptions System.StringSplitOptions.RemoveEmptyEntries"
Browse,Field,"System.Int32 System.DateTimeKind.value__"
Browse,Field,"System.DateTimeKind System.DateTimeKind.Unspecified"
Browse,Field,"System.DateTimeKind System.DateTimeKind.Utc"
Browse,Field,"System.DateTimeKind System.DateTimeKind.Local"
Browse,Field,"System.Int32 System.Runtime.Serialization.EmitTypeInformation.value__"
Browse,Field,"System.Runtime.Serialization.EmitTypeInformation System.Runtime.Serialization.EmitTypeInformation.AsNeeded"
Browse,Field,"System.Runtime.Serialization.EmitTypeInformation System.Runtime.Serialization.EmitTypeInformation.Always"
Browse,Field,"System.Runtime.Serialization.EmitTypeInformation System.Runtime.Serialization.EmitTypeInformation.Never"
Browse,Field,"System.Int32 System.Diagnostics.Tracing.EventLevel.value__"
Browse,Field,"System.Diagnostics.Tracing.EventLevel System.Diagnostics.Tracing.EventLevel.LogAlways"
Browse,Field,"System.Diagnostics.Tracing.EventLevel System.Diagnostics.Tracing.EventLevel.Critical"
Browse,Field,"System.Diagnostics.Tracing.EventLevel System.Diagnostics.Tracing.EventLevel.Error"
Browse,Field,"System.Diagnostics.Tracing.EventLevel System.Diagnostics.Tracing.EventLevel.Warning"
Browse,Field,"System.Diagnostics.Tracing.EventLevel System.Diagnostics.Tracing.EventLevel.Informational"
Browse,Field,"System.Diagnostics.Tracing.EventLevel System.Diagnostics.Tracing.EventLevel.Verbose"
Browse,Field,"System.Int64 System.Diagnostics.Tracing.EventKeywords.value__"
Browse,Field,"System.Diagnostics.Tracing.EventKeywords System.Diagnostics.Tracing.EventKeywords.None"
Browse,Field,"System.Diagnostics.Tracing.EventKeywords System.Diagnostics.Tracing.EventKeywords.All"
Browse,Field,"System.Diagnostics.Tracing.EventKeywords System.Diagnostics.Tracing.EventKeywords.WdiContext"
Browse,Field,"System.Diagnostics.Tracing.EventKeywords System.Diagnostics.Tracing.EventKeywords.WdiDiagnostic"
Browse,Field,"System.Diagnostics.Tracing.EventKeywords System.Diagnostics.Tracing.EventKeywords.Sqm"
Browse,Field,"System.Diagnostics.Tracing.EventKeywords System.Diagnostics.Tracing.EventKeywords.AuditFailure"
Browse,Field,"System.Diagnostics.Tracing.EventKeywords System.Diagnostics.Tracing.EventKeywords.AuditSuccess"
Browse,Field,"System.Diagnostics.Tracing.EventKeywords System.Diagnostics.Tracing.EventKeywords.CorrelationHint"
Browse,Field,"System.Diagnostics.Tracing.EventKeywords System.Diagnostics.Tracing.EventKeywords.EventLogClassic"
Browse,Field,"System.Int32 System.Diagnostics.Tracing.EventOpcode.value__"
Browse,Field,"System.Diagnostics.Tracing.EventOpcode System.Diagnostics.Tracing.EventOpcode.Info"
Browse,Field,"System.Diagnostics.Tracing.EventOpcode System.Diagnostics.Tracing.EventOpcode.Start"
Browse,Field,"System.Diagnostics.Tracing.EventOpcode System.Diagnostics.Tracing.EventOpcode.Stop"
Browse,Field,"System.Diagnostics.Tracing.EventOpcode System.Diagnostics.Tracing.EventOpcode.DataCollectionStart"
Browse,Field,"System.Diagnostics.Tracing.EventOpcode System.Diagnostics.Tracing.EventOpcode.DataCollectionStop"
Browse,Field,"System.Diagnostics.Tracing.EventOpcode System.Diagnostics.Tracing.EventOpcode.Extension"
Browse,Field,"System.Diagnostics.Tracing.EventOpcode System.Diagnostics.Tracing.EventOpcode.Reply"
Browse,Field,"System.Diagnostics.Tracing.EventOpcode System.Diagnostics.Tracing.EventOpcode.Resume"
Browse,Field,"System.Diagnostics.Tracing.EventOpcode System.Diagnostics.Tracing.EventOpcode.Suspend"
Browse,Field,"System.Diagnostics.Tracing.EventOpcode System.Diagnostics.Tracing.EventOpcode.Send"
Browse,Field,"System.Diagnostics.Tracing.EventOpcode System.Diagnostics.Tracing.EventOpcode.Receive"
Browse,Field,"System.Int32 System.Diagnostics.Tracing.EventTask.value__"
Browse,Field,"System.Diagnostics.Tracing.EventTask System.Diagnostics.Tracing.EventTask.None"
Browse,Field,"System.Int32 System.Diagnostics.Tracing.EventTags.value__"
Browse,Field,"System.Diagnostics.Tracing.EventTags System.Diagnostics.Tracing.EventTags.None"
Browse,Field,"System.Int32 System.Diagnostics.Tracing.EventActivityOptions.value__"
Browse,Field,"System.Diagnostics.Tracing.EventActivityOptions System.Diagnostics.Tracing.EventActivityOptions.None"
Browse,Field,"System.Diagnostics.Tracing.EventActivityOptions System.Diagnostics.Tracing.EventActivityOptions.Disable"
Browse,Field,"System.Diagnostics.Tracing.EventActivityOptions System.Diagnostics.Tracing.EventActivityOptions.Recursive"
Browse,Field,"System.Diagnostics.Tracing.EventActivityOptions System.Diagnostics.Tracing.EventActivityOptions.Detachable"
Browse,Field,"System.Byte System.Diagnostics.Tracing.EventChannel.value__"
Browse,Field,"System.Diagnostics.Tracing.EventChannel System.Diagnostics.Tracing.EventChannel.None"
Browse,Field,"System.Diagnostics.Tracing.EventChannel System.Diagnostics.Tracing.EventChannel.Admin"
Browse,Field,"System.Diagnostics.Tracing.EventChannel System.Diagnostics.Tracing.EventChannel.Operational"
Browse,Field,"System.Diagnostics.Tracing.EventChannel System.Diagnostics.Tracing.EventChannel.Analytic"
Browse,Field,"System.Diagnostics.Tracing.EventChannel System.Diagnostics.Tracing.EventChannel.Debug"
Browse,Field,"System.Int32 System.Diagnostics.Tracing.EventSourceSettings.value__"
Browse,Field,"System.Diagnostics.Tracing.EventSourceSettings System.Diagnostics.Tracing.EventSourceSettings.Default"
Browse,Field,"System.Diagnostics.Tracing.EventSourceSettings System.Diagnostics.Tracing.EventSourceSettings.ThrowOnEventWriteErrors"
Browse,Field,"System.Diagnostics.Tracing.EventSourceSettings System.Diagnostics.Tracing.EventSourceSettings.EtwManifestEventFormat"
Browse,Field,"System.Diagnostics.Tracing.EventSourceSettings System.Diagnostics.Tracing.EventSourceSettings.EtwSelfDescribingEventFormat"
Browse,Field,"System.Int32 System.Diagnostics.Tracing.EventManifestOptions.value__"
Browse,Field,"System.Diagnostics.Tracing.EventManifestOptions System.Diagnostics.Tracing.EventManifestOptions.None"
Browse,Field,"System.Diagnostics.Tracing.EventManifestOptions System.Diagnostics.Tracing.EventManifestOptions.Strict"
Browse,Field,"System.Diagnostics.Tracing.EventManifestOptions System.Diagnostics.Tracing.EventManifestOptions.AllCultures"
Browse,Field,"System.Diagnostics.Tracing.EventManifestOptions System.Diagnostics.Tracing.EventManifestOptions.OnlyIfNeededForRegistration"
Browse,Field,"System.Diagnostics.Tracing.EventManifestOptions System.Diagnostics.Tracing.EventManifestOptions.AllowEventSourceOverride"
Browse,Field,"System.Int32 System.Diagnostics.Tracing.EventCommand.value__"
Browse,Field,"System.Diagnostics.Tracing.EventCommand System.Diagnostics.Tracing.EventCommand.Update"
Browse,Field,"System.Diagnostics.Tracing.EventCommand System.Diagnostics.Tracing.EventCommand.SendManifest"
Browse,Field,"System.Diagnostics.Tracing.EventCommand System.Diagnostics.Tracing.EventCommand.Enable"
Browse,Field,"System.Diagnostics.Tracing.EventCommand System.Diagnostics.Tracing.EventCommand.Disable"
Browse,Field,"System.Int32 System.Reflection.MethodAttributes.value__"
Browse,Field,"System.Reflection.MethodAttributes System.Reflection.MethodAttributes.MemberAccessMask"
Browse,Field,"System.Reflection.MethodAttributes System.Reflection.MethodAttributes.PrivateScope"
Browse,Field,"System.Reflection.MethodAttributes System.Reflection.MethodAttributes.Private"
Browse,Field,"System.Reflection.MethodAttributes System.Reflection.MethodAttributes.FamANDAssem"
Browse,Field,"System.Reflection.MethodAttributes System.Reflection.MethodAttributes.Assembly"
Browse,Field,"System.Reflection.MethodAttributes System.Reflection.MethodAttributes.Family"
Browse,Field,"System.Reflection.MethodAttributes System.Reflection.MethodAttributes.FamORAssem"
Browse,Field,"System.Reflection.MethodAttributes System.Reflection.MethodAttributes.Public"
Browse,Field,"System.Reflection.MethodAttributes System.Reflection.MethodAttributes.Static"
Browse,Field,"System.Reflection.MethodAttributes System.Reflection.MethodAttributes.Final"
Browse,Field,"System.Reflection.MethodAttributes System.Reflection.MethodAttributes.Virtual"
Browse,Field,"System.Reflection.MethodAttributes System.Reflection.MethodAttributes.HideBySig"
Browse,Field,"System.Reflection.MethodAttributes System.Reflection.MethodAttributes.CheckAccessOnOverride"
Browse,Field,"System.Reflection.MethodAttributes System.Reflection.MethodAttributes.VtableLayoutMask"
Browse,Field,"System.Reflection.MethodAttributes System.Reflection.MethodAttributes.ReuseSlot"
Browse,Field,"System.Reflection.MethodAttributes System.Reflection.MethodAttributes.NewSlot"
Browse,Field,"System.Reflection.MethodAttributes System.Reflection.MethodAttributes.Abstract"
Browse,Field,"System.Reflection.MethodAttributes System.Reflection.MethodAttributes.SpecialName"
Browse,Field,"System.Reflection.MethodAttributes System.Reflection.MethodAttributes.PinvokeImpl"
Browse,Field,"System.Reflection.MethodAttributes System.Reflection.MethodAttributes.UnmanagedExport"
Browse,Field,"System.Reflection.MethodAttributes System.Reflection.MethodAttributes.RTSpecialName"
Browse,Field,"System.Reflection.MethodAttributes System.Reflection.MethodAttributes.HasSecurity"
Browse,Field,"System.Reflection.MethodAttributes System.Reflection.MethodAttributes.RequireSecObject"
Browse,Field,"System.Int32 System.Reflection.CallingConventions.value__"
Browse,Field,"System.Reflection.CallingConventions System.Reflection.CallingConventions.Standard"
Browse,Field,"System.Reflection.CallingConventions System.Reflection.CallingConventions.VarArgs"
Browse,Field,"System.Reflection.CallingConventions System.Reflection.CallingConventions.Any"
Browse,Field,"System.Reflection.CallingConventions System.Reflection.CallingConventions.HasThis"
Browse,Field,"System.Reflection.CallingConventions System.Reflection.CallingConventions.ExplicitThis"
Browse,Field,"System.Int32 System.Reflection.MethodImplAttributes.value__"
Browse,Field,"System.Reflection.MethodImplAttributes System.Reflection.MethodImplAttributes.CodeTypeMask"
Browse,Field,"System.Reflection.MethodImplAttributes System.Reflection.MethodImplAttributes.IL"
Browse,Field,"System.Reflection.MethodImplAttributes System.Reflection.MethodImplAttributes.Native"
Browse,Field,"System.Reflection.MethodImplAttributes System.Reflection.MethodImplAttributes.OPTIL"
Browse,Field,"System.Reflection.MethodImplAttributes System.Reflection.MethodImplAttributes.Runtime"
Browse,Field,"System.Reflection.MethodImplAttributes System.Reflection.MethodImplAttributes.ManagedMask"
Browse,Field,"System.Reflection.MethodImplAttributes System.Reflection.MethodImplAttributes.Unmanaged"
Browse,Field,"System.Reflection.MethodImplAttributes System.Reflection.MethodImplAttributes.Managed"
Browse,Field,"System.Reflection.MethodImplAttributes System.Reflection.MethodImplAttributes.ForwardRef"
Browse,Field,"System.Reflection.MethodImplAttributes System.Reflection.MethodImplAttributes.PreserveSig"
Browse,Field,"System.Reflection.MethodImplAttributes System.Reflection.MethodImplAttributes.InternalCall"
Browse,Field,"System.Reflection.MethodImplAttributes System.Reflection.MethodImplAttributes.Synchronized"
Browse,Field,"System.Reflection.MethodImplAttributes System.Reflection.MethodImplAttributes.NoInlining"
Browse,Field,"System.Reflection.MethodImplAttributes System.Reflection.MethodImplAttributes.AggressiveInlining"
Browse,Field,"System.Reflection.MethodImplAttributes System.Reflection.MethodImplAttributes.NoOptimization"
Browse,Field,"System.Int32 System.Runtime.InteropServices.CustomQueryInterfaceMode.value__"
Browse,Field,"System.Runtime.InteropServices.CustomQueryInterfaceMode System.Runtime.InteropServices.CustomQueryInterfaceMode.Ignore"
Browse,Field,"System.Runtime.InteropServices.CustomQueryInterfaceMode System.Runtime.InteropServices.CustomQueryInterfaceMode.Allow"
Browse,Field,"System.Int32 System.Threading.Tasks.TaskCreationOptions.value__"
Browse,Field,"System.Threading.Tasks.TaskCreationOptions System.Threading.Tasks.TaskCreationOptions.None"
Browse,Field,"System.Threading.Tasks.TaskCreationOptions System.Threading.Tasks.TaskCreationOptions.PreferFairness"
Browse,Field,"System.Threading.Tasks.TaskCreationOptions System.Threading.Tasks.TaskCreationOptions.LongRunning"
Browse,Field,"System.Threading.Tasks.TaskCreationOptions System.Threading.Tasks.TaskCreationOptions.AttachedToParent"
Browse,Field,"System.Threading.Tasks.TaskCreationOptions System.Threading.Tasks.TaskCreationOptions.DenyChildAttach"
Browse,Field,"System.Threading.Tasks.TaskCreationOptions System.Threading.Tasks.TaskCreationOptions.HideScheduler"
Browse,Field,"System.Threading.Tasks.TaskCreationOptions System.Threading.Tasks.TaskCreationOptions.RunContinuationsAsynchronously"
Browse,Field,"System.Int32 System.Threading.Tasks.TaskStatus.value__"
Browse,Field,"System.Threading.Tasks.TaskStatus System.Threading.Tasks.TaskStatus.Created"
Browse,Field,"System.Threading.Tasks.TaskStatus System.Threading.Tasks.TaskStatus.WaitingForActivation"
Browse,Field,"System.Threading.Tasks.TaskStatus System.Threading.Tasks.TaskStatus.WaitingToRun"
Browse,Field,"System.Threading.Tasks.TaskStatus System.Threading.Tasks.TaskStatus.Running"
Browse,Field,"System.Threading.Tasks.TaskStatus System.Threading.Tasks.TaskStatus.WaitingForChildrenToComplete"
Browse,Field,"System.Threading.Tasks.TaskStatus System.Threading.Tasks.TaskStatus.RanToCompletion"
Browse,Field,"System.Threading.Tasks.TaskStatus System.Threading.Tasks.TaskStatus.Canceled"
Browse,Field,"System.Threading.Tasks.TaskStatus System.Threading.Tasks.TaskStatus.Faulted"
Browse,Field,"System.Int32 System.Threading.Tasks.TaskContinuationOptions.value__"
Browse,Field,"System.Threading.Tasks.TaskContinuationOptions System.Threading.Tasks.TaskContinuationOptions.None"
Browse,Field,"System.Threading.Tasks.TaskContinuationOptions System.Threading.Tasks.TaskContinuationOptions.PreferFairness"
Browse,Field,"System.Threading.Tasks.TaskContinuationOptions System.Threading.Tasks.TaskContinuationOptions.LongRunning"
Browse,Field,"System.Threading.Tasks.TaskContinuationOptions System.Threading.Tasks.TaskContinuationOptions.AttachedToParent"
Browse,Field,"System.Threading.Tasks.TaskContinuationOptions System.Threading.Tasks.TaskContinuationOptions.DenyChildAttach"
Browse,Field,"System.Threading.Tasks.TaskContinuationOptions System.Threading.Tasks.TaskContinuationOptions.HideScheduler"
Browse,Field,"System.Threading.Tasks.TaskContinuationOptions System.Threading.Tasks.TaskContinuationOptions.LazyCancellation"
Browse,Field,"System.Threading.Tasks.TaskContinuationOptions System.Threading.Tasks.TaskContinuationOptions.RunContinuationsAsynchronously"
Browse,Field,"System.Threading.Tasks.TaskContinuationOptions System.Threading.Tasks.TaskContinuationOptions.NotOnRanToCompletion"
Browse,Field,"System.Threading.Tasks.TaskContinuationOptions System.Threading.Tasks.TaskContinuationOptions.NotOnFaulted"
Browse,Field,"System.Threading.Tasks.TaskContinuationOptions System.Threading.Tasks.TaskContinuationOptions.NotOnCanceled"
Browse,Field,"System.Threading.Tasks.TaskContinuationOptions System.Threading.Tasks.TaskContinuationOptions.OnlyOnRanToCompletion"
Browse,Field,"System.Threading.Tasks.TaskContinuationOptions System.Threading.Tasks.TaskContinuationOptions.OnlyOnFaulted"
Browse,Field,"System.Threading.Tasks.TaskContinuationOptions System.Threading.Tasks.TaskContinuationOptions.OnlyOnCanceled"
Browse,Field,"System.Threading.Tasks.TaskContinuationOptions System.Threading.Tasks.TaskContinuationOptions.ExecuteSynchronously"
Browse,Field,"Windows.UI.Xaml.ApplicationTheme Windows.UI.Xaml.ApplicationTheme.Light"
Browse,Field,"Windows.UI.Xaml.ApplicationTheme Windows.UI.Xaml.ApplicationTheme.Dark"
Browse,Field,"Windows.UI.Xaml.HorizontalAlignment Windows.UI.Xaml.HorizontalAlignment.Left"
Browse,Field,"Windows.UI.Xaml.HorizontalAlignment Windows.UI.Xaml.HorizontalAlignment.Center"
Browse,Field,"Windows.UI.Xaml.HorizontalAlignment Windows.UI.Xaml.HorizontalAlignment.Right"
Browse,Field,"Windows.UI.Xaml.HorizontalAlignment Windows.UI.Xaml.HorizontalAlignment.Stretch"
Browse,Field,"Windows.UI.Xaml.VerticalAlignment Windows.UI.Xaml.VerticalAlignment.Top"
Browse,Field,"Windows.UI.Xaml.VerticalAlignment Windows.UI.Xaml.VerticalAlignment.Center"
Browse,Field,"Windows.UI.Xaml.VerticalAlignment Windows.UI.Xaml.VerticalAlignment.Bottom"
Browse,Field,"Windows.UI.Xaml.VerticalAlignment Windows.UI.Xaml.VerticalAlignment.Stretch"
Browse,Field,"Windows.UI.Xaml.Visibility Windows.UI.Xaml.Visibility.Visible"
Browse,Field,"Windows.UI.Xaml.Visibility Windows.UI.Xaml.Visibility.Collapsed"
Browse,Field,"Windows.UI.Xaml.TextWrapping Windows.UI.Xaml.TextWrapping.NoWrap"
Browse,Field,"Windows.UI.Xaml.TextWrapping Windows.UI.Xaml.TextWrapping.Wrap"
Browse,Field,"Windows.UI.Xaml.TextWrapping Windows.UI.Xaml.TextWrapping.WrapWholeWords"
Browse,Field,"Windows.UI.Xaml.Controls.ScrollBarVisibility Windows.UI.Xaml.Controls.ScrollBarVisibility.Disabled"
Browse,Field,"Windows.UI.Xaml.Controls.ScrollBarVisibility Windows.UI.Xaml.Controls.ScrollBarVisibility.Auto"
Browse,Field,"Windows.UI.Xaml.Controls.ScrollBarVisibility Windows.UI.Xaml.Controls.ScrollBarVisibility.Hidden"
Browse,Field,"Windows.UI.Xaml.Controls.ScrollBarVisibility Windows.UI.Xaml.Controls.ScrollBarVisibility.Visible"
Browse,Field,"Windows.UI.Xaml.Controls.Orientation Windows.UI.Xaml.Controls.Orientation.Vertical"
Browse,Field,"Windows.UI.Xaml.Controls.Orientation Windows.UI.Xaml.Controls.Orientation.Horizontal"
Browse,Field,"Windows.UI.Xaml.TextTrimming Windows.UI.Xaml.TextTrimming.None"
Browse,Field,"Windows.UI.Xaml.TextTrimming Windows.UI.Xaml.TextTrimming.CharacterEllipsis"
Browse,Field,"Windows.UI.Xaml.TextTrimming Windows.UI.Xaml.TextTrimming.WordEllipsis"
Browse,Field,"Windows.UI.Xaml.TextTrimming Windows.UI.Xaml.TextTrimming.Clip"
Browse,Field,"Windows.UI.Xaml.Controls.ListViewSelectionMode Windows.UI.Xaml.Controls.ListViewSelectionMode.None"
Browse,Field,"Windows.UI.Xaml.Controls.ListViewSelectionMode Windows.UI.Xaml.Controls.ListViewSelectionMode.Single"
Browse,Field,"Windows.UI.Xaml.Controls.ListViewSelectionMode Windows.UI.Xaml.Controls.ListViewSelectionMode.Multiple"
Browse,Field,"Windows.UI.Xaml.Controls.ListViewSelectionMode Windows.UI.Xaml.Controls.ListViewSelectionMode.Extended"
Browse,Field,"Windows.UI.Xaml.Media.Stretch Windows.UI.Xaml.Media.Stretch.None"
Browse,Field,"Windows.UI.Xaml.Media.Stretch Windows.UI.Xaml.Media.Stretch.Fill"
Browse,Field,"Windows.UI.Xaml.Media.Stretch Windows.UI.Xaml.Media.Stretch.Uniform"
Browse,Field,"Windows.UI.Xaml.Media.Stretch Windows.UI.Xaml.Media.Stretch.UniformToFill"
Browse,Field,"Windows.UI.Xaml.Controls.Symbol Windows.UI.Xaml.Controls.Symbol.Previous"
Browse,Field,"Windows.UI.Xaml.Controls.Symbol Windows.UI.Xaml.Controls.Symbol.Next"
Browse,Field,"Windows.UI.Xaml.Controls.Symbol Windows.UI.Xaml.Controls.Symbol.Play"
Browse,Field,"Windows.UI.Xaml.Controls.Symbol Windows.UI.Xaml.Controls.Symbol.Pause"
Browse,Field,"Windows.UI.Xaml.Controls.Symbol Windows.UI.Xaml.Controls.Symbol.Edit"
Browse,Field,"Windows.UI.Xaml.Controls.Symbol Windows.UI.Xaml.Controls.Symbol.Save"
Browse,Field,"Windows.UI.Xaml.Controls.Symbol Windows.UI.Xaml.Controls.Symbol.Clear"
Browse,Field,"Windows.UI.Xaml.Controls.Symbol Windows.UI.Xaml.Controls.Symbol.Delete"
Browse,Field,"Windows.UI.Xaml.Controls.Symbol Windows.UI.Xaml.Controls.Symbol.Remove"
Browse,Field,"Windows.UI.Xaml.Controls.Symbol Windows.UI.Xaml.Controls.Symbol.Add"
Browse,Field,"Windows.UI.Xaml.Controls.Symbol Windows.UI.Xaml.Controls.Symbol.Cancel"
Browse,Field,"Windows.UI.Xaml.Controls.Symbol Windows.UI.Xaml.Controls.Symbol.Accept"
Browse,Field,"Windows.UI.Xaml.Controls.Symbol Windows.UI.Xaml.Controls.Symbol.More"
Browse,Field,"Windows.UI.Xaml.Controls.Symbol Windows.UI.Xaml.Controls.Symbol.Redo"
Browse,Field,"Windows.UI.Xaml.Controls.Symbol Windows.UI.Xaml.Controls.Symbol.Undo"
Browse,Field,"Windows.UI.Xaml.Controls.Symbol Windows.UI.Xaml.Controls.Symbol.Home"
Browse,Field,"Windows.UI.Xaml.Controls.Symbol Windows.UI.Xaml.Controls.Symbol.Up"
Browse,Field,"Windows.UI.Xaml.Controls.Symbol Windows.UI.Xaml.Controls.Symbol.Forward"
Browse,Field,"Windows.UI.Xaml.Controls.Symbol Windows.UI.Xaml.Controls.Symbol.Back"
Browse,Field,"Windows.UI.Xaml.Controls.Symbol Windows.UI.Xaml.Controls.Symbol.Favorite"
Browse,Field,"Windows.UI.Xaml.Controls.Symbol Windows.UI.Xaml.Controls.Symbol.Camera"
Browse,Field,"Windows.UI.Xaml.Controls.Symbol Windows.UI.Xaml.Controls.Symbol.Setting"
Browse,Field,"Windows.UI.Xaml.Controls.Symbol Windows.UI.Xaml.Controls.Symbol.Video"
Browse,Field,"Windows.UI.Xaml.Controls.Symbol Windows.UI.Xaml.Controls.Symbol.Sync"
Browse,Field,"Windows.UI.Xaml.Controls.Symbol Windows.UI.Xaml.Controls.Symbol.Download"
Browse,Field,"Windows.UI.Xaml.Controls.Symbol Windows.UI.Xaml.Controls.Symbol.Mail"
Browse,Field,"Windows.UI.Xaml.Controls.Symbol Windows.UI.Xaml.Controls.Symbol.Find"
Browse,Field,"Windows.UI.Xaml.Controls.Symbol Windows.UI.Xaml.Controls.Symbol.Help"
Browse,Field,"Windows.UI.Xaml.Controls.Symbol Windows.UI.Xaml.Controls.Symbol.Upload"
Browse,Field,"Windows.UI.Xaml.Controls.Symbol Windows.UI.Xaml.Controls.Symbol.Emoji"
Browse,Field,"Windows.UI.Xaml.Controls.Symbol Windows.UI.Xaml.Controls.Symbol.TwoPage"
Browse,Field,"Windows.UI.Xaml.Controls.Symbol Windows.UI.Xaml.Controls.Symbol.LeaveChat"
Browse,Field,"Windows.UI.Xaml.Controls.Symbol Windows.UI.Xaml.Controls.Symbol.MailForward"
Browse,Field,"Windows.UI.Xaml.Controls.Symbol Windows.UI.Xaml.Controls.Symbol.Clock"
Browse,Field,"Windows.UI.Xaml.Controls.Symbol Windows.UI.Xaml.Controls.Symbol.Send"
Browse,Field,"Windows.UI.Xaml.Controls.Symbol Windows.UI.Xaml.Controls.Symbol.Crop"
Browse,Field,"Windows.UI.Xaml.Controls.Symbol Windows.UI.Xaml.Controls.Symbol.RotateCamera"
Browse,Field,"Windows.UI.Xaml.Controls.Symbol Windows.UI.Xaml.Controls.Symbol.People"
Browse,Field,"Windows.UI.Xaml.Controls.Symbol Windows.UI.Xaml.Controls.Symbol.OpenPane"
Browse,Field,"Windows.UI.Xaml.Controls.Symbol Windows.UI.Xaml.Controls.Symbol.ClosePane"
Browse,Field,"Windows.UI.Xaml.Controls.Symbol Windows.UI.Xaml.Controls.Symbol.World"
Browse,Field,"Windows.UI.Xaml.Controls.Symbol Windows.UI.Xaml.Controls.Symbol.Flag"
Browse,Field,"Windows.UI.Xaml.Controls.Symbol Windows.UI.Xaml.Controls.Symbol.PreviewLink"
Browse,Field,"Windows.UI.Xaml.Controls.Symbol Windows.UI.Xaml.Controls.Symbol.Globe"
Browse,Field,"Windows.UI.Xaml.Controls.Symbol Windows.UI.Xaml.Controls.Symbol.Trim"
Browse,Field,"Windows.UI.Xaml.Controls.Symbol Windows.UI.Xaml.Controls.Symbol.AttachCamera"
Browse,Field,"Windows.UI.Xaml.Controls.Symbol Windows.UI.Xaml.Controls.Symbol.ZoomIn"
Browse,Field,"Windows.UI.Xaml.Controls.Symbol Windows.UI.Xaml.Controls.Symbol.Bookmarks"
Browse,Field,"Windows.UI.Xaml.Controls.Symbol Windows.UI.Xaml.Controls.Symbol.Document"
Browse,Field,"Windows.UI.Xaml.Controls.Symbol Windows.UI.Xaml.Controls.Symbol.ProtectedDocument"
Browse,Field,"Windows.UI.Xaml.Controls.Symbol Windows.UI.Xaml.Controls.Symbol.Page"
Browse,Field,"Windows.UI.Xaml.Controls.Symbol Windows.UI.Xaml.Controls.Symbol.Bullets"
Browse,Field,"Windows.UI.Xaml.Controls.Symbol Windows.UI.Xaml.Controls.Symbol.Comment"
Browse,Field,"Windows.UI.Xaml.Controls.Symbol Windows.UI.Xaml.Controls.Symbol.MailFilled"
Browse,Field,"Windows.UI.Xaml.Controls.Symbol Windows.UI.Xaml.Controls.Symbol.ContactInfo"
Browse,Field,"Windows.UI.Xaml.Controls.Symbol Windows.UI.Xaml.Controls.Symbol.HangUp"
Browse,Field,"Windows.UI.Xaml.Controls.Symbol Windows.UI.Xaml.Controls.Symbol.ViewAll"
Browse,Field,"Windows.UI.Xaml.Controls.Symbol Windows.UI.Xaml.Controls.Symbol.MapPin"
Browse,Field,"Windows.UI.Xaml.Controls.Symbol Windows.UI.Xaml.Controls.Symbol.Phone"
Browse,Field,"Windows.UI.Xaml.Controls.Symbol Windows.UI.Xaml.Controls.Symbol.VideoChat"
Browse,Field,"Windows.UI.Xaml.Controls.Symbol Windows.UI.Xaml.Controls.Symbol.Switch"
Browse,Field,"Windows.UI.Xaml.Controls.Symbol Windows.UI.Xaml.Controls.Symbol.Contact"
Browse,Field,"Windows.UI.Xaml.Controls.Symbol Windows.UI.Xaml.Controls.Symbol.Rename"
Browse,Field,"Windows.UI.Xaml.Controls.Symbol Windows.UI.Xaml.Controls.Symbol.Pin"
Browse,Field,"Windows.UI.Xaml.Controls.Symbol Windows.UI.Xaml.Controls.Symbol.MusicInfo"
Browse,Field,"Windows.UI.Xaml.Controls.Symbol Windows.UI.Xaml.Controls.Symbol.Go"
Browse,Field,"Windows.UI.Xaml.Controls.Symbol Windows.UI.Xaml.Controls.Symbol.Keyboard"
Browse,Field,"Windows.UI.Xaml.Controls.Symbol Windows.UI.Xaml.Controls.Symbol.DockLeft"
Browse,Field,"Windows.UI.Xaml.Controls.Symbol Windows.UI.Xaml.Controls.Symbol.DockRight"
Browse,Field,"Windows.UI.Xaml.Controls.Symbol Windows.UI.Xaml.Controls.Symbol.DockBottom"
Browse,Field,"Windows.UI.Xaml.Controls.Symbol Windows.UI.Xaml.Controls.Symbol.Remote"
Browse,Field,"Windows.UI.Xaml.Controls.Symbol Windows.UI.Xaml.Controls.Symbol.Refresh"
Browse,Field,"Windows.UI.Xaml.Controls.Symbol Windows.UI.Xaml.Controls.Symbol.Rotate"
Browse,Field,"Windows.UI.Xaml.Controls.Symbol Windows.UI.Xaml.Controls.Symbol.Shuffle"
Browse,Field,"Windows.UI.Xaml.Controls.Symbol Windows.UI.Xaml.Controls.Symbol.List"
Browse,Field,"Windows.UI.Xaml.Controls.Symbol Windows.UI.Xaml.Controls.Symbol.Shop"
Browse,Field,"Windows.UI.Xaml.Controls.Symbol Windows.UI.Xaml.Controls.Symbol.SelectAll"
Browse,Field,"Windows.UI.Xaml.Controls.Symbol Windows.UI.Xaml.Controls.Symbol.Orientation"
Browse,Field,"Windows.UI.Xaml.Controls.Symbol Windows.UI.Xaml.Controls.Symbol.Import"
Browse,Field,"Windows.UI.Xaml.Controls.Symbol Windows.UI.Xaml.Controls.Symbol.ImportAll"
Browse,Field,"Windows.UI.Xaml.Controls.Symbol Windows.UI.Xaml.Controls.Symbol.BrowsePhotos"
Browse,Field,"Windows.UI.Xaml.Controls.Symbol Windows.UI.Xaml.Controls.Symbol.WebCam"
Browse,Field,"Windows.UI.Xaml.Controls.Symbol Windows.UI.Xaml.Controls.Symbol.Pictures"
Browse,Field,"Windows.UI.Xaml.Controls.Symbol Windows.UI.Xaml.Controls.Symbol.SaveLocal"
Browse,Field,"Windows.UI.Xaml.Controls.Symbol Windows.UI.Xaml.Controls.Symbol.Caption"
Browse,Field,"Windows.UI.Xaml.Controls.Symbol Windows.UI.Xaml.Controls.Symbol.Stop"
Browse,Field,"Windows.UI.Xaml.Controls.Symbol Windows.UI.Xaml.Controls.Symbol.ShowResults"
Browse,Field,"Windows.UI.Xaml.Controls.Symbol Windows.UI.Xaml.Controls.Symbol.Volume"
Browse,Field,"Windows.UI.Xaml.Controls.Symbol Windows.UI.Xaml.Controls.Symbol.Repair"
Browse,Field,"Windows.UI.Xaml.Controls.Symbol Windows.UI.Xaml.Controls.Symbol.Message"
Browse,Field,"Windows.UI.Xaml.Controls.Symbol Windows.UI.Xaml.Controls.Symbol.Page2"
Browse,Field,"Windows.UI.Xaml.Controls.Symbol Windows.UI.Xaml.Controls.Symbol.CalendarDay"
Browse,Field,"Windows.UI.Xaml.Controls.Symbol Windows.UI.Xaml.Controls.Symbol.CalendarWeek"
Browse,Field,"Windows.UI.Xaml.Controls.Symbol Windows.UI.Xaml.Controls.Symbol.Calendar"
Browse,Field,"Windows.UI.Xaml.Controls.Symbol Windows.UI.Xaml.Controls.Symbol.Character"
Browse,Field,"Windows.UI.Xaml.Controls.Symbol Windows.UI.Xaml.Controls.Symbol.MailReplyAll"
Browse,Field,"Windows.UI.Xaml.Controls.Symbol Windows.UI.Xaml.Controls.Symbol.Read"
Browse,Field,"Windows.UI.Xaml.Controls.Symbol Windows.UI.Xaml.Controls.Symbol.Link"
Browse,Field,"Windows.UI.Xaml.Controls.Symbol Windows.UI.Xaml.Controls.Symbol.Account"
Browse,Field,"Windows.UI.Xaml.Controls.Symbol Windows.UI.Xaml.Controls.Symbol.ShowBcc"
Browse,Field,"Windows.UI.Xaml.Controls.Symbol Windows.UI.Xaml.Controls.Symbol.HideBcc"
Browse,Field,"Windows.UI.Xaml.Controls.Symbol Windows.UI.Xaml.Controls.Symbol.Cut"
Browse,Field,"Windows.UI.Xaml.Controls.Symbol Windows.UI.Xaml.Controls.Symbol.Attach"
Browse,Field,"Windows.UI.Xaml.Controls.Symbol Windows.UI.Xaml.Controls.Symbol.Paste"
Browse,Field,"Windows.UI.Xaml.Controls.Symbol Windows.UI.Xaml.Controls.Symbol.Filter"
Browse,Field,"Windows.UI.Xaml.Controls.Symbol Windows.UI.Xaml.Controls.Symbol.Copy"
Browse,Field,"Windows.UI.Xaml.Controls.Symbol Windows.UI.Xaml.Controls.Symbol.Emoji2"
Browse,Field,"Windows.UI.Xaml.Controls.Symbol Windows.UI.Xaml.Controls.Symbol.Important"
Browse,Field,"Windows.UI.Xaml.Controls.Symbol Windows.UI.Xaml.Controls.Symbol.MailReply"
Browse,Field,"Windows.UI.Xaml.Controls.Symbol Windows.UI.Xaml.Controls.Symbol.SlideShow"
Browse,Field,"Windows.UI.Xaml.Controls.Symbol Windows.UI.Xaml.Controls.Symbol.Sort"
Browse,Field,"Windows.UI.Xaml.Controls.Symbol Windows.UI.Xaml.Controls.Symbol.Manage"
Browse,Field,"Windows.UI.Xaml.Controls.Symbol Windows.UI.Xaml.Controls.Symbol.AllApps"
Browse,Field,"Windows.UI.Xaml.Controls.Symbol Windows.UI.Xaml.Controls.Symbol.DisconnectDrive"
Browse,Field,"Windows.UI.Xaml.Controls.Symbol Windows.UI.Xaml.Controls.Symbol.MapDrive"
Browse,Field,"Windows.UI.Xaml.Controls.Symbol Windows.UI.Xaml.Controls.Symbol.NewWindow"
Browse,Field,"Windows.UI.Xaml.Controls.Symbol Windows.UI.Xaml.Controls.Symbol.OpenWith"
Browse,Field,"Windows.UI.Xaml.Controls.Symbol Windows.UI.Xaml.Controls.Symbol.ContactPresence"
Browse,Field,"Windows.UI.Xaml.Controls.Symbol Windows.UI.Xaml.Controls.Symbol.Priority"
Browse,Field,"Windows.UI.Xaml.Controls.Symbol Windows.UI.Xaml.Controls.Symbol.GoToToday"
Browse,Field,"Windows.UI.Xaml.Controls.Symbol Windows.UI.Xaml.Controls.Symbol.Font"
Browse,Field,"Windows.UI.Xaml.Controls.Symbol Windows.UI.Xaml.Controls.Symbol.FontColor"
Browse,Field,"Windows.UI.Xaml.Controls.Symbol Windows.UI.Xaml.Controls.Symbol.Contact2"
Browse,Field,"Windows.UI.Xaml.Controls.Symbol Windows.UI.Xaml.Controls.Symbol.Folder"
Browse,Field,"Windows.UI.Xaml.Controls.Symbol Windows.UI.Xaml.Controls.Symbol.Audio"
Browse,Field,"Windows.UI.Xaml.Controls.Symbol Windows.UI.Xaml.Controls.Symbol.Placeholder"
Browse,Field,"Windows.UI.Xaml.Controls.Symbol Windows.UI.Xaml.Controls.Symbol.View"
Browse,Field,"Windows.UI.Xaml.Controls.Symbol Windows.UI.Xaml.Controls.Symbol.SetLockScreen"
Browse,Field,"Windows.UI.Xaml.Controls.Symbol Windows.UI.Xaml.Controls.Symbol.SetTile"
Browse,Field,"Windows.UI.Xaml.Controls.Symbol Windows.UI.Xaml.Controls.Symbol.ClosedCaption"
Browse,Field,"Windows.UI.Xaml.Controls.Symbol Windows.UI.Xaml.Controls.Symbol.StopSlideShow"
Browse,Field,"Windows.UI.Xaml.Controls.Symbol Windows.UI.Xaml.Controls.Symbol.Permissions"
Browse,Field,"Windows.UI.Xaml.Controls.Symbol Windows.UI.Xaml.Controls.Symbol.Highlight"
Browse,Field,"Windows.UI.Xaml.Controls.Symbol Windows.UI.Xaml.Controls.Symbol.DisableUpdates"
Browse,Field,"Windows.UI.Xaml.Controls.Symbol Windows.UI.Xaml.Controls.Symbol.UnFavorite"
Browse,Field,"Windows.UI.Xaml.Controls.Symbol Windows.UI.Xaml.Controls.Symbol.UnPin"
Browse,Field,"Windows.UI.Xaml.Controls.Symbol Windows.UI.Xaml.Controls.Symbol.OpenLocal"
Browse,Field,"Windows.UI.Xaml.Controls.Symbol Windows.UI.Xaml.Controls.Symbol.Mute"
Browse,Field,"Windows.UI.Xaml.Controls.Symbol Windows.UI.Xaml.Controls.Symbol.Italic"
Browse,Field,"Windows.UI.Xaml.Controls.Symbol Windows.UI.Xaml.Controls.Symbol.Underline"
Browse,Field,"Windows.UI.Xaml.Controls.Symbol Windows.UI.Xaml.Controls.Symbol.Bold"
Browse,Field,"Windows.UI.Xaml.Controls.Symbol Windows.UI.Xaml.Controls.Symbol.MoveToFolder"
Browse,Field,"Windows.UI.Xaml.Controls.Symbol Windows.UI.Xaml.Controls.Symbol.LikeDislike"
Browse,Field,"Windows.UI.Xaml.Controls.Symbol Windows.UI.Xaml.Controls.Symbol.Dislike"
Browse,Field,"Windows.UI.Xaml.Controls.Symbol Windows.UI.Xaml.Controls.Symbol.Like"
Browse,Field,"Windows.UI.Xaml.Controls.Symbol Windows.UI.Xaml.Controls.Symbol.AlignRight"
Browse,Field,"Windows.UI.Xaml.Controls.Symbol Windows.UI.Xaml.Controls.Symbol.AlignCenter"
Browse,Field,"Windows.UI.Xaml.Controls.Symbol Windows.UI.Xaml.Controls.Symbol.AlignLeft"
Browse,Field,"Windows.UI.Xaml.Controls.Symbol Windows.UI.Xaml.Controls.Symbol.Zoom"
Browse,Field,"Windows.UI.Xaml.Controls.Symbol Windows.UI.Xaml.Controls.Symbol.ZoomOut"
Browse,Field,"Windows.UI.Xaml.Controls.Symbol Windows.UI.Xaml.Controls.Symbol.OpenFile"
Browse,Field,"Windows.UI.Xaml.Controls.Symbol Windows.UI.Xaml.Controls.Symbol.OtherUser"
Browse,Field,"Windows.UI.Xaml.Controls.Symbol Windows.UI.Xaml.Controls.Symbol.Admin"
Browse,Field,"Windows.UI.Xaml.Controls.Symbol Windows.UI.Xaml.Controls.Symbol.Street"
Browse,Field,"Windows.UI.Xaml.Controls.Symbol Windows.UI.Xaml.Controls.Symbol.Map"
Browse,Field,"Windows.UI.Xaml.Controls.Symbol Windows.UI.Xaml.Controls.Symbol.ClearSelection"
Browse,Field,"Windows.UI.Xaml.Controls.Symbol Windows.UI.Xaml.Controls.Symbol.FontDecrease"
Browse,Field,"Windows.UI.Xaml.Controls.Symbol Windows.UI.Xaml.Controls.Symbol.FontIncrease"
Browse,Field,"Windows.UI.Xaml.Controls.Symbol Windows.UI.Xaml.Controls.Symbol.FontSize"
Browse,Field,"Windows.UI.Xaml.Controls.Symbol Windows.UI.Xaml.Controls.Symbol.CellPhone"
Browse,Field,"Windows.UI.Xaml.Controls.Symbol Windows.UI.Xaml.Controls.Symbol.ReShare"
Browse,Field,"Windows.UI.Xaml.Controls.Symbol Windows.UI.Xaml.Controls.Symbol.Tag"
Browse,Field,"Windows.UI.Xaml.Controls.Symbol Windows.UI.Xaml.Controls.Symbol.RepeatOne"
Browse,Field,"Windows.UI.Xaml.Controls.Symbol Windows.UI.Xaml.Controls.Symbol.RepeatAll"
Browse,Field,"Windows.UI.Xaml.Controls.Symbol Windows.UI.Xaml.Controls.Symbol.OutlineStar"
Browse,Field,"Windows.UI.Xaml.Controls.Symbol Windows.UI.Xaml.Controls.Symbol.SolidStar"
Browse,Field,"Windows.UI.Xaml.Controls.Symbol Windows.UI.Xaml.Controls.Symbol.Calculator"
Browse,Field,"Windows.UI.Xaml.Controls.Symbol Windows.UI.Xaml.Controls.Symbol.Directions"
Browse,Field,"Windows.UI.Xaml.Controls.Symbol Windows.UI.Xaml.Controls.Symbol.Target"
Browse,Field,"Windows.UI.Xaml.Controls.Symbol Windows.UI.Xaml.Controls.Symbol.Library"
Browse,Field,"Windows.UI.Xaml.Controls.Symbol Windows.UI.Xaml.Controls.Symbol.PhoneBook"
Browse,Field,"Windows.UI.Xaml.Controls.Symbol Windows.UI.Xaml.Controls.Symbol.Memo"
Browse,Field,"Windows.UI.Xaml.Controls.Symbol Windows.UI.Xaml.Controls.Symbol.Microphone"
Browse,Field,"Windows.UI.Xaml.Controls.Symbol Windows.UI.Xaml.Controls.Symbol.PostUpdate"
Browse,Field,"Windows.UI.Xaml.Controls.Symbol Windows.UI.Xaml.Controls.Symbol.BackToWindow"
Browse,Field,"Windows.UI.Xaml.Controls.Symbol Windows.UI.Xaml.Controls.Symbol.FullScreen"
Browse,Field,"Windows.UI.Xaml.Controls.Symbol Windows.UI.Xaml.Controls.Symbol.NewFolder"
Browse,Field,"Windows.UI.Xaml.Controls.Symbol Windows.UI.Xaml.Controls.Symbol.CalendarReply"
Browse,Field,"Windows.UI.Xaml.Controls.Symbol Windows.UI.Xaml.Controls.Symbol.UnSyncFolder"
Browse,Field,"Windows.UI.Xaml.Controls.Symbol Windows.UI.Xaml.Controls.Symbol.ReportHacked"
Browse,Field,"Windows.UI.Xaml.Controls.Symbol Windows.UI.Xaml.Controls.Symbol.SyncFolder"
Browse,Field,"Windows.UI.Xaml.Controls.Symbol Windows.UI.Xaml.Controls.Symbol.BlockContact"
Browse,Field,"Windows.UI.Xaml.Controls.Symbol Windows.UI.Xaml.Controls.Symbol.SwitchApps"
Browse,Field,"Windows.UI.Xaml.Controls.Symbol Windows.UI.Xaml.Controls.Symbol.AddFriend"
Browse,Field,"Windows.UI.Xaml.Controls.Symbol Windows.UI.Xaml.Controls.Symbol.TouchPointer"
Browse,Field,"Windows.UI.Xaml.Controls.Symbol Windows.UI.Xaml.Controls.Symbol.GoToStart"
Browse,Field,"Windows.UI.Xaml.Controls.Symbol Windows.UI.Xaml.Controls.Symbol.ZeroBars"
Browse,Field,"Windows.UI.Xaml.Controls.Symbol Windows.UI.Xaml.Controls.Symbol.OneBar"
Browse,Field,"Windows.UI.Xaml.Controls.Symbol Windows.UI.Xaml.Controls.Symbol.TwoBars"
Browse,Field,"Windows.UI.Xaml.Controls.Symbol Windows.UI.Xaml.Controls.Symbol.ThreeBars"
Browse,Field,"Windows.UI.Xaml.Controls.Symbol Windows.UI.Xaml.Controls.Symbol.FourBars"
Browse,Field,"Windows.UI.Xaml.Controls.Symbol Windows.UI.Xaml.Controls.Symbol.Scan"
Browse,Field,"Windows.UI.Xaml.Controls.Symbol Windows.UI.Xaml.Controls.Symbol.Preview"
Browse,Field,"Windows.UI.Xaml.Controls.Symbol Windows.UI.Xaml.Controls.Symbol.GlobalNavigationButton"
Browse,Field,"Windows.UI.Xaml.Controls.Symbol Windows.UI.Xaml.Controls.Symbol.Share"
Browse,Field,"Windows.UI.Xaml.Controls.Symbol Windows.UI.Xaml.Controls.Symbol.Print"
Browse,Field,"Windows.UI.Xaml.Controls.Symbol Windows.UI.Xaml.Controls.Symbol.XboxOneConsole"
Browse,Field,"System.Int32 System.Runtime.InteropServices.CallingConvention.value__"
Browse,Field,"System.Runtime.InteropServices.CallingConvention System.Runtime.InteropServices.CallingConvention.Winapi"
Browse,Field,"System.Runtime.InteropServices.CallingConvention System.Runtime.InteropServices.CallingConvention.Cdecl"
Browse,Field,"System.Runtime.InteropServices.CallingConvention System.Runtime.InteropServices.CallingConvention.StdCall"
Browse,Field,"System.Runtime.InteropServices.CallingConvention System.Runtime.InteropServices.CallingConvention.ThisCall"
Browse,Field,"System.Int32 System.Runtime.GCLatencyMode.value__"
Browse,Field,"System.Runtime.GCLatencyMode System.Runtime.GCLatencyMode.Batch"
Browse,Field,"System.Runtime.GCLatencyMode System.Runtime.GCLatencyMode.Interactive"
Browse,Field,"System.Runtime.GCLatencyMode System.Runtime.GCLatencyMode.LowLatency"
Browse,Field,"System.Runtime.GCLatencyMode System.Runtime.GCLatencyMode.SustainedLowLatency"
Browse,Field,"System.Int32 System.Runtime.InteropServices.GCHandleType.value__"
Browse,Field,"System.Runtime.InteropServices.GCHandleType System.Runtime.InteropServices.GCHandleType.Weak"
Browse,Field,"System.Runtime.InteropServices.GCHandleType System.Runtime.InteropServices.GCHandleType.WeakTrackResurrection"
Browse,Field,"System.Runtime.InteropServices.GCHandleType System.Runtime.InteropServices.GCHandleType.Normal"
Browse,Field,"System.Runtime.InteropServices.GCHandleType System.Runtime.InteropServices.GCHandleType.Pinned"
Browse,Field,"Windows.Foundation.Metadata.MarshalingType Windows.Foundation.Metadata.MarshalingType.None"
Browse,Field,"Windows.Foundation.Metadata.MarshalingType Windows.Foundation.Metadata.MarshalingType.Agile"
Browse,Field,"Windows.Foundation.Metadata.MarshalingType Windows.Foundation.Metadata.MarshalingType.Standard"
Browse,Field,"Windows.Foundation.Metadata.MarshalingType Windows.Foundation.Metadata.MarshalingType.InvalidMarshaling"
Browse,Field,"Windows.Foundation.Metadata.ThreadingModel Windows.Foundation.Metadata.ThreadingModel.STA"
Browse,Field,"Windows.Foundation.Metadata.ThreadingModel Windows.Foundation.Metadata.ThreadingModel.MTA"
Browse,Field,"Windows.Foundation.Metadata.ThreadingModel Windows.Foundation.Metadata.ThreadingModel.Both"
Browse,Field,"Windows.Foundation.Metadata.ThreadingModel Windows.Foundation.Metadata.ThreadingModel.InvalidThreading"
Browse,Field,"System.Int32 System.ComponentModel.EditorBrowsableState.value__"
Browse,Field,"System.ComponentModel.EditorBrowsableState System.ComponentModel.EditorBrowsableState.Always"
Browse,Field,"System.ComponentModel.EditorBrowsableState System.ComponentModel.EditorBrowsableState.Never"
Browse,Field,"System.ComponentModel.EditorBrowsableState System.ComponentModel.EditorBrowsableState.Advanced"
Browse,Field,"System.Int32 System.Runtime.InteropServices.ComInterfaceType.value__"
Browse,Field,"System.Runtime.InteropServices.ComInterfaceType System.Runtime.InteropServices.ComInterfaceType.InterfaceIsDual"
Browse,Field,"System.Runtime.InteropServices.ComInterfaceType System.Runtime.InteropServices.ComInterfaceType.InterfaceIsIUnknown"
Browse,Field,"System.Runtime.InteropServices.ComInterfaceType System.Runtime.InteropServices.ComInterfaceType.InterfaceIsIDispatch"
Browse,Field,"System.Runtime.InteropServices.ComInterfaceType System.Runtime.InteropServices.ComInterfaceType.InterfaceIsIInspectable"
Browse,Field,"System.Int32 System.Diagnostics.DebuggerBrowsableState.value__"
Browse,Field,"System.Diagnostics.DebuggerBrowsableState System.Diagnostics.DebuggerBrowsableState.Never"
Browse,Field,"System.Diagnostics.DebuggerBrowsableState System.Diagnostics.DebuggerBrowsableState.Collapsed"
Browse,Field,"System.Diagnostics.DebuggerBrowsableState System.Diagnostics.DebuggerBrowsableState.RootHidden"
Browse,Field,"System.Xml.XmlQualifiedName System.Xml.XmlQualifiedName.Empty"
Browse,Field,"System.Int32 System.Runtime.InteropServices.CharSet.value__"
Browse,Field,"System.Runtime.InteropServices.CharSet System.Runtime.InteropServices.CharSet.Ansi"
Browse,Field,"System.Runtime.InteropServices.CharSet System.Runtime.InteropServices.CharSet.Unicode"
Browse,Field,"Windows.Foundation.Metadata.DeprecationType Windows.Foundation.Metadata.DeprecationType.Deprecate"
Browse,Field,"Windows.Foundation.Metadata.DeprecationType Windows.Foundation.Metadata.DeprecationType.Remove"
Browse,Field,"Windows.UI.Xaml.Controls.ContentDialogResult Windows.UI.Xaml.Controls.ContentDialogResult.None"
Browse,Field,"Windows.UI.Xaml.Controls.ContentDialogResult Windows.UI.Xaml.Controls.ContentDialogResult.Primary"
Browse,Field,"Windows.UI.Xaml.Controls.ContentDialogResult Windows.UI.Xaml.Controls.ContentDialogResult.Secondary"
Browse,Field,"Windows.ApplicationModel.Background.BackgroundAccessStatus Windows.ApplicationModel.Background.BackgroundAccessStatus.Unspecified"
Browse,Field,"Windows.ApplicationModel.Background.BackgroundAccessStatus Windows.ApplicationModel.Background.BackgroundAccessStatus.AllowedWithAlwaysOnRealTimeConnectivity"
Browse,Field,"Windows.ApplicationModel.Background.BackgroundAccessStatus Windows.ApplicationModel.Background.BackgroundAccessStatus.AllowedMayUseActiveRealTimeConnectivity"
Browse,Field,"Windows.ApplicationModel.Background.BackgroundAccessStatus Windows.ApplicationModel.Background.BackgroundAccessStatus.Denied"
Browse,Field,"Windows.ApplicationModel.Background.BackgroundAccessStatus Windows.ApplicationModel.Background.BackgroundAccessStatus.AlwaysAllowed"
Browse,Field,"Windows.ApplicationModel.Background.BackgroundAccessStatus Windows.ApplicationModel.Background.BackgroundAccessStatus.AllowedSubjectToSystemPolicy"
Browse,Field,"Windows.ApplicationModel.Background.BackgroundAccessStatus Windows.ApplicationModel.Background.BackgroundAccessStatus.DeniedBySystemPolicy"
Browse,Field,"Windows.ApplicationModel.Background.BackgroundAccessStatus Windows.ApplicationModel.Background.BackgroundAccessStatus.DeniedByUser"
Browse,Field,"Windows.Networking.Sockets.ControlChannelTriggerStatus Windows.Networking.Sockets.ControlChannelTriggerStatus.HardwareSlotRequested"
Browse,Field,"Windows.Networking.Sockets.ControlChannelTriggerStatus Windows.Networking.Sockets.ControlChannelTriggerStatus.SoftwareSlotAllocated"
Browse,Field,"Windows.Networking.Sockets.ControlChannelTriggerStatus Windows.Networking.Sockets.ControlChannelTriggerStatus.HardwareSlotAllocated"
Browse,Field,"Windows.Networking.Sockets.ControlChannelTriggerStatus Windows.Networking.Sockets.ControlChannelTriggerStatus.PolicyError"
Browse,Field,"Windows.Networking.Sockets.ControlChannelTriggerStatus Windows.Networking.Sockets.ControlChannelTriggerStatus.SystemError"
Browse,Field,"Windows.Networking.Sockets.ControlChannelTriggerStatus Windows.Networking.Sockets.ControlChannelTriggerStatus.TransportDisconnected"
Browse,Field,"Windows.Networking.Sockets.ControlChannelTriggerStatus Windows.Networking.Sockets.ControlChannelTriggerStatus.ServiceUnavailable"
Browse,Field,"System.Int32 System.Diagnostics.Tracing.ControllerCommand.value__"
Browse,Field,"System.Diagnostics.Tracing.ControllerCommand System.Diagnostics.Tracing.ControllerCommand.Update"
Browse,Field,"System.Diagnostics.Tracing.ControllerCommand System.Diagnostics.Tracing.ControllerCommand.SendManifest"
Browse,Field,"System.Diagnostics.Tracing.ControllerCommand System.Diagnostics.Tracing.ControllerCommand.Enable"
Browse,Field,"System.Diagnostics.Tracing.ControllerCommand System.Diagnostics.Tracing.ControllerCommand.Disable"
Browse,Field,"Windows.Foundation.Metadata.CompositionType Windows.Foundation.Metadata.CompositionType.Protected"
Browse,Field,"Windows.Foundation.Metadata.CompositionType Windows.Foundation.Metadata.CompositionType.Public"
Browse,Field,"System.Int32 System.Reflection.PropertyAttributes.value__"
Browse,Field,"System.Reflection.PropertyAttributes System.Reflection.PropertyAttributes.None"
Browse,Field,"System.Reflection.PropertyAttributes System.Reflection.PropertyAttributes.SpecialName"
Browse,Field,"System.Reflection.PropertyAttributes System.Reflection.PropertyAttributes.RTSpecialName"
Browse,Field,"System.Reflection.PropertyAttributes System.Reflection.PropertyAttributes.HasDefault"
Browse,Field,"System.Int32 System.Reflection.FieldAttributes.value__"
Browse,Field,"System.Reflection.FieldAttributes System.Reflection.FieldAttributes.FieldAccessMask"
Browse,Field,"System.Reflection.FieldAttributes System.Reflection.FieldAttributes.PrivateScope"
Browse,Field,"System.Reflection.FieldAttributes System.Reflection.FieldAttributes.Private"
Browse,Field,"System.Reflection.FieldAttributes System.Reflection.FieldAttributes.FamANDAssem"
Browse,Field,"System.Reflection.FieldAttributes System.Reflection.FieldAttributes.Assembly"
Browse,Field,"System.Reflection.FieldAttributes System.Reflection.FieldAttributes.Family"
Browse,Field,"System.Reflection.FieldAttributes System.Reflection.FieldAttributes.FamORAssem"
Browse,Field,"System.Reflection.FieldAttributes System.Reflection.FieldAttributes.Public"
Browse,Field,"System.Reflection.FieldAttributes System.Reflection.FieldAttributes.Static"
Browse,Field,"System.Reflection.FieldAttributes System.Reflection.FieldAttributes.InitOnly"
Browse,Field,"System.Reflection.FieldAttributes System.Reflection.FieldAttributes.Literal"
Browse,Field,"System.Reflection.FieldAttributes System.Reflection.FieldAttributes.NotSerialized"
Browse,Field,"System.Reflection.FieldAttributes System.Reflection.FieldAttributes.SpecialName"
Browse,Field,"System.Reflection.FieldAttributes System.Reflection.FieldAttributes.PinvokeImpl"
Browse,Field,"System.Reflection.FieldAttributes System.Reflection.FieldAttributes.RTSpecialName"
Browse,Field,"System.Reflection.FieldAttributes System.Reflection.FieldAttributes.HasFieldMarshal"
Browse,Field,"System.Reflection.FieldAttributes System.Reflection.FieldAttributes.HasDefault"
Browse,Field,"System.Reflection.FieldAttributes System.Reflection.FieldAttributes.HasFieldRVA"
Browse,Field,"System.Int32 System.IO.SeekOrigin.value__"
Browse,Field,"System.IO.SeekOrigin System.IO.SeekOrigin.Begin"
Browse,Field,"System.IO.SeekOrigin System.IO.SeekOrigin.Current"
Browse,Field,"System.IO.SeekOrigin System.IO.SeekOrigin.End"
Browse,Field,"System.Int32 System.Reflection.ParameterAttributes.value__"
Browse,Field,"System.Reflection.ParameterAttributes System.Reflection.ParameterAttributes.None"
Browse,Field,"System.Reflection.ParameterAttributes System.Reflection.ParameterAttributes.In"
Browse,Field,"System.Reflection.ParameterAttributes System.Reflection.ParameterAttributes.Out"
Browse,Field,"System.Reflection.ParameterAttributes System.Reflection.ParameterAttributes.Lcid"
Browse,Field,"System.Reflection.ParameterAttributes System.Reflection.ParameterAttributes.Retval"
Browse,Field,"System.Reflection.ParameterAttributes System.Reflection.ParameterAttributes.Optional"
Browse,Field,"System.Reflection.ParameterAttributes System.Reflection.ParameterAttributes.HasDefault"
Browse,Field,"System.Reflection.ParameterAttributes System.Reflection.ParameterAttributes.HasFieldMarshal"
Browse,Field,"System.Int32 System.Runtime.InteropServices.ComTypes.IMPLTYPEFLAGS.value__"
Browse,Field,"System.Runtime.InteropServices.ComTypes.IMPLTYPEFLAGS System.Runtime.InteropServices.ComTypes.IMPLTYPEFLAGS.IMPLTYPEFLAG_FDEFAULT"
Browse,Field,"System.Runtime.InteropServices.ComTypes.IMPLTYPEFLAGS System.Runtime.InteropServices.ComTypes.IMPLTYPEFLAGS.IMPLTYPEFLAG_FSOURCE"
Browse,Field,"System.Runtime.InteropServices.ComTypes.IMPLTYPEFLAGS System.Runtime.InteropServices.ComTypes.IMPLTYPEFLAGS.IMPLTYPEFLAG_FRESTRICTED"
Browse,Field,"System.Runtime.InteropServices.ComTypes.IMPLTYPEFLAGS System.Runtime.InteropServices.ComTypes.IMPLTYPEFLAGS.IMPLTYPEFLAG_FDEFAULTVTABLE"
Browse,Field,"System.Int32 System.Runtime.InteropServices.ComTypes.INVOKEKIND.value__"
Browse,Field,"System.Runtime.InteropServices.ComTypes.INVOKEKIND System.Runtime.InteropServices.ComTypes.INVOKEKIND.INVOKE_FUNC"
Browse,Field,"System.Runtime.InteropServices.ComTypes.INVOKEKIND System.Runtime.InteropServices.ComTypes.INVOKEKIND.INVOKE_PROPERTYGET"
Browse,Field,"System.Runtime.InteropServices.ComTypes.INVOKEKIND System.Runtime.InteropServices.ComTypes.INVOKEKIND.INVOKE_PROPERTYPUT"
Browse,Field,"System.Runtime.InteropServices.ComTypes.INVOKEKIND System.Runtime.InteropServices.ComTypes.INVOKEKIND.INVOKE_PROPERTYPUTREF"
Browse,Field,"System.Int32 System.Reflection.BindingFlags.value__"
Browse,Field,"System.Reflection.BindingFlags System.Reflection.BindingFlags.IgnoreCase"
Browse,Field,"System.Reflection.BindingFlags System.Reflection.BindingFlags.DeclaredOnly"
Browse,Field,"System.Reflection.BindingFlags System.Reflection.BindingFlags.Instance"
Browse,Field,"System.Reflection.BindingFlags System.Reflection.BindingFlags.Static"
Browse,Field,"System.Reflection.BindingFlags System.Reflection.BindingFlags.Public"
Browse,Field,"System.Reflection.BindingFlags System.Reflection.BindingFlags.NonPublic"
Browse,Field,"System.Reflection.BindingFlags System.Reflection.BindingFlags.FlattenHierarchy"
Browse,Field,"System.Reflection.BindingFlags System.Reflection.BindingFlags.ExactBinding"
Browse,Field,"System.Reflection.BindingFlags System.Reflection.BindingFlags.OptionalParamBinding"
Browse,Field,"System.Int32 System.Xml.DtdProcessing.value__"
Browse,Field,"System.Xml.DtdProcessing System.Xml.DtdProcessing.Prohibit"
Browse,Field,"System.Xml.DtdProcessing System.Xml.DtdProcessing.Ignore"
Browse,Field,"System.Xml.DtdProcessing System.Xml.DtdProcessing.Parse"
Browse,Field,"System.Int32 System.Xml.ReadState.value__"
Browse,Field,"System.Xml.ReadState System.Xml.ReadState.Initial"
Browse,Field,"System.Xml.ReadState System.Xml.ReadState.Interactive"
Browse,Field,"System.Xml.ReadState System.Xml.ReadState.Error"
Browse,Field,"System.Xml.ReadState System.Xml.ReadState.EndOfFile"
Browse,Field,"System.Xml.ReadState System.Xml.ReadState.Closed"
Browse,Field,"System.Int32 System.Xml.Schema.XsdDateTimeFlags.value__"
Browse,Field,"System.Xml.Schema.XsdDateTimeFlags System.Xml.Schema.XsdDateTimeFlags.DateTime"
Browse,Field,"System.Xml.Schema.XsdDateTimeFlags System.Xml.Schema.XsdDateTimeFlags.Time"
Browse,Field,"System.Xml.Schema.XsdDateTimeFlags System.Xml.Schema.XsdDateTimeFlags.Date"
Browse,Field,"System.Xml.Schema.XsdDateTimeFlags System.Xml.Schema.XsdDateTimeFlags.GYearMonth"
Browse,Field,"System.Xml.Schema.XsdDateTimeFlags System.Xml.Schema.XsdDateTimeFlags.GYear"
Browse,Field,"System.Xml.Schema.XsdDateTimeFlags System.Xml.Schema.XsdDateTimeFlags.GMonthDay"
Browse,Field,"System.Xml.Schema.XsdDateTimeFlags System.Xml.Schema.XsdDateTimeFlags.GDay"
Browse,Field,"System.Xml.Schema.XsdDateTimeFlags System.Xml.Schema.XsdDateTimeFlags.GMonth"
Browse,Field,"System.Xml.Schema.XsdDateTimeFlags System.Xml.Schema.XsdDateTimeFlags.AllXsd"
Browse,Field,"Windows.System.Threading.WorkItemPriority Windows.System.Threading.WorkItemPriority.Low"
Browse,Field,"Windows.System.Threading.WorkItemPriority Windows.System.Threading.WorkItemPriority.Normal"
Browse,Field,"Windows.System.Threading.WorkItemPriority Windows.System.Threading.WorkItemPriority.High"
Browse,Field,"Windows.System.Threading.WorkItemOptions Windows.System.Threading.WorkItemOptions.None"
Browse,Field,"Windows.System.Threading.WorkItemOptions Windows.System.Threading.WorkItemOptions.TimeSliced"
Browse,Field,"Windows.UI.Core.CoreDispatcherPriority Windows.UI.Core.CoreDispatcherPriority.Idle"
Browse,Field,"Windows.UI.Core.CoreDispatcherPriority Windows.UI.Core.CoreDispatcherPriority.Low"
Browse,Field,"Windows.UI.Core.CoreDispatcherPriority Windows.UI.Core.CoreDispatcherPriority.Normal"
Browse,Field,"Windows.UI.Core.CoreDispatcherPriority Windows.UI.Core.CoreDispatcherPriority.High"
Browse,Field,"Windows.Foundation.Diagnostics.CausalityTraceLevel Windows.Foundation.Diagnostics.CausalityTraceLevel.Required"
Browse,Field,"Windows.Foundation.Diagnostics.CausalityTraceLevel Windows.Foundation.Diagnostics.CausalityTraceLevel.Important"
Browse,Field,"Windows.Foundation.Diagnostics.CausalityTraceLevel Windows.Foundation.Diagnostics.CausalityTraceLevel.Verbose"
Browse,Field,"Windows.Foundation.Diagnostics.CausalitySource Windows.Foundation.Diagnostics.CausalitySource.Application"
Browse,Field,"Windows.Foundation.Diagnostics.CausalitySource Windows.Foundation.Diagnostics.CausalitySource.Library"
Browse,Field,"Windows.Foundation.Diagnostics.CausalitySource Windows.Foundation.Diagnostics.CausalitySource.System"
Browse,Field,"Windows.Foundation.Diagnostics.CausalityRelation Windows.Foundation.Diagnostics.CausalityRelation.AssignDelegate"
Browse,Field,"Windows.Foundation.Diagnostics.CausalityRelation Windows.Foundation.Diagnostics.CausalityRelation.Join"
Browse,Field,"Windows.Foundation.Diagnostics.CausalityRelation Windows.Foundation.Diagnostics.CausalityRelation.Choice"
Browse,Field,"Windows.Foundation.Diagnostics.CausalityRelation Windows.Foundation.Diagnostics.CausalityRelation.Cancel"
Browse,Field,"Windows.Foundation.Diagnostics.CausalityRelation Windows.Foundation.Diagnostics.CausalityRelation.Error"
Browse,Field,"Windows.Foundation.Diagnostics.CausalitySynchronousWork Windows.Foundation.Diagnostics.CausalitySynchronousWork.CompletionNotification"
Browse,Field,"Windows.Foundation.Diagnostics.CausalitySynchronousWork Windows.Foundation.Diagnostics.CausalitySynchronousWork.ProgressNotification"
Browse,Field,"Windows.Foundation.Diagnostics.CausalitySynchronousWork Windows.Foundation.Diagnostics.CausalitySynchronousWork.Execution"
Browse,Field,"Windows.UI.Xaml.Controls.Primitives.ComponentResourceLocation Windows.UI.Xaml.Controls.Primitives.ComponentResourceLocation.Application"
Browse,Field,"Windows.UI.Xaml.Controls.Primitives.ComponentResourceLocation Windows.UI.Xaml.Controls.Primitives.ComponentResourceLocation.Nested"
Browse,Field,"Windows.UI.Input.HoldingState Windows.UI.Input.HoldingState.Started"
Browse,Field,"Windows.UI.Input.HoldingState Windows.UI.Input.HoldingState.Completed"
Browse,Field,"Windows.UI.Input.HoldingState Windows.UI.Input.HoldingState.Canceled"
Browse,Field,"Windows.UI.Xaml.FocusState Windows.UI.Xaml.FocusState.Unfocused"
Browse,Field,"Windows.UI.Xaml.FocusState Windows.UI.Xaml.FocusState.Pointer"
Browse,Field,"Windows.UI.Xaml.FocusState Windows.UI.Xaml.FocusState.Keyboard"
Browse,Field,"Windows.UI.Xaml.FocusState Windows.UI.Xaml.FocusState.Programmatic"
Browse,Field,"Windows.Storage.CreationCollisionOption Windows.Storage.CreationCollisionOption.GenerateUniqueName"
Browse,Field,"Windows.Storage.CreationCollisionOption Windows.Storage.CreationCollisionOption.ReplaceExisting"
Browse,Field,"Windows.Storage.CreationCollisionOption Windows.Storage.CreationCollisionOption.FailIfExists"
Browse,Field,"Windows.Storage.CreationCollisionOption Windows.Storage.CreationCollisionOption.OpenIfExists"
Browse,Field,"Windows.System.VirtualKey Windows.System.VirtualKey.None"
Browse,Field,"Windows.System.VirtualKey Windows.System.VirtualKey.LeftButton"
Browse,Field,"Windows.System.VirtualKey Windows.System.VirtualKey.RightButton"
Browse,Field,"Windows.System.VirtualKey Windows.System.VirtualKey.Cancel"
Browse,Field,"Windows.System.VirtualKey Windows.System.VirtualKey.MiddleButton"
Browse,Field,"Windows.System.VirtualKey Windows.System.VirtualKey.XButton1"
Browse,Field,"Windows.System.VirtualKey Windows.System.VirtualKey.XButton2"
Browse,Field,"Windows.System.VirtualKey Windows.System.VirtualKey.Back"
Browse,Field,"Windows.System.VirtualKey Windows.System.VirtualKey.Tab"
Browse,Field,"Windows.System.VirtualKey Windows.System.VirtualKey.Clear"
Browse,Field,"Windows.System.VirtualKey Windows.System.VirtualKey.Enter"
Browse,Field,"Windows.System.VirtualKey Windows.System.VirtualKey.Shift"
Browse,Field,"Windows.System.VirtualKey Windows.System.VirtualKey.Control"
Browse,Field,"Windows.System.VirtualKey Windows.System.VirtualKey.Menu"
Browse,Field,"Windows.System.VirtualKey Windows.System.VirtualKey.Pause"
Browse,Field,"Windows.System.VirtualKey Windows.System.VirtualKey.CapitalLock"
Browse,Field,"Windows.System.VirtualKey Windows.System.VirtualKey.Kana"
Browse,Field,"Windows.System.VirtualKey Windows.System.VirtualKey.Hangul"
Browse,Field,"Windows.System.VirtualKey Windows.System.VirtualKey.ImeOn"
Browse,Field,"Windows.System.VirtualKey Windows.System.VirtualKey.Junja"
Browse,Field,"Windows.System.VirtualKey Windows.System.VirtualKey.Final"
Browse,Field,"Windows.System.VirtualKey Windows.System.VirtualKey.Hanja"
Browse,Field,"Windows.System.VirtualKey Windows.System.VirtualKey.Kanji"
Browse,Field,"Windows.System.VirtualKey Windows.System.VirtualKey.ImeOff"
Browse,Field,"Windows.System.VirtualKey Windows.System.VirtualKey.Escape"
Browse,Field,"Windows.System.VirtualKey Windows.System.VirtualKey.Convert"
Browse,Field,"Windows.System.VirtualKey Windows.System.VirtualKey.NonConvert"
Browse,Field,"Windows.System.VirtualKey Windows.System.VirtualKey.Accept"
Browse,Field,"Windows.System.VirtualKey Windows.System.VirtualKey.ModeChange"
Browse,Field,"Windows.System.VirtualKey Windows.System.VirtualKey.Space"
Browse,Field,"Windows.System.VirtualKey Windows.System.VirtualKey.PageUp"
Browse,Field,"Windows.System.VirtualKey Windows.System.VirtualKey.PageDown"
Browse,Field,"Windows.System.VirtualKey Windows.System.VirtualKey.End"
Browse,Field,"Windows.System.VirtualKey Windows.System.VirtualKey.Home"
Browse,Field,"Windows.System.VirtualKey Windows.System.VirtualKey.Left"
Browse,Field,"Windows.System.VirtualKey Windows.System.VirtualKey.Up"
Browse,Field,"Windows.System.VirtualKey Windows.System.VirtualKey.Right"
Browse,Field,"Windows.System.VirtualKey Windows.System.VirtualKey.Down"
Browse,Field,"Windows.System.VirtualKey Windows.System.VirtualKey.Select"
Browse,Field,"Windows.System.VirtualKey Windows.System.VirtualKey.Print"
Browse,Field,"Windows.System.VirtualKey Windows.System.VirtualKey.Execute"
Browse,Field,"Windows.System.VirtualKey Windows.System.VirtualKey.Snapshot"
Browse,Field,"Windows.System.VirtualKey Windows.System.VirtualKey.Insert"
Browse,Field,"Windows.System.VirtualKey Windows.System.VirtualKey.Delete"
Browse,Field,"Windows.System.VirtualKey Windows.System.VirtualKey.Help"
Browse,Field,"Windows.System.VirtualKey Windows.System.VirtualKey.Number0"
Browse,Field,"Windows.System.VirtualKey Windows.System.VirtualKey.Number1"
Browse,Field,"Windows.System.VirtualKey Windows.System.VirtualKey.Number2"
Browse,Field,"Windows.System.VirtualKey Windows.System.VirtualKey.Number3"
Browse,Field,"Windows.System.VirtualKey Windows.System.VirtualKey.Number4"
Browse,Field,"Windows.System.VirtualKey Windows.System.VirtualKey.Number5"
Browse,Field,"Windows.System.VirtualKey Windows.System.VirtualKey.Number6"
Browse,Field,"Windows.System.VirtualKey Windows.System.VirtualKey.Number7"
Browse,Field,"Windows.System.VirtualKey Windows.System.VirtualKey.Number8"
Browse,Field,"Windows.System.VirtualKey Windows.System.VirtualKey.Number9"
Browse,Field,"Windows.System.VirtualKey Windows.System.VirtualKey.A"
Browse,Field,"Windows.System.VirtualKey Windows.System.VirtualKey.B"
Browse,Field,"Windows.System.VirtualKey Windows.System.VirtualKey.C"
Browse,Field,"Windows.System.VirtualKey Windows.System.VirtualKey.D"
Browse,Field,"Windows.System.VirtualKey Windows.System.VirtualKey.E"
Browse,Field,"Windows.System.VirtualKey Windows.System.VirtualKey.F"
Browse,Field,"Windows.System.VirtualKey Windows.System.VirtualKey.G"
Browse,Field,"Windows.System.VirtualKey Windows.System.VirtualKey.H"
Browse,Field,"Windows.System.VirtualKey Windows.System.VirtualKey.I"
Browse,Field,"Windows.System.VirtualKey Windows.System.VirtualKey.J"
Browse,Field,"Windows.System.VirtualKey Windows.System.VirtualKey.K"
Browse,Field,"Windows.System.VirtualKey Windows.System.VirtualKey.L"
Browse,Field,"Windows.System.VirtualKey Windows.System.VirtualKey.M"
Browse,Field,"Windows.System.VirtualKey Windows.System.VirtualKey.N"
Browse,Field,"Windows.System.VirtualKey Windows.System.VirtualKey.O"
Browse,Field,"Windows.System.VirtualKey Windows.System.VirtualKey.P"
Browse,Field,"Windows.System.VirtualKey Windows.System.VirtualKey.Q"
Browse,Field,"Windows.System.VirtualKey Windows.System.VirtualKey.R"
Browse,Field,"Windows.System.VirtualKey Windows.System.VirtualKey.S"
Browse,Field,"Windows.System.VirtualKey Windows.System.VirtualKey.T"
Browse,Field,"Windows.System.VirtualKey Windows.System.VirtualKey.U"
Browse,Field,"Windows.System.VirtualKey Windows.System.VirtualKey.V"
Browse,Field,"Windows.System.VirtualKey Windows.System.VirtualKey.W"
Browse,Field,"Windows.System.VirtualKey Windows.System.VirtualKey.X"
Browse,Field,"Windows.System.VirtualKey Windows.System.VirtualKey.Y"
Browse,Field,"Windows.System.VirtualKey Windows.System.VirtualKey.Z"
Browse,Field,"Windows.System.VirtualKey Windows.System.VirtualKey.LeftWindows"
Browse,Field,"Windows.System.VirtualKey Windows.System.VirtualKey.RightWindows"
Browse,Field,"Windows.System.VirtualKey Windows.System.VirtualKey.Application"
Browse,Field,"Windows.System.VirtualKey Windows.System.VirtualKey.Sleep"
Browse,Field,"Windows.System.VirtualKey Windows.System.VirtualKey.NumberPad0"
Browse,Field,"Windows.System.VirtualKey Windows.System.VirtualKey.NumberPad1"
Browse,Field,"Windows.System.VirtualKey Windows.System.VirtualKey.NumberPad2"
Browse,Field,"Windows.System.VirtualKey Windows.System.VirtualKey.NumberPad3"
Browse,Field,"Windows.System.VirtualKey Windows.System.VirtualKey.NumberPad4"
Browse,Field,"Windows.System.VirtualKey Windows.System.VirtualKey.NumberPad5"
Browse,Field,"Windows.System.VirtualKey Windows.System.VirtualKey.NumberPad6"
Browse,Field,"Windows.System.VirtualKey Windows.System.VirtualKey.NumberPad7"
Browse,Field,"Windows.System.VirtualKey Windows.System.VirtualKey.NumberPad8"
Browse,Field,"Windows.System.VirtualKey Windows.System.VirtualKey.NumberPad9"
Browse,Field,"Windows.System.VirtualKey Windows.System.VirtualKey.Multiply"
Browse,Field,"Windows.System.VirtualKey Windows.System.VirtualKey.Add"
Browse,Field,"Windows.System.VirtualKey Windows.System.VirtualKey.Separator"
Browse,Field,"Windows.System.VirtualKey Windows.System.VirtualKey.Subtract"
Browse,Field,"Windows.System.VirtualKey Windows.System.VirtualKey.Decimal"
Browse,Field,"Windows.System.VirtualKey Windows.System.VirtualKey.Divide"
Browse,Field,"Windows.System.VirtualKey Windows.System.VirtualKey.F1"
Browse,Field,"Windows.System.VirtualKey Windows.System.VirtualKey.F2"
Browse,Field,"Windows.System.VirtualKey Windows.System.VirtualKey.F3"
Browse,Field,"Windows.System.VirtualKey Windows.System.VirtualKey.F4"
Browse,Field,"Windows.System.VirtualKey Windows.System.VirtualKey.F5"
Browse,Field,"Windows.System.VirtualKey Windows.System.VirtualKey.F6"
Browse,Field,"Windows.System.VirtualKey Windows.System.VirtualKey.F7"
Browse,Field,"Windows.System.VirtualKey Windows.System.VirtualKey.F8"
Browse,Field,"Windows.System.VirtualKey Windows.System.VirtualKey.F9"
Browse,Field,"Windows.System.VirtualKey Windows.System.VirtualKey.F10"
Browse,Field,"Windows.System.VirtualKey Windows.System.VirtualKey.F11"
Browse,Field,"Windows.System.VirtualKey Windows.System.VirtualKey.F12"
Browse,Field,"Windows.System.VirtualKey Windows.System.VirtualKey.F13"
Browse,Field,"Windows.System.VirtualKey Windows.System.VirtualKey.F14"
Browse,Field,"Windows.System.VirtualKey Windows.System.VirtualKey.F15"
Browse,Field,"Windows.System.VirtualKey Windows.System.VirtualKey.F16"
Browse,Field,"Windows.System.VirtualKey Windows.System.VirtualKey.F17"
Browse,Field,"Windows.System.VirtualKey Windows.System.VirtualKey.F18"
Browse,Field,"Windows.System.VirtualKey Windows.System.VirtualKey.F19"
Browse,Field,"Windows.System.VirtualKey Windows.System.VirtualKey.F20"
Browse,Field,"Windows.System.VirtualKey Windows.System.VirtualKey.F21"
Browse,Field,"Windows.System.VirtualKey Windows.System.VirtualKey.F22"
Browse,Field,"Windows.System.VirtualKey Windows.System.VirtualKey.F23"
Browse,Field,"Windows.System.VirtualKey Windows.System.VirtualKey.F24"
Browse,Field,"Windows.System.VirtualKey Windows.System.VirtualKey.NavigationView"
Browse,Field,"Windows.System.VirtualKey Windows.System.VirtualKey.NavigationMenu"
Browse,Field,"Windows.System.VirtualKey Windows.System.VirtualKey.NavigationUp"
Browse,Field,"Windows.System.VirtualKey Windows.System.VirtualKey.NavigationDown"
Browse,Field,"Windows.System.VirtualKey Windows.System.VirtualKey.NavigationLeft"
Browse,Field,"Windows.System.VirtualKey Windows.System.VirtualKey.NavigationRight"
Browse,Field,"Windows.System.VirtualKey Windows.System.VirtualKey.NavigationAccept"
Browse,Field,"Windows.System.VirtualKey Windows.System.VirtualKey.NavigationCancel"
Browse,Field,"Windows.System.VirtualKey Windows.System.VirtualKey.NumberKeyLock"
Browse,Field,"Windows.System.VirtualKey Windows.System.VirtualKey.Scroll"
Browse,Field,"Windows.System.VirtualKey Windows.System.VirtualKey.LeftShift"
Browse,Field,"Windows.System.VirtualKey Windows.System.VirtualKey.RightShift"
Browse,Field,"Windows.System.VirtualKey Windows.System.VirtualKey.LeftControl"
Browse,Field,"Windows.System.VirtualKey Windows.System.VirtualKey.RightControl"
Browse,Field,"Windows.System.VirtualKey Windows.System.VirtualKey.LeftMenu"
Browse,Field,"Windows.System.VirtualKey Windows.System.VirtualKey.RightMenu"
Browse,Field,"Windows.System.VirtualKey Windows.System.VirtualKey.GoBack"
Browse,Field,"Windows.System.VirtualKey Windows.System.VirtualKey.GoForward"
Browse,Field,"Windows.System.VirtualKey Windows.System.VirtualKey.Refresh"
Browse,Field,"Windows.System.VirtualKey Windows.System.VirtualKey.Stop"
Browse,Field,"Windows.System.VirtualKey Windows.System.VirtualKey.Search"
Browse,Field,"Windows.System.VirtualKey Windows.System.VirtualKey.Favorites"
Browse,Field,"Windows.System.VirtualKey Windows.System.VirtualKey.GoHome"
Browse,Field,"Windows.System.VirtualKey Windows.System.VirtualKey.GamepadA"
Browse,Field,"Windows.System.VirtualKey Windows.System.VirtualKey.GamepadB"
Browse,Field,"Windows.System.VirtualKey Windows.System.VirtualKey.GamepadX"
Browse,Field,"Windows.System.VirtualKey Windows.System.VirtualKey.GamepadY"
Browse,Field,"Windows.System.VirtualKey Windows.System.VirtualKey.GamepadRightShoulder"
Browse,Field,"Windows.System.VirtualKey Windows.System.VirtualKey.GamepadLeftShoulder"
Browse,Field,"Windows.System.VirtualKey Windows.System.VirtualKey.GamepadLeftTrigger"
Browse,Field,"Windows.System.VirtualKey Windows.System.VirtualKey.GamepadRightTrigger"
Browse,Field,"Windows.System.VirtualKey Windows.System.VirtualKey.GamepadDPadUp"
Browse,Field,"Windows.System.VirtualKey Windows.System.VirtualKey.GamepadDPadDown"
Browse,Field,"Windows.System.VirtualKey Windows.System.VirtualKey.GamepadDPadLeft"
Browse,Field,"Windows.System.VirtualKey Windows.System.VirtualKey.GamepadDPadRight"
Browse,Field,"Windows.System.VirtualKey Windows.System.VirtualKey.GamepadMenu"
Browse,Field,"Windows.System.VirtualKey Windows.System.VirtualKey.GamepadView"
Browse,Field,"Windows.System.VirtualKey Windows.System.VirtualKey.GamepadLeftThumbstickButton"
Browse,Field,"Windows.System.VirtualKey Windows.System.VirtualKey.GamepadRightThumbstickButton"
Browse,Field,"Windows.System.VirtualKey Windows.System.VirtualKey.GamepadLeftThumbstickUp"
Browse,Field,"Windows.System.VirtualKey Windows.System.VirtualKey.GamepadLeftThumbstickDown"
Browse,Field,"Windows.System.VirtualKey Windows.System.VirtualKey.GamepadLeftThumbstickRight"
Browse,Field,"Windows.System.VirtualKey Windows.System.VirtualKey.GamepadLeftThumbstickLeft"
Browse,Field,"Windows.System.VirtualKey Windows.System.VirtualKey.GamepadRightThumbstickUp"
Browse,Field,"Windows.System.VirtualKey Windows.System.VirtualKey.GamepadRightThumbstickDown"
Browse,Field,"Windows.System.VirtualKey Windows.System.VirtualKey.GamepadRightThumbstickRight"
Browse,Field,"Windows.System.VirtualKey Windows.System.VirtualKey.GamepadRightThumbstickLeft"
Browse,Field,"Windows.Networking.Sockets.ControlChannelTriggerResourceType Windows.Networking.Sockets.ControlChannelTriggerResourceType.RequestSoftwareSlot"
Browse,Field,"Windows.Networking.Sockets.ControlChannelTriggerResourceType Windows.Networking.Sockets.ControlChannelTriggerResourceType.RequestHardwareSlot"
Browse,Field,"System.Int32 System.Net.HttpStatusCode.value__"
Browse,Field,"System.Net.HttpStatusCode System.Net.HttpStatusCode.Continue"
Browse,Field,"System.Net.HttpStatusCode System.Net.HttpStatusCode.SwitchingProtocols"
Browse,Field,"System.Net.HttpStatusCode System.Net.HttpStatusCode.OK"
Browse,Field,"System.Net.HttpStatusCode System.Net.HttpStatusCode.Created"
Browse,Field,"System.Net.HttpStatusCode System.Net.HttpStatusCode.Accepted"
Browse,Field,"System.Net.HttpStatusCode System.Net.HttpStatusCode.NonAuthoritativeInformation"
Browse,Field,"System.Net.HttpStatusCode System.Net.HttpStatusCode.NoContent"
Browse,Field,"System.Net.HttpStatusCode System.Net.HttpStatusCode.ResetContent"
Browse,Field,"System.Net.HttpStatusCode System.Net.HttpStatusCode.PartialContent"
Browse,Field,"System.Net.HttpStatusCode System.Net.HttpStatusCode.MultipleChoices"
Browse,Field,"System.Net.HttpStatusCode System.Net.HttpStatusCode.Ambiguous"
Browse,Field,"System.Net.HttpStatusCode System.Net.HttpStatusCode.MovedPermanently"
Browse,Field,"System.Net.HttpStatusCode System.Net.HttpStatusCode.Moved"
Browse,Field,"System.Net.HttpStatusCode System.Net.HttpStatusCode.Found"
Browse,Field,"System.Net.HttpStatusCode System.Net.HttpStatusCode.Redirect"
Browse,Field,"System.Net.HttpStatusCode System.Net.HttpStatusCode.SeeOther"
Browse,Field,"System.Net.HttpStatusCode System.Net.HttpStatusCode.RedirectMethod"
Browse,Field,"System.Net.HttpStatusCode System.Net.HttpStatusCode.NotModified"
Browse,Field,"System.Net.HttpStatusCode System.Net.HttpStatusCode.UseProxy"
Browse,Field,"System.Net.HttpStatusCode System.Net.HttpStatusCode.Unused"
Browse,Field,"System.Net.HttpStatusCode System.Net.HttpStatusCode.TemporaryRedirect"
Browse,Field,"System.Net.HttpStatusCode System.Net.HttpStatusCode.RedirectKeepVerb"
Browse,Field,"System.Net.HttpStatusCode System.Net.HttpStatusCode.BadRequest"
Browse,Field,"System.Net.HttpStatusCode System.Net.HttpStatusCode.Unauthorized"
Browse,Field,"System.Net.HttpStatusCode System.Net.HttpStatusCode.PaymentRequired"
Browse,Field,"System.Net.HttpStatusCode System.Net.HttpStatusCode.Forbidden"
Browse,Field,"System.Net.HttpStatusCode System.Net.HttpStatusCode.NotFound"
Browse,Field,"System.Net.HttpStatusCode System.Net.HttpStatusCode.MethodNotAllowed"
Browse,Field,"System.Net.HttpStatusCode System.Net.HttpStatusCode.NotAcceptable"
Browse,Field,"System.Net.HttpStatusCode System.Net.HttpStatusCode.ProxyAuthenticationRequired"
Browse,Field,"System.Net.HttpStatusCode System.Net.HttpStatusCode.RequestTimeout"
Browse,Field,"System.Net.HttpStatusCode System.Net.HttpStatusCode.Conflict"
Browse,Field,"System.Net.HttpStatusCode System.Net.HttpStatusCode.Gone"
Browse,Field,"System.Net.HttpStatusCode System.Net.HttpStatusCode.LengthRequired"
Browse,Field,"System.Net.HttpStatusCode System.Net.HttpStatusCode.PreconditionFailed"
Browse,Field,"System.Net.HttpStatusCode System.Net.HttpStatusCode.RequestEntityTooLarge"
Browse,Field,"System.Net.HttpStatusCode System.Net.HttpStatusCode.RequestUriTooLong"
Browse,Field,"System.Net.HttpStatusCode System.Net.HttpStatusCode.UnsupportedMediaType"
Browse,Field,"System.Net.HttpStatusCode System.Net.HttpStatusCode.RequestedRangeNotSatisfiable"
Browse,Field,"System.Net.HttpStatusCode System.Net.HttpStatusCode.ExpectationFailed"
Browse,Field,"System.Net.HttpStatusCode System.Net.HttpStatusCode.UpgradeRequired"
Browse,Field,"System.Net.HttpStatusCode System.Net.HttpStatusCode.InternalServerError"
Browse,Field,"System.Net.HttpStatusCode System.Net.HttpStatusCode.NotImplemented"
Browse,Field,"System.Net.HttpStatusCode System.Net.HttpStatusCode.BadGateway"
Browse,Field,"System.Net.HttpStatusCode System.Net.HttpStatusCode.ServiceUnavailable"
Browse,Field,"System.Net.HttpStatusCode System.Net.HttpStatusCode.GatewayTimeout"
Browse,Field,"System.Net.HttpStatusCode System.Net.HttpStatusCode.HttpVersionNotSupported"
Browse,Field,"Windows.Storage.Streams.InputStreamOptions Windows.Storage.Streams.InputStreamOptions.None"
Browse,Field,"Windows.Storage.Streams.InputStreamOptions Windows.Storage.Streams.InputStreamOptions.Partial"
Browse,Field,"Windows.Storage.Streams.InputStreamOptions Windows.Storage.Streams.InputStreamOptions.ReadAhead"
Browse,Field,"Windows.Storage.Streams.ByteOrder Windows.Storage.Streams.ByteOrder.LittleEndian"
Browse,Field,"Windows.Storage.Streams.ByteOrder Windows.Storage.Streams.ByteOrder.BigEndian"
Browse,Field,"Windows.Networking.Connectivity.NetworkConnectivityLevel Windows.Networking.Connectivity.NetworkConnectivityLevel.None"
Browse,Field,"Windows.Networking.Connectivity.NetworkConnectivityLevel Windows.Networking.Connectivity.NetworkConnectivityLevel.LocalAccess"
Browse,Field,"Windows.Networking.Connectivity.NetworkConnectivityLevel Windows.Networking.Connectivity.NetworkConnectivityLevel.ConstrainedInternetAccess"
Browse,Field,"Windows.Networking.Connectivity.NetworkConnectivityLevel Windows.Networking.Connectivity.NetworkConnectivityLevel.InternetAccess"
Browse,Field,"Windows.Storage.Pickers.PickerViewMode Windows.Storage.Pickers.PickerViewMode.List"
Browse,Field,"Windows.Storage.Pickers.PickerViewMode Windows.Storage.Pickers.PickerViewMode.Thumbnail"
Browse,Field,"Windows.Storage.Pickers.PickerLocationId Windows.Storage.Pickers.PickerLocationId.DocumentsLibrary"
Browse,Field,"Windows.Storage.Pickers.PickerLocationId Windows.Storage.Pickers.PickerLocationId.ComputerFolder"
Browse,Field,"Windows.Storage.Pickers.PickerLocationId Windows.Storage.Pickers.PickerLocationId.Desktop"
Browse,Field,"Windows.Storage.Pickers.PickerLocationId Windows.Storage.Pickers.PickerLocationId.Downloads"
Browse,Field,"Windows.Storage.Pickers.PickerLocationId Windows.Storage.Pickers.PickerLocationId.HomeGroup"
Browse,Field,"Windows.Storage.Pickers.PickerLocationId Windows.Storage.Pickers.PickerLocationId.MusicLibrary"
Browse,Field,"Windows.Storage.Pickers.PickerLocationId Windows.Storage.Pickers.PickerLocationId.PicturesLibrary"
Browse,Field,"Windows.Storage.Pickers.PickerLocationId Windows.Storage.Pickers.PickerLocationId.VideosLibrary"
Browse,Field,"Windows.Storage.Pickers.PickerLocationId Windows.Storage.Pickers.PickerLocationId.Objects3D"
Browse,Field,"Windows.Storage.Pickers.PickerLocationId Windows.Storage.Pickers.PickerLocationId.Unspecified"
Browse,Field,"Windows.Storage.NameCollisionOption Windows.Storage.NameCollisionOption.GenerateUniqueName"
Browse,Field,"Windows.Storage.NameCollisionOption Windows.Storage.NameCollisionOption.ReplaceExisting"
Browse,Field,"Windows.Storage.NameCollisionOption Windows.Storage.NameCollisionOption.FailIfExists"
Browse,Field,"Windows.UI.Xaml.Controls.ContentDialogButton Windows.UI.Xaml.Controls.ContentDialogButton.None"
Browse,Field,"Windows.UI.Xaml.Controls.ContentDialogButton Windows.UI.Xaml.Controls.ContentDialogButton.Primary"
Browse,Field,"Windows.UI.Xaml.Controls.ContentDialogButton Windows.UI.Xaml.Controls.ContentDialogButton.Secondary"
Browse,Field,"Windows.UI.Xaml.Controls.ContentDialogButton Windows.UI.Xaml.Controls.ContentDialogButton.Close"
Browse,Field,"System.String System.Xml.XmlException._res"
Browse,Field,"System.String[] System.Xml.XmlException._args"
Browse,Field,"System.Int32 System.Xml.XmlException._lineNumber"
Browse,Field,"System.Int32 System.Xml.XmlException._linePosition"
Browse,Field,"System.String System.Xml.XmlException._sourceUri"
Browse,Field,"System.Int32 System.Xml.Schema.XsdDateTime.DateTimeTypeCode.value__"
Browse,Field,"System.Xml.Schema.XsdDateTime.DateTimeTypeCode System.Xml.Schema.XsdDateTime.DateTimeTypeCode.DateTime"
Browse,Field,"System.Xml.Schema.XsdDateTime.DateTimeTypeCode System.Xml.Schema.XsdDateTime.DateTimeTypeCode.Time"
Browse,Field,"System.Xml.Schema.XsdDateTime.DateTimeTypeCode System.Xml.Schema.XsdDateTime.DateTimeTypeCode.Date"
Browse,Field,"System.Xml.Schema.XsdDateTime.DateTimeTypeCode System.Xml.Schema.XsdDateTime.DateTimeTypeCode.GYearMonth"
Browse,Field,"System.Xml.Schema.XsdDateTime.DateTimeTypeCode System.Xml.Schema.XsdDateTime.DateTimeTypeCode.GYear"
Browse,Field,"System.Xml.Schema.XsdDateTime.DateTimeTypeCode System.Xml.Schema.XsdDateTime.DateTimeTypeCode.GMonthDay"
Browse,Field,"System.Xml.Schema.XsdDateTime.DateTimeTypeCode System.Xml.Schema.XsdDateTime.DateTimeTypeCode.GDay"
Browse,Field,"System.Xml.Schema.XsdDateTime.DateTimeTypeCode System.Xml.Schema.XsdDateTime.DateTimeTypeCode.GMonth"
Browse,Field,"System.Int32 System.Xml.Schema.XsdDateTime.XsdDateTimeKind.value__"
Browse,Field,"System.Xml.Schema.XsdDateTime.XsdDateTimeKind System.Xml.Schema.XsdDateTime.XsdDateTimeKind.Unspecified"
Browse,Field,"System.Xml.Schema.XsdDateTime.XsdDateTimeKind System.Xml.Schema.XsdDateTime.XsdDateTimeKind.Zulu"
Browse,Field,"System.Xml.Schema.XsdDateTime.XsdDateTimeKind System.Xml.Schema.XsdDateTime.XsdDateTimeKind.LocalWestOfZulu"
Browse,Field,"System.Xml.Schema.XsdDateTime.XsdDateTimeKind System.Xml.Schema.XsdDateTime.XsdDateTimeKind.LocalEastOfZulu"
Browse,Field,"System.Int32 System.Reflection.TypeAttributes.value__"
Browse,Field,"System.Reflection.TypeAttributes System.Reflection.TypeAttributes.VisibilityMask"
Browse,Field,"System.Reflection.TypeAttributes System.Reflection.TypeAttributes.NotPublic"
Browse,Field,"System.Reflection.TypeAttributes System.Reflection.TypeAttributes.Public"
Browse,Field,"System.Reflection.TypeAttributes System.Reflection.TypeAttributes.NestedPublic"
Browse,Field,"System.Reflection.TypeAttributes System.Reflection.TypeAttributes.NestedPrivate"
Browse,Field,"System.Reflection.TypeAttributes System.Reflection.TypeAttributes.NestedFamily"
Browse,Field,"System.Reflection.TypeAttributes System.Reflection.TypeAttributes.NestedAssembly"
Browse,Field,"System.Reflection.TypeAttributes System.Reflection.TypeAttributes.NestedFamANDAssem"
Browse,Field,"System.Reflection.TypeAttributes System.Reflection.TypeAttributes.NestedFamORAssem"
Browse,Field,"System.Reflection.TypeAttributes System.Reflection.TypeAttributes.LayoutMask"
Browse,Field,"System.Reflection.TypeAttributes System.Reflection.TypeAttributes.AutoLayout"
Browse,Field,"System.Reflection.TypeAttributes System.Reflection.TypeAttributes.SequentialLayout"
Browse,Field,"System.Reflection.TypeAttributes System.Reflection.TypeAttributes.ExplicitLayout"
Browse,Field,"System.Reflection.TypeAttributes System.Reflection.TypeAttributes.ClassSemanticsMask"
Browse,Field,"System.Reflection.TypeAttributes System.Reflection.TypeAttributes.Class"
Browse,Field,"System.Reflection.TypeAttributes System.Reflection.TypeAttributes.Interface"
Browse,Field,"System.Reflection.TypeAttributes System.Reflection.TypeAttributes.Abstract"
Browse,Field,"System.Reflection.TypeAttributes System.Reflection.TypeAttributes.Sealed"
Browse,Field,"System.Reflection.TypeAttributes System.Reflection.TypeAttributes.SpecialName"
Browse,Field,"System.Reflection.TypeAttributes System.Reflection.TypeAttributes.Import"
Browse,Field,"System.Reflection.TypeAttributes System.Reflection.TypeAttributes.Serializable"
Browse,Field,"System.Reflection.TypeAttributes System.Reflection.TypeAttributes.WindowsRuntime"
Browse,Field,"System.Reflection.TypeAttributes System.Reflection.TypeAttributes.StringFormatMask"
Browse,Field,"System.Reflection.TypeAttributes System.Reflection.TypeAttributes.AnsiClass"
Browse,Field,"System.Reflection.TypeAttributes System.Reflection.TypeAttributes.UnicodeClass"
Browse,Field,"System.Reflection.TypeAttributes System.Reflection.TypeAttributes.AutoClass"
Browse,Field,"System.Reflection.TypeAttributes System.Reflection.TypeAttributes.CustomFormatClass"
Browse,Field,"System.Reflection.TypeAttributes System.Reflection.TypeAttributes.CustomFormatMask"
Browse,Field,"System.Reflection.TypeAttributes System.Reflection.TypeAttributes.BeforeFieldInit"
Browse,Field,"System.Reflection.TypeAttributes System.Reflection.TypeAttributes.RTSpecialName"
Browse,Field,"System.Reflection.TypeAttributes System.Reflection.TypeAttributes.HasSecurity"
Browse,Field,"System.Int32 System.Reflection.GenericParameterAttributes.value__"
Browse,Field,"System.Reflection.GenericParameterAttributes System.Reflection.GenericParameterAttributes.None"
Browse,Field,"System.Reflection.GenericParameterAttributes System.Reflection.GenericParameterAttributes.VarianceMask"
Browse,Field,"System.Reflection.GenericParameterAttributes System.Reflection.GenericParameterAttributes.Covariant"
Browse,Field,"System.Reflection.GenericParameterAttributes System.Reflection.GenericParameterAttributes.Contravariant"
Browse,Field,"System.Reflection.GenericParameterAttributes System.Reflection.GenericParameterAttributes.SpecialConstraintMask"
Browse,Field,"System.Reflection.GenericParameterAttributes System.Reflection.GenericParameterAttributes.ReferenceTypeConstraint"
Browse,Field,"System.Reflection.GenericParameterAttributes System.Reflection.GenericParameterAttributes.NotNullableValueTypeConstraint"
Browse,Field,"System.Reflection.GenericParameterAttributes System.Reflection.GenericParameterAttributes.DefaultConstructorConstraint"
Browse,Field,"System.Int32 System.Diagnostics.Contracts.ContractFailureKind.value__"
Browse,Field,"System.Diagnostics.Contracts.ContractFailureKind System.Diagnostics.Contracts.ContractFailureKind.Precondition"
Browse,Field,"System.Diagnostics.Contracts.ContractFailureKind System.Diagnostics.Contracts.ContractFailureKind.Postcondition"
Browse,Field,"System.Diagnostics.Contracts.ContractFailureKind System.Diagnostics.Contracts.ContractFailureKind.PostconditionOnException"
Browse,Field,"System.Diagnostics.Contracts.ContractFailureKind System.Diagnostics.Contracts.ContractFailureKind.Invariant"
Browse,Field,"System.Diagnostics.Contracts.ContractFailureKind System.Diagnostics.Contracts.ContractFailureKind.Assert"
Browse,Field,"System.Diagnostics.Contracts.ContractFailureKind System.Diagnostics.Contracts.ContractFailureKind.Assume"
Browse,Field,"System.Int32 System.Globalization.CompareOptions.value__"
Browse,Field,"System.Globalization.CompareOptions System.Globalization.CompareOptions.None"
Browse,Field,"System.Globalization.CompareOptions System.Globalization.CompareOptions.IgnoreCase"
Browse,Field,"System.Globalization.CompareOptions System.Globalization.CompareOptions.IgnoreNonSpace"
Browse,Field,"System.Globalization.CompareOptions System.Globalization.CompareOptions.IgnoreSymbols"
Browse,Field,"System.Globalization.CompareOptions System.Globalization.CompareOptions.IgnoreKanaType"
Browse,Field,"System.Globalization.CompareOptions System.Globalization.CompareOptions.IgnoreWidth"
Browse,Field,"System.Globalization.CompareOptions System.Globalization.CompareOptions.OrdinalIgnoreCase"
Browse,Field,"System.Globalization.CompareOptions System.Globalization.CompareOptions.StringSort"
Browse,Field,"System.Globalization.CompareOptions System.Globalization.CompareOptions.Ordinal"
Browse,Field,"System.Int32 System.Globalization.CalendarWeekRule.value__"
Browse,Field,"System.Globalization.CalendarWeekRule System.Globalization.CalendarWeekRule.FirstDay"
Browse,Field,"System.Globalization.CalendarWeekRule System.Globalization.CalendarWeekRule.FirstFullWeek"
Browse,Field,"System.Globalization.CalendarWeekRule System.Globalization.CalendarWeekRule.FirstFourDayWeek"
Browse,Field,"System.Int32 System.Reflection.ResourceLocation.value__"
Browse,Field,"System.Reflection.ResourceLocation System.Reflection.ResourceLocation.ContainedInAnotherAssembly"
Browse,Field,"System.Reflection.ResourceLocation System.Reflection.ResourceLocation.ContainedInManifestFile"
Browse,Field,"System.Reflection.ResourceLocation System.Reflection.ResourceLocation.Embedded"
Browse,Field,"System.Int32 System.Runtime.InteropServices.ComTypes.DESCKIND.value__"
Browse,Field,"System.Runtime.InteropServices.ComTypes.DESCKIND System.Runtime.InteropServices.ComTypes.DESCKIND.DESCKIND_NONE"
Browse,Field,"System.Runtime.InteropServices.ComTypes.DESCKIND System.Runtime.InteropServices.ComTypes.DESCKIND.DESCKIND_FUNCDESC"
Browse,Field,"System.Runtime.InteropServices.ComTypes.DESCKIND System.Runtime.InteropServices.ComTypes.DESCKIND.DESCKIND_VARDESC"
Browse,Field,"System.Runtime.InteropServices.ComTypes.DESCKIND System.Runtime.InteropServices.ComTypes.DESCKIND.DESCKIND_TYPECOMP"
Browse,Field,"System.Runtime.InteropServices.ComTypes.DESCKIND System.Runtime.InteropServices.ComTypes.DESCKIND.DESCKIND_IMPLICITAPPOBJ"
Browse,Field,"System.Runtime.InteropServices.ComTypes.DESCKIND System.Runtime.InteropServices.ComTypes.DESCKIND.DESCKIND_MAX"
Browse,Field,"System.Int32 System.Runtime.InteropServices.ComTypes.TYPEKIND.value__"
Browse,Field,"System.Runtime.InteropServices.ComTypes.TYPEKIND System.Runtime.InteropServices.ComTypes.TYPEKIND.TKIND_ENUM"
Browse,Field,"System.Runtime.InteropServices.ComTypes.TYPEKIND System.Runtime.InteropServices.ComTypes.TYPEKIND.TKIND_RECORD"
Browse,Field,"System.Runtime.InteropServices.ComTypes.TYPEKIND System.Runtime.InteropServices.ComTypes.TYPEKIND.TKIND_MODULE"
Browse,Field,"System.Runtime.InteropServices.ComTypes.TYPEKIND System.Runtime.InteropServices.ComTypes.TYPEKIND.TKIND_INTERFACE"
Browse,Field,"System.Runtime.InteropServices.ComTypes.TYPEKIND System.Runtime.InteropServices.ComTypes.TYPEKIND.TKIND_DISPATCH"
Browse,Field,"System.Runtime.InteropServices.ComTypes.TYPEKIND System.Runtime.InteropServices.ComTypes.TYPEKIND.TKIND_COCLASS"
Browse,Field,"System.Runtime.InteropServices.ComTypes.TYPEKIND System.Runtime.InteropServices.ComTypes.TYPEKIND.TKIND_ALIAS"
Browse,Field,"System.Runtime.InteropServices.ComTypes.TYPEKIND System.Runtime.InteropServices.ComTypes.TYPEKIND.TKIND_UNION"
Browse,Field,"System.Runtime.InteropServices.ComTypes.TYPEKIND System.Runtime.InteropServices.ComTypes.TYPEKIND.TKIND_MAX"
Browse,Field,"Windows.UI.Xaml.Automation.Peers.PatternInterface Windows.UI.Xaml.Automation.Peers.PatternInterface.Invoke"
Browse,Field,"Windows.UI.Xaml.Automation.Peers.PatternInterface Windows.UI.Xaml.Automation.Peers.PatternInterface.Selection"
Browse,Field,"Windows.UI.Xaml.Automation.Peers.PatternInterface Windows.UI.Xaml.Automation.Peers.PatternInterface.Value"
Browse,Field,"Windows.UI.Xaml.Automation.Peers.PatternInterface Windows.UI.Xaml.Automation.Peers.PatternInterface.RangeValue"
Browse,Field,"Windows.UI.Xaml.Automation.Peers.PatternInterface Windows.UI.Xaml.Automation.Peers.PatternInterface.Scroll"
Browse,Field,"Windows.UI.Xaml.Automation.Peers.PatternInterface Windows.UI.Xaml.Automation.Peers.PatternInterface.ScrollItem"
Browse,Field,"Windows.UI.Xaml.Automation.Peers.PatternInterface Windows.UI.Xaml.Automation.Peers.PatternInterface.ExpandCollapse"
Browse,Field,"Windows.UI.Xaml.Automation.Peers.PatternInterface Windows.UI.Xaml.Automation.Peers.PatternInterface.Grid"
Browse,Field,"Windows.UI.Xaml.Automation.Peers.PatternInterface Windows.UI.Xaml.Automation.Peers.PatternInterface.GridItem"
Browse,Field,"Windows.UI.Xaml.Automation.Peers.PatternInterface Windows.UI.Xaml.Automation.Peers.PatternInterface.MultipleView"
Browse,Field,"Windows.UI.Xaml.Automation.Peers.PatternInterface Windows.UI.Xaml.Automation.Peers.PatternInterface.Window"
Browse,Field,"Windows.UI.Xaml.Automation.Peers.PatternInterface Windows.UI.Xaml.Automation.Peers.PatternInterface.SelectionItem"
Browse,Field,"Windows.UI.Xaml.Automation.Peers.PatternInterface Windows.UI.Xaml.Automation.Peers.PatternInterface.Dock"
Browse,Field,"Windows.UI.Xaml.Automation.Peers.PatternInterface Windows.UI.Xaml.Automation.Peers.PatternInterface.Table"
Browse,Field,"Windows.UI.Xaml.Automation.Peers.PatternInterface Windows.UI.Xaml.Automation.Peers.PatternInterface.TableItem"
Browse,Field,"Windows.UI.Xaml.Automation.Peers.PatternInterface Windows.UI.Xaml.Automation.Peers.PatternInterface.Toggle"
Browse,Field,"Windows.UI.Xaml.Automation.Peers.PatternInterface Windows.UI.Xaml.Automation.Peers.PatternInterface.Transform"
Browse,Field,"Windows.UI.Xaml.Automation.Peers.PatternInterface Windows.UI.Xaml.Automation.Peers.PatternInterface.Text"
Browse,Field,"Windows.UI.Xaml.Automation.Peers.PatternInterface Windows.UI.Xaml.Automation.Peers.PatternInterface.ItemContainer"
Browse,Field,"Windows.UI.Xaml.Automation.Peers.PatternInterface Windows.UI.Xaml.Automation.Peers.PatternInterface.VirtualizedItem"
Browse,Field,"Windows.UI.Xaml.Automation.Peers.PatternInterface Windows.UI.Xaml.Automation.Peers.PatternInterface.Text2"
Browse,Field,"Windows.UI.Xaml.Automation.Peers.PatternInterface Windows.UI.Xaml.Automation.Peers.PatternInterface.TextChild"
Browse,Field,"Windows.UI.Xaml.Automation.Peers.PatternInterface Windows.UI.Xaml.Automation.Peers.PatternInterface.TextRange"
Browse,Field,"Windows.UI.Xaml.Automation.Peers.PatternInterface Windows.UI.Xaml.Automation.Peers.PatternInterface.Annotation"
Browse,Field,"Windows.UI.Xaml.Automation.Peers.PatternInterface Windows.UI.Xaml.Automation.Peers.PatternInterface.Drag"
Browse,Field,"Windows.UI.Xaml.Automation.Peers.PatternInterface Windows.UI.Xaml.Automation.Peers.PatternInterface.DropTarget"
Browse,Field,"Windows.UI.Xaml.Automation.Peers.PatternInterface Windows.UI.Xaml.Automation.Peers.PatternInterface.ObjectModel"
Browse,Field,"Windows.UI.Xaml.Automation.Peers.PatternInterface Windows.UI.Xaml.Automation.Peers.PatternInterface.Spreadsheet"
Browse,Field,"Windows.UI.Xaml.Automation.Peers.PatternInterface Windows.UI.Xaml.Automation.Peers.PatternInterface.SpreadsheetItem"
Browse,Field,"Windows.UI.Xaml.Automation.Peers.PatternInterface Windows.UI.Xaml.Automation.Peers.PatternInterface.Styles"
Browse,Field,"Windows.UI.Xaml.Automation.Peers.PatternInterface Windows.UI.Xaml.Automation.Peers.PatternInterface.Transform2"
Browse,Field,"Windows.UI.Xaml.Automation.Peers.PatternInterface Windows.UI.Xaml.Automation.Peers.PatternInterface.SynchronizedInput"
Browse,Field,"Windows.UI.Xaml.Automation.Peers.PatternInterface Windows.UI.Xaml.Automation.Peers.PatternInterface.TextEdit"
Browse,Field,"Windows.UI.Xaml.Automation.Peers.PatternInterface Windows.UI.Xaml.Automation.Peers.PatternInterface.CustomNavigation"
Browse,Field,"Windows.UI.Xaml.Automation.Peers.AutomationControlType Windows.UI.Xaml.Automation.Peers.AutomationControlType.Button"
Browse,Field,"Windows.UI.Xaml.Automation.Peers.AutomationControlType Windows.UI.Xaml.Automation.Peers.AutomationControlType.Calendar"
Browse,Field,"Windows.UI.Xaml.Automation.Peers.AutomationControlType Windows.UI.Xaml.Automation.Peers.AutomationControlType.CheckBox"
Browse,Field,"Windows.UI.Xaml.Automation.Peers.AutomationControlType Windows.UI.Xaml.Automation.Peers.AutomationControlType.ComboBox"
Browse,Field,"Windows.UI.Xaml.Automation.Peers.AutomationControlType Windows.UI.Xaml.Automation.Peers.AutomationControlType.Edit"
Browse,Field,"Windows.UI.Xaml.Automation.Peers.AutomationControlType Windows.UI.Xaml.Automation.Peers.AutomationControlType.Hyperlink"
Browse,Field,"Windows.UI.Xaml.Automation.Peers.AutomationControlType Windows.UI.Xaml.Automation.Peers.AutomationControlType.Image"
Browse,Field,"Windows.UI.Xaml.Automation.Peers.AutomationControlType Windows.UI.Xaml.Automation.Peers.AutomationControlType.ListItem"
Browse,Field,"Windows.UI.Xaml.Automation.Peers.AutomationControlType Windows.UI.Xaml.Automation.Peers.AutomationControlType.List"
Browse,Field,"Windows.UI.Xaml.Automation.Peers.AutomationControlType Windows.UI.Xaml.Automation.Peers.AutomationControlType.Menu"
Browse,Field,"Windows.UI.Xaml.Automation.Peers.AutomationControlType Windows.UI.Xaml.Automation.Peers.AutomationControlType.MenuBar"
Browse,Field,"Windows.UI.Xaml.Automation.Peers.AutomationControlType Windows.UI.Xaml.Automation.Peers.AutomationControlType.MenuItem"
Browse,Field,"Windows.UI.Xaml.Automation.Peers.AutomationControlType Windows.UI.Xaml.Automation.Peers.AutomationControlType.ProgressBar"
Browse,Field,"Windows.UI.Xaml.Automation.Peers.AutomationControlType Windows.UI.Xaml.Automation.Peers.AutomationControlType.RadioButton"
Browse,Field,"Windows.UI.Xaml.Automation.Peers.AutomationControlType Windows.UI.Xaml.Automation.Peers.AutomationControlType.ScrollBar"
Browse,Field,"Windows.UI.Xaml.Automation.Peers.AutomationControlType Windows.UI.Xaml.Automation.Peers.AutomationControlType.Slider"
Browse,Field,"Windows.UI.Xaml.Automation.Peers.AutomationControlType Windows.UI.Xaml.Automation.Peers.AutomationControlType.Spinner"
Browse,Field,"Windows.UI.Xaml.Automation.Peers.AutomationControlType Windows.UI.Xaml.Automation.Peers.AutomationControlType.StatusBar"
Browse,Field,"Windows.UI.Xaml.Automation.Peers.AutomationControlType Windows.UI.Xaml.Automation.Peers.AutomationControlType.Tab"
Browse,Field,"Windows.UI.Xaml.Automation.Peers.AutomationControlType Windows.UI.Xaml.Automation.Peers.AutomationControlType.TabItem"
Browse,Field,"Windows.UI.Xaml.Automation.Peers.AutomationControlType Windows.UI.Xaml.Automation.Peers.AutomationControlType.Text"
Browse,Field,"Windows.UI.Xaml.Automation.Peers.AutomationControlType Windows.UI.Xaml.Automation.Peers.AutomationControlType.ToolBar"
Browse,Field,"Windows.UI.Xaml.Automation.Peers.AutomationControlType Windows.UI.Xaml.Automation.Peers.AutomationControlType.ToolTip"
Browse,Field,"Windows.UI.Xaml.Automation.Peers.AutomationControlType Windows.UI.Xaml.Automation.Peers.AutomationControlType.Tree"
Browse,Field,"Windows.UI.Xaml.Automation.Peers.AutomationControlType Windows.UI.Xaml.Automation.Peers.AutomationControlType.TreeItem"
Browse,Field,"Windows.UI.Xaml.Automation.Peers.AutomationControlType Windows.UI.Xaml.Automation.Peers.AutomationControlType.Custom"
Browse,Field,"Windows.UI.Xaml.Automation.Peers.AutomationControlType Windows.UI.Xaml.Automation.Peers.AutomationControlType.Group"
Browse,Field,"Windows.UI.Xaml.Automation.Peers.AutomationControlType Windows.UI.Xaml.Automation.Peers.AutomationControlType.Thumb"
Browse,Field,"Windows.UI.Xaml.Automation.Peers.AutomationControlType Windows.UI.Xaml.Automation.Peers.AutomationControlType.DataGrid"
Browse,Field,"Windows.UI.Xaml.Automation.Peers.AutomationControlType Windows.UI.Xaml.Automation.Peers.AutomationControlType.DataItem"
Browse,Field,"Windows.UI.Xaml.Automation.Peers.AutomationControlType Windows.UI.Xaml.Automation.Peers.AutomationControlType.Document"
Browse,Field,"Windows.UI.Xaml.Automation.Peers.AutomationControlType Windows.UI.Xaml.Automation.Peers.AutomationControlType.SplitButton"
Browse,Field,"Windows.UI.Xaml.Automation.Peers.AutomationControlType Windows.UI.Xaml.Automation.Peers.AutomationControlType.Window"
Browse,Field,"Windows.UI.Xaml.Automation.Peers.AutomationControlType Windows.UI.Xaml.Automation.Peers.AutomationControlType.Pane"
Browse,Field,"Windows.UI.Xaml.Automation.Peers.AutomationControlType Windows.UI.Xaml.Automation.Peers.AutomationControlType.Header"
Browse,Field,"Windows.UI.Xaml.Automation.Peers.AutomationControlType Windows.UI.Xaml.Automation.Peers.AutomationControlType.HeaderItem"
Browse,Field,"Windows.UI.Xaml.Automation.Peers.AutomationControlType Windows.UI.Xaml.Automation.Peers.AutomationControlType.Table"
Browse,Field,"Windows.UI.Xaml.Automation.Peers.AutomationControlType Windows.UI.Xaml.Automation.Peers.AutomationControlType.TitleBar"
Browse,Field,"Windows.UI.Xaml.Automation.Peers.AutomationControlType Windows.UI.Xaml.Automation.Peers.AutomationControlType.Separator"
Browse,Field,"Windows.UI.Xaml.Automation.Peers.AutomationControlType Windows.UI.Xaml.Automation.Peers.AutomationControlType.SemanticZoom"
Browse,Field,"Windows.UI.Xaml.Automation.Peers.AutomationControlType Windows.UI.Xaml.Automation.Peers.AutomationControlType.AppBar"
Browse,Field,"Windows.UI.Xaml.Automation.Peers.AutomationOrientation Windows.UI.Xaml.Automation.Peers.AutomationOrientation.None"
Browse,Field,"Windows.UI.Xaml.Automation.Peers.AutomationOrientation Windows.UI.Xaml.Automation.Peers.AutomationOrientation.Horizontal"
Browse,Field,"Windows.UI.Xaml.Automation.Peers.AutomationOrientation Windows.UI.Xaml.Automation.Peers.AutomationOrientation.Vertical"
Browse,Field,"Windows.UI.Xaml.Automation.Peers.AutomationLiveSetting Windows.UI.Xaml.Automation.Peers.AutomationLiveSetting.Off"
Browse,Field,"Windows.UI.Xaml.Automation.Peers.AutomationLiveSetting Windows.UI.Xaml.Automation.Peers.AutomationLiveSetting.Polite"
Browse,Field,"Windows.UI.Xaml.Automation.Peers.AutomationLiveSetting Windows.UI.Xaml.Automation.Peers.AutomationLiveSetting.Assertive"
Browse,Field,"Windows.UI.Xaml.Automation.Peers.AutomationNavigationDirection Windows.UI.Xaml.Automation.Peers.AutomationNavigationDirection.Parent"
Browse,Field,"Windows.UI.Xaml.Automation.Peers.AutomationNavigationDirection Windows.UI.Xaml.Automation.Peers.AutomationNavigationDirection.NextSibling"
Browse,Field,"Windows.UI.Xaml.Automation.Peers.AutomationNavigationDirection Windows.UI.Xaml.Automation.Peers.AutomationNavigationDirection.PreviousSibling"
Browse,Field,"Windows.UI.Xaml.Automation.Peers.AutomationNavigationDirection Windows.UI.Xaml.Automation.Peers.AutomationNavigationDirection.FirstChild"
Browse,Field,"Windows.UI.Xaml.Automation.Peers.AutomationNavigationDirection Windows.UI.Xaml.Automation.Peers.AutomationNavigationDirection.LastChild"
Browse,Field,"Windows.UI.Xaml.Automation.Peers.AutomationLandmarkType Windows.UI.Xaml.Automation.Peers.AutomationLandmarkType.None"
Browse,Field,"Windows.UI.Xaml.Automation.Peers.AutomationLandmarkType Windows.UI.Xaml.Automation.Peers.AutomationLandmarkType.Custom"
Browse,Field,"Windows.UI.Xaml.Automation.Peers.AutomationLandmarkType Windows.UI.Xaml.Automation.Peers.AutomationLandmarkType.Form"
Browse,Field,"Windows.UI.Xaml.Automation.Peers.AutomationLandmarkType Windows.UI.Xaml.Automation.Peers.AutomationLandmarkType.Main"
Browse,Field,"Windows.UI.Xaml.Automation.Peers.AutomationLandmarkType Windows.UI.Xaml.Automation.Peers.AutomationLandmarkType.Navigation"
Browse,Field,"Windows.UI.Xaml.Automation.Peers.AutomationLandmarkType Windows.UI.Xaml.Automation.Peers.AutomationLandmarkType.Search"
Browse,Field,"Windows.UI.Xaml.Automation.Peers.AutomationHeadingLevel Windows.UI.Xaml.Automation.Peers.AutomationHeadingLevel.None"
Browse,Field,"Windows.UI.Xaml.Automation.Peers.AutomationHeadingLevel Windows.UI.Xaml.Automation.Peers.AutomationHeadingLevel.Level1"
Browse,Field,"Windows.UI.Xaml.Automation.Peers.AutomationHeadingLevel Windows.UI.Xaml.Automation.Peers.AutomationHeadingLevel.Level2"
Browse,Field,"Windows.UI.Xaml.Automation.Peers.AutomationHeadingLevel Windows.UI.Xaml.Automation.Peers.AutomationHeadingLevel.Level3"
Browse,Field,"Windows.UI.Xaml.Automation.Peers.AutomationHeadingLevel Windows.UI.Xaml.Automation.Peers.AutomationHeadingLevel.Level4"
Browse,Field,"Windows.UI.Xaml.Automation.Peers.AutomationHeadingLevel Windows.UI.Xaml.Automation.Peers.AutomationHeadingLevel.Level5"
Browse,Field,"Windows.UI.Xaml.Automation.Peers.AutomationHeadingLevel Windows.UI.Xaml.Automation.Peers.AutomationHeadingLevel.Level6"
Browse,Field,"Windows.UI.Xaml.Automation.Peers.AutomationHeadingLevel Windows.UI.Xaml.Automation.Peers.AutomationHeadingLevel.Level7"
Browse,Field,"Windows.UI.Xaml.Automation.Peers.AutomationHeadingLevel Windows.UI.Xaml.Automation.Peers.AutomationHeadingLevel.Level8"
Browse,Field,"Windows.UI.Xaml.Automation.Peers.AutomationHeadingLevel Windows.UI.Xaml.Automation.Peers.AutomationHeadingLevel.Level9"
Browse,Field,"System.Int32 System.Xml.XmlDictionaryReaderQuotaTypes.value__"
Browse,Field,"System.Xml.XmlDictionaryReaderQuotaTypes System.Xml.XmlDictionaryReaderQuotaTypes.MaxDepth"
Browse,Field,"System.Xml.XmlDictionaryReaderQuotaTypes System.Xml.XmlDictionaryReaderQuotaTypes.MaxStringContentLength"
Browse,Field,"System.Xml.XmlDictionaryReaderQuotaTypes System.Xml.XmlDictionaryReaderQuotaTypes.MaxArrayLength"
Browse,Field,"System.Xml.XmlDictionaryReaderQuotaTypes System.Xml.XmlDictionaryReaderQuotaTypes.MaxBytesPerRead"
Browse,Field,"System.Xml.XmlDictionaryReaderQuotaTypes System.Xml.XmlDictionaryReaderQuotaTypes.MaxNameTableCharCount"
Browse,Field,"System.Int32 System.Xml.XmlNodeChangedAction.value__"
Browse,Field,"System.Xml.XmlNodeChangedAction System.Xml.XmlNodeChangedAction.Insert"
Browse,Field,"System.Xml.XmlNodeChangedAction System.Xml.XmlNodeChangedAction.Remove"
Browse,Field,"System.Xml.XmlNodeChangedAction System.Xml.XmlNodeChangedAction.Change"
Browse,Field,"System.Int32 System.Xml.Schema.XsdDuration.DurationType.value__"
Browse,Field,"System.Xml.Schema.XsdDuration.DurationType System.Xml.Schema.XsdDuration.DurationType.Duration"
Browse,Field,"System.Xml.Schema.XsdDuration.DurationType System.Xml.Schema.XsdDuration.DurationType.YearMonthDuration"
Browse,Field,"System.Xml.Schema.XsdDuration.DurationType System.Xml.Schema.XsdDuration.DurationType.DayTimeDuration"
Browse,Field,"System.Int32 System.Net.Http.HttpCompletionOption.value__"
Browse,Field,"System.Net.Http.HttpCompletionOption System.Net.Http.HttpCompletionOption.ResponseContentRead"
Browse,Field,"System.Net.Http.HttpCompletionOption System.Net.Http.HttpCompletionOption.ResponseHeadersRead"
Browse,Field,"System.Int32 System.Xml.TriState.value__"
Browse,Field,"System.Xml.TriState System.Xml.TriState.Unknown"
Browse,Field,"System.Xml.TriState System.Xml.TriState.False"
Browse,Field,"System.Xml.TriState System.Xml.TriState.True"
Browse,Field,"System.Int32 System.Reflection.EventAttributes.value__"
Browse,Field,"System.Reflection.EventAttributes System.Reflection.EventAttributes.None"
Browse,Field,"System.Reflection.EventAttributes System.Reflection.EventAttributes.SpecialName"
Browse,Field,"System.Reflection.EventAttributes System.Reflection.EventAttributes.RTSpecialName"
Browse,Field,"System.Int32 System.Xml.Serialization.XmlMappingAccess.value__"
Browse,Field,"System.Xml.Serialization.XmlMappingAccess System.Xml.Serialization.XmlMappingAccess.None"
Browse,Field,"System.Xml.Serialization.XmlMappingAccess System.Xml.Serialization.XmlMappingAccess.Read"
Browse,Field,"System.Xml.Serialization.XmlMappingAccess System.Xml.Serialization.XmlMappingAccess.Write"
Browse,Field,"Windows.Web.Http.Filters.HttpCacheReadBehavior Windows.Web.Http.Filters.HttpCacheReadBehavior.Default"
Browse,Field,"Windows.Web.Http.Filters.HttpCacheReadBehavior Windows.Web.Http.Filters.HttpCacheReadBehavior.MostRecent"
Browse,Field,"Windows.Web.Http.Filters.HttpCacheReadBehavior Windows.Web.Http.Filters.HttpCacheReadBehavior.OnlyFromCache"
Browse,Field,"Windows.Web.Http.Filters.HttpCacheReadBehavior Windows.Web.Http.Filters.HttpCacheReadBehavior.NoCache"
Browse,Field,"Windows.Web.Http.Filters.HttpCacheWriteBehavior Windows.Web.Http.Filters.HttpCacheWriteBehavior.Default"
Browse,Field,"Windows.Web.Http.Filters.HttpCacheWriteBehavior Windows.Web.Http.Filters.HttpCacheWriteBehavior.NoCache"
Browse,Field,"System.Int32 System.Xml.NewLineHandling.value__"
Browse,Field,"System.Xml.NewLineHandling System.Xml.NewLineHandling.Replace"
Browse,Field,"System.Xml.NewLineHandling System.Xml.NewLineHandling.Entitize"
Browse,Field,"System.Xml.NewLineHandling System.Xml.NewLineHandling.None"
Browse,Field,"System.Int32 System.Xml.NamespaceHandling.value__"
Browse,Field,"System.Xml.NamespaceHandling System.Xml.NamespaceHandling.Default"
Browse,Field,"System.Xml.NamespaceHandling System.Xml.NamespaceHandling.OmitDuplicates"
Browse,Field,"System.Int32 System.Xml.ConformanceLevel.value__"
Browse,Field,"System.Xml.ConformanceLevel System.Xml.ConformanceLevel.Auto"
Browse,Field,"System.Xml.ConformanceLevel System.Xml.ConformanceLevel.Fragment"
Browse,Field,"System.Xml.ConformanceLevel System.Xml.ConformanceLevel.Document"
Browse,Field,"System.Int32 System.Net.Http.ClientCertificateOption.value__"
Browse,Field,"System.Net.Http.ClientCertificateOption System.Net.Http.ClientCertificateOption.Manual"
Browse,Field,"System.Net.Http.ClientCertificateOption System.Net.Http.ClientCertificateOption.Automatic"
Browse,Field,"System.Int32 System.Net.DecompressionMethods.value__"
Browse,Field,"System.Net.DecompressionMethods System.Net.DecompressionMethods.None"
Browse,Field,"System.Net.DecompressionMethods System.Net.DecompressionMethods.GZip"
Browse,Field,"System.Net.DecompressionMethods System.Net.DecompressionMethods.Deflate"
Browse,Field,"System.Int32 System.Xml.Schema.XsdDuration.Parts.value__"
Browse,Field,"System.Xml.Schema.XsdDuration.Parts System.Xml.Schema.XsdDuration.Parts.HasNone"
Browse,Field,"System.Xml.Schema.XsdDuration.Parts System.Xml.Schema.XsdDuration.Parts.HasYears"
Browse,Field,"System.Xml.Schema.XsdDuration.Parts System.Xml.Schema.XsdDuration.Parts.HasMonths"
Browse,Field,"System.Xml.Schema.XsdDuration.Parts System.Xml.Schema.XsdDuration.Parts.HasDays"
Browse,Field,"System.Xml.Schema.XsdDuration.Parts System.Xml.Schema.XsdDuration.Parts.HasHours"
Browse,Field,"System.Xml.Schema.XsdDuration.Parts System.Xml.Schema.XsdDuration.Parts.HasMinutes"
Browse,Field,"System.Xml.Schema.XsdDuration.Parts System.Xml.Schema.XsdDuration.Parts.HasSeconds"
Browse,Field,"System.Int32 System.Xml.XmlBaseReader.QNameType.value__"
Browse,Field,"System.Xml.XmlBaseReader.QNameType System.Xml.XmlBaseReader.QNameType.Normal"
Browse,Field,"System.Xml.XmlBaseReader.QNameType System.Xml.XmlBaseReader.QNameType.Xmlns"
Browse,Field,"System.Int32 System.Xml.PrefixHandleType.value__"
Browse,Field,"System.Xml.PrefixHandleType System.Xml.PrefixHandleType.Empty"
Browse,Field,"System.Xml.PrefixHandleType System.Xml.PrefixHandleType.A"
Browse,Field,"System.Xml.PrefixHandleType System.Xml.PrefixHandleType.B"
Browse,Field,"System.Xml.PrefixHandleType System.Xml.PrefixHandleType.C"
Browse,Field,"System.Xml.PrefixHandleType System.Xml.PrefixHandleType.D"
Browse,Field,"System.Xml.PrefixHandleType System.Xml.PrefixHandleType.E"
Browse,Field,"System.Xml.PrefixHandleType System.Xml.PrefixHandleType.F"
Browse,Field,"System.Xml.PrefixHandleType System.Xml.PrefixHandleType.G"
Browse,Field,"System.Xml.PrefixHandleType System.Xml.PrefixHandleType.H"
Browse,Field,"System.Xml.PrefixHandleType System.Xml.PrefixHandleType.I"
Browse,Field,"System.Xml.PrefixHandleType System.Xml.PrefixHandleType.J"
Browse,Field,"System.Xml.PrefixHandleType System.Xml.PrefixHandleType.K"
Browse,Field,"System.Xml.PrefixHandleType System.Xml.PrefixHandleType.L"
Browse,Field,"System.Xml.PrefixHandleType System.Xml.PrefixHandleType.M"
Browse,Field,"System.Xml.PrefixHandleType System.Xml.PrefixHandleType.N"
Browse,Field,"System.Xml.PrefixHandleType System.Xml.PrefixHandleType.O"
Browse,Field,"System.Xml.PrefixHandleType System.Xml.PrefixHandleType.P"
Browse,Field,"System.Xml.PrefixHandleType System.Xml.PrefixHandleType.Q"
Browse,Field,"System.Xml.PrefixHandleType System.Xml.PrefixHandleType.R"
Browse,Field,"System.Xml.PrefixHandleType System.Xml.PrefixHandleType.S"
Browse,Field,"System.Xml.PrefixHandleType System.Xml.PrefixHandleType.T"
Browse,Field,"System.Xml.PrefixHandleType System.Xml.PrefixHandleType.U"
Browse,Field,"System.Xml.PrefixHandleType System.Xml.PrefixHandleType.V"
Browse,Field,"System.Xml.PrefixHandleType System.Xml.PrefixHandleType.W"
Browse,Field,"System.Xml.PrefixHandleType System.Xml.PrefixHandleType.X"
Browse,Field,"System.Xml.PrefixHandleType System.Xml.PrefixHandleType.Y"
Browse,Field,"System.Xml.PrefixHandleType System.Xml.PrefixHandleType.Z"
Browse,Field,"System.Xml.PrefixHandleType System.Xml.PrefixHandleType.Buffer"
Browse,Field,"System.Xml.PrefixHandleType System.Xml.PrefixHandleType.Max"
Browse,Field,"System.Int32 System.Runtime.Serialization.Json.XmlJsonReader.JsonComplexTextMode.value__"
Browse,Field,"System.Runtime.Serialization.Json.XmlJsonReader.JsonComplexTextMode System.Runtime.Serialization.Json.XmlJsonReader.JsonComplexTextMode.QuotedText"
Browse,Field,"System.Runtime.Serialization.Json.XmlJsonReader.JsonComplexTextMode System.Runtime.Serialization.Json.XmlJsonReader.JsonComplexTextMode.NumericalText"
Browse,Field,"System.Runtime.Serialization.Json.XmlJsonReader.JsonComplexTextMode System.Runtime.Serialization.Json.XmlJsonReader.JsonComplexTextMode.None"
Browse,Field,"System.Int32 System.Diagnostics.Tracing.EventFieldFormat.value__"
Browse,Field,"System.Diagnostics.Tracing.EventFieldFormat System.Diagnostics.Tracing.EventFieldFormat.Default"
Browse,Field,"System.Diagnostics.Tracing.EventFieldFormat System.Diagnostics.Tracing.EventFieldFormat.String"
Browse,Field,"System.Diagnostics.Tracing.EventFieldFormat System.Diagnostics.Tracing.EventFieldFormat.Boolean"
Browse,Field,"System.Diagnostics.Tracing.EventFieldFormat System.Diagnostics.Tracing.EventFieldFormat.Hexadecimal"
Browse,Field,"System.Diagnostics.Tracing.EventFieldFormat System.Diagnostics.Tracing.EventFieldFormat.Xml"
Browse,Field,"System.Diagnostics.Tracing.EventFieldFormat System.Diagnostics.Tracing.EventFieldFormat.Json"
Browse,Field,"System.Diagnostics.Tracing.EventFieldFormat System.Diagnostics.Tracing.EventFieldFormat.HResult"
Browse,Field,"Windows.Storage.FileAccessMode Windows.Storage.FileAccessMode.Read"
Browse,Field,"Windows.Storage.FileAccessMode Windows.Storage.FileAccessMode.ReadWrite"
Browse,Field,"System.Int32 System.Threading.LockRecursionPolicy.value__"
Browse,Field,"System.Threading.LockRecursionPolicy System.Threading.LockRecursionPolicy.NoRecursion"
Browse,Field,"System.Threading.LockRecursionPolicy System.Threading.LockRecursionPolicy.SupportsRecursion"
Browse,Field,"System.Int32 System.Xml.XmlWellFormedWriter.NamespaceKind.value__"
Browse,Field,"System.Xml.XmlWellFormedWriter.NamespaceKind System.Xml.XmlWellFormedWriter.NamespaceKind.Written"
Browse,Field,"System.Xml.XmlWellFormedWriter.NamespaceKind System.Xml.XmlWellFormedWriter.NamespaceKind.NeedToWrite"
Browse,Field,"System.Xml.XmlWellFormedWriter.NamespaceKind System.Xml.XmlWellFormedWriter.NamespaceKind.Implied"
Browse,Field,"System.Xml.XmlWellFormedWriter.NamespaceKind System.Xml.XmlWellFormedWriter.NamespaceKind.Special"
Browse,Field,"System.Int32 System.Runtime.Serialization.Json.JsonNodeType.value__"
Browse,Field,"System.Runtime.Serialization.Json.JsonNodeType System.Runtime.Serialization.Json.JsonNodeType.None"
Browse,Field,"System.Runtime.Serialization.Json.JsonNodeType System.Runtime.Serialization.Json.JsonNodeType.Object"
Browse,Field,"System.Runtime.Serialization.Json.JsonNodeType System.Runtime.Serialization.Json.JsonNodeType.Element"
Browse,Field,"System.Runtime.Serialization.Json.JsonNodeType System.Runtime.Serialization.Json.JsonNodeType.EndElement"
Browse,Field,"System.Runtime.Serialization.Json.JsonNodeType System.Runtime.Serialization.Json.JsonNodeType.QuotedText"
Browse,Field,"System.Runtime.Serialization.Json.JsonNodeType System.Runtime.Serialization.Json.JsonNodeType.StandaloneText"
Browse,Field,"System.Runtime.Serialization.Json.JsonNodeType System.Runtime.Serialization.Json.JsonNodeType.Collection"
Browse,Field,"System.Int32 System.Xml.StringHandleConstStringType.value__"
Browse,Field,"System.Xml.StringHandleConstStringType System.Xml.StringHandleConstStringType.Type"
Browse,Field,"System.Xml.StringHandleConstStringType System.Xml.StringHandleConstStringType.Root"
Browse,Field,"System.Xml.StringHandleConstStringType System.Xml.StringHandleConstStringType.Item"
Browse,Field,"System.Int32 System.Xml.ValueHandleType.value__"
Browse,Field,"System.Xml.ValueHandleType System.Xml.ValueHandleType.Empty"
Browse,Field,"System.Xml.ValueHandleType System.Xml.ValueHandleType.True"
Browse,Field,"System.Xml.ValueHandleType System.Xml.ValueHandleType.False"
Browse,Field,"System.Xml.ValueHandleType System.Xml.ValueHandleType.Zero"
Browse,Field,"System.Xml.ValueHandleType System.Xml.ValueHandleType.One"
Browse,Field,"System.Xml.ValueHandleType System.Xml.ValueHandleType.Int8"
Browse,Field,"System.Xml.ValueHandleType System.Xml.ValueHandleType.Int16"
Browse,Field,"System.Xml.ValueHandleType System.Xml.ValueHandleType.Int32"
Browse,Field,"System.Xml.ValueHandleType System.Xml.ValueHandleType.Int64"
Browse,Field,"System.Xml.ValueHandleType System.Xml.ValueHandleType.UInt64"
Browse,Field,"System.Xml.ValueHandleType System.Xml.ValueHandleType.Single"
Browse,Field,"System.Xml.ValueHandleType System.Xml.ValueHandleType.Double"
Browse,Field,"System.Xml.ValueHandleType System.Xml.ValueHandleType.Decimal"
Browse,Field,"System.Xml.ValueHandleType System.Xml.ValueHandleType.DateTime"
Browse,Field,"System.Xml.ValueHandleType System.Xml.ValueHandleType.TimeSpan"
Browse,Field,"System.Xml.ValueHandleType System.Xml.ValueHandleType.Guid"
Browse,Field,"System.Xml.ValueHandleType System.Xml.ValueHandleType.UniqueId"
Browse,Field,"System.Xml.ValueHandleType System.Xml.ValueHandleType.UTF8"
Browse,Field,"System.Xml.ValueHandleType System.Xml.ValueHandleType.EscapedUTF8"
Browse,Field,"System.Xml.ValueHandleType System.Xml.ValueHandleType.Base64"
Browse,Field,"System.Xml.ValueHandleType System.Xml.ValueHandleType.Dictionary"
Browse,Field,"System.Xml.ValueHandleType System.Xml.ValueHandleType.List"
Browse,Field,"System.Xml.ValueHandleType System.Xml.ValueHandleType.Char"
Browse,Field,"System.Xml.ValueHandleType System.Xml.ValueHandleType.Unicode"
Browse,Field,"System.Xml.ValueHandleType System.Xml.ValueHandleType.QName"
Browse,Field,"System.Xml.ValueHandleType System.Xml.ValueHandleType.ConstString"
Browse,Field,"System.Int32 System.Xml.XmlWellFormedWriter.State.value__"
Browse,Field,"System.Xml.XmlWellFormedWriter.State System.Xml.XmlWellFormedWriter.State.Start"
Browse,Field,"System.Xml.XmlWellFormedWriter.State System.Xml.XmlWellFormedWriter.State.TopLevel"
Browse,Field,"System.Xml.XmlWellFormedWriter.State System.Xml.XmlWellFormedWriter.State.Document"
Browse,Field,"System.Xml.XmlWellFormedWriter.State System.Xml.XmlWellFormedWriter.State.Element"
Browse,Field,"System.Xml.XmlWellFormedWriter.State System.Xml.XmlWellFormedWriter.State.Content"
Browse,Field,"System.Xml.XmlWellFormedWriter.State System.Xml.XmlWellFormedWriter.State.B64Content"
Browse,Field,"System.Xml.XmlWellFormedWriter.State System.Xml.XmlWellFormedWriter.State.B64Attribute"
Browse,Field,"System.Xml.XmlWellFormedWriter.State System.Xml.XmlWellFormedWriter.State.AfterRootEle"
Browse,Field,"System.Xml.XmlWellFormedWriter.State System.Xml.XmlWellFormedWriter.State.Attribute"
Browse,Field,"System.Xml.XmlWellFormedWriter.State System.Xml.XmlWellFormedWriter.State.SpecialAttr"
Browse,Field,"System.Xml.XmlWellFormedWriter.State System.Xml.XmlWellFormedWriter.State.EndDocument"
Browse,Field,"System.Xml.XmlWellFormedWriter.State System.Xml.XmlWellFormedWriter.State.RootLevelAttr"
Browse,Field,"System.Xml.XmlWellFormedWriter.State System.Xml.XmlWellFormedWriter.State.RootLevelSpecAttr"
Browse,Field,"System.Xml.XmlWellFormedWriter.State System.Xml.XmlWellFormedWriter.State.RootLevelB64Attr"
Browse,Field,"System.Xml.XmlWellFormedWriter.State System.Xml.XmlWellFormedWriter.State.AfterRootLevelAttr"
Browse,Field,"System.Xml.XmlWellFormedWriter.State System.Xml.XmlWellFormedWriter.State.Closed"
Browse,Field,"System.Xml.XmlWellFormedWriter.State System.Xml.XmlWellFormedWriter.State.Error"
Browse,Field,"System.Xml.XmlWellFormedWriter.State System.Xml.XmlWellFormedWriter.State.StartContent"
Browse,Field,"System.Xml.XmlWellFormedWriter.State System.Xml.XmlWellFormedWriter.State.StartContentEle"
Browse,Field,"System.Xml.XmlWellFormedWriter.State System.Xml.XmlWellFormedWriter.State.StartContentB64"
Browse,Field,"System.Xml.XmlWellFormedWriter.State System.Xml.XmlWellFormedWriter.State.StartDoc"
Browse,Field,"System.Xml.XmlWellFormedWriter.State System.Xml.XmlWellFormedWriter.State.StartDocEle"
Browse,Field,"System.Xml.XmlWellFormedWriter.State System.Xml.XmlWellFormedWriter.State.EndAttrSEle"
Browse,Field,"System.Xml.XmlWellFormedWriter.State System.Xml.XmlWellFormedWriter.State.EndAttrEEle"
Browse,Field,"System.Xml.XmlWellFormedWriter.State System.Xml.XmlWellFormedWriter.State.EndAttrSCont"
Browse,Field,"System.Xml.XmlWellFormedWriter.State System.Xml.XmlWellFormedWriter.State.EndAttrSAttr"
Browse,Field,"System.Xml.XmlWellFormedWriter.State System.Xml.XmlWellFormedWriter.State.PostB64Cont"
Browse,Field,"System.Xml.XmlWellFormedWriter.State System.Xml.XmlWellFormedWriter.State.PostB64Attr"
Browse,Field,"System.Xml.XmlWellFormedWriter.State System.Xml.XmlWellFormedWriter.State.PostB64RootAttr"
Browse,Field,"System.Xml.XmlWellFormedWriter.State System.Xml.XmlWellFormedWriter.State.StartFragEle"
Browse,Field,"System.Xml.XmlWellFormedWriter.State System.Xml.XmlWellFormedWriter.State.StartFragCont"
Browse,Field,"System.Xml.XmlWellFormedWriter.State System.Xml.XmlWellFormedWriter.State.StartFragB64"
Browse,Field,"System.Xml.XmlWellFormedWriter.State System.Xml.XmlWellFormedWriter.State.StartRootLevelAttr"
Browse,Field,"System.Int32 System.Xml.XmlWellFormedWriter.SpecialAttribute.value__"
Browse,Field,"System.Xml.XmlWellFormedWriter.SpecialAttribute System.Xml.XmlWellFormedWriter.SpecialAttribute.No"
Browse,Field,"System.Xml.XmlWellFormedWriter.SpecialAttribute System.Xml.XmlWellFormedWriter.SpecialAttribute.DefaultXmlns"
Browse,Field,"System.Xml.XmlWellFormedWriter.SpecialAttribute System.Xml.XmlWellFormedWriter.SpecialAttribute.PrefixedXmlns"
Browse,Field,"System.Xml.XmlWellFormedWriter.SpecialAttribute System.Xml.XmlWellFormedWriter.SpecialAttribute.XmlSpace"
Browse,Field,"System.Xml.XmlWellFormedWriter.SpecialAttribute System.Xml.XmlWellFormedWriter.SpecialAttribute.XmlLang"
Browse,Field,"System.Int32 System.Xml.XmlTextReaderImpl.ParsingFunction.value__"
Browse,Field,"System.Xml.XmlTextReaderImpl.ParsingFunction System.Xml.XmlTextReaderImpl.ParsingFunction.ElementContent"
Browse,Field,"System.Xml.XmlTextReaderImpl.ParsingFunction System.Xml.XmlTextReaderImpl.ParsingFunction.NoData"
Browse,Field,"System.Xml.XmlTextReaderImpl.ParsingFunction System.Xml.XmlTextReaderImpl.ParsingFunction.SwitchToInteractive"
Browse,Field,"System.Xml.XmlTextReaderImpl.ParsingFunction System.Xml.XmlTextReaderImpl.ParsingFunction.SwitchToInteractiveXmlDecl"
Browse,Field,"System.Xml.XmlTextReaderImpl.ParsingFunction System.Xml.XmlTextReaderImpl.ParsingFunction.DocumentContent"
Browse,Field,"System.Xml.XmlTextReaderImpl.ParsingFunction System.Xml.XmlTextReaderImpl.ParsingFunction.MoveToElementContent"
Browse,Field,"System.Xml.XmlTextReaderImpl.ParsingFunction System.Xml.XmlTextReaderImpl.ParsingFunction.PopElementContext"
Browse,Field,"System.Xml.XmlTextReaderImpl.ParsingFunction System.Xml.XmlTextReaderImpl.ParsingFunction.PopEmptyElementContext"
Browse,Field,"System.Xml.XmlTextReaderImpl.ParsingFunction System.Xml.XmlTextReaderImpl.ParsingFunction.ResetAttributesRootLevel"
Browse,Field,"System.Xml.XmlTextReaderImpl.ParsingFunction System.Xml.XmlTextReaderImpl.ParsingFunction.Error"
Browse,Field,"System.Xml.XmlTextReaderImpl.ParsingFunction System.Xml.XmlTextReaderImpl.ParsingFunction.Eof"
Browse,Field,"System.Xml.XmlTextReaderImpl.ParsingFunction System.Xml.XmlTextReaderImpl.ParsingFunction.ReaderClosed"
Browse,Field,"System.Xml.XmlTextReaderImpl.ParsingFunction System.Xml.XmlTextReaderImpl.ParsingFunction.EntityReference"
Browse,Field,"System.Xml.XmlTextReaderImpl.ParsingFunction System.Xml.XmlTextReaderImpl.ParsingFunction.InIncrementalRead"
Browse,Field,"System.Xml.XmlTextReaderImpl.ParsingFunction System.Xml.XmlTextReaderImpl.ParsingFunction.XmlDeclarationFragment"
Browse,Field,"System.Xml.XmlTextReaderImpl.ParsingFunction System.Xml.XmlTextReaderImpl.ParsingFunction.GoToEof"
Browse,Field,"System.Xml.XmlTextReaderImpl.ParsingFunction System.Xml.XmlTextReaderImpl.ParsingFunction.PartialTextValue"
Browse,Field,"System.Xml.XmlTextReaderImpl.ParsingFunction System.Xml.XmlTextReaderImpl.ParsingFunction.InReadAttributeValue"
Browse,Field,"System.Xml.XmlTextReaderImpl.ParsingFunction System.Xml.XmlTextReaderImpl.ParsingFunction.InReadValueChunk"
Browse,Field,"System.Xml.XmlTextReaderImpl.ParsingFunction System.Xml.XmlTextReaderImpl.ParsingFunction.InReadContentAsBinary"
Browse,Field,"System.Xml.XmlTextReaderImpl.ParsingFunction System.Xml.XmlTextReaderImpl.ParsingFunction.InReadElementContentAsBinary"
Browse,Field,"System.Int32 System.Xml.StringHandle.StringHandleType.value__"
Browse,Field,"System.Xml.StringHandle.StringHandleType System.Xml.StringHandle.StringHandleType.Dictionary"
Browse,Field,"System.Xml.StringHandle.StringHandleType System.Xml.StringHandle.StringHandleType.UTF8"
Browse,Field,"System.Xml.StringHandle.StringHandleType System.Xml.StringHandle.StringHandleType.EscapedUTF8"
Browse,Field,"System.Xml.StringHandle.StringHandleType System.Xml.StringHandle.StringHandleType.ConstString"
Browse,Field,"System.Int32 System.Threading.LazyThreadSafetyMode.value__"
Browse,Field,"System.Threading.LazyThreadSafetyMode System.Threading.LazyThreadSafetyMode.None"
Browse,Field,"System.Threading.LazyThreadSafetyMode System.Threading.LazyThreadSafetyMode.PublicationOnly"
Browse,Field,"System.Threading.LazyThreadSafetyMode System.Threading.LazyThreadSafetyMode.ExecutionAndPublication"
Browse,Field,"System.Int32 System.Xml.XmlStandalone.value__"
Browse,Field,"System.Xml.XmlStandalone System.Xml.XmlStandalone.Omit"
Browse,Field,"System.Xml.XmlStandalone System.Xml.XmlStandalone.Yes"
Browse,Field,"System.Xml.XmlStandalone System.Xml.XmlStandalone.No"
Browse,Field,"System.Int32 System.Xml.XmlWellFormedWriter.Token.value__"
Browse,Field,"System.Xml.XmlWellFormedWriter.Token System.Xml.XmlWellFormedWriter.Token.StartDocument"
Browse,Field,"System.Xml.XmlWellFormedWriter.Token System.Xml.XmlWellFormedWriter.Token.EndDocument"
Browse,Field,"System.Xml.XmlWellFormedWriter.Token System.Xml.XmlWellFormedWriter.Token.PI"
Browse,Field,"System.Xml.XmlWellFormedWriter.Token System.Xml.XmlWellFormedWriter.Token.Comment"
Browse,Field,"System.Xml.XmlWellFormedWriter.Token System.Xml.XmlWellFormedWriter.Token.Dtd"
Browse,Field,"System.Xml.XmlWellFormedWriter.Token System.Xml.XmlWellFormedWriter.Token.StartElement"
Browse,Field,"System.Xml.XmlWellFormedWriter.Token System.Xml.XmlWellFormedWriter.Token.EndElement"
Browse,Field,"System.Xml.XmlWellFormedWriter.Token System.Xml.XmlWellFormedWriter.Token.StartAttribute"
Browse,Field,"System.Xml.XmlWellFormedWriter.Token System.Xml.XmlWellFormedWriter.Token.EndAttribute"
Browse,Field,"System.Xml.XmlWellFormedWriter.Token System.Xml.XmlWellFormedWriter.Token.Text"
Browse,Field,"System.Xml.XmlWellFormedWriter.Token System.Xml.XmlWellFormedWriter.Token.CData"
Browse,Field,"System.Xml.XmlWellFormedWriter.Token System.Xml.XmlWellFormedWriter.Token.AtomicValue"
Browse,Field,"System.Xml.XmlWellFormedWriter.Token System.Xml.XmlWellFormedWriter.Token.Base64"
Browse,Field,"System.Xml.XmlWellFormedWriter.Token System.Xml.XmlWellFormedWriter.Token.RawData"
Browse,Field,"System.Xml.XmlWellFormedWriter.Token System.Xml.XmlWellFormedWriter.Token.Whitespace"
Browse,Field,"System.Int32 System.Xml.EncodingStreamWrapper.SupportedEncoding.value__"
Browse,Field,"System.Xml.EncodingStreamWrapper.SupportedEncoding System.Xml.EncodingStreamWrapper.SupportedEncoding.UTF8"
Browse,Field,"System.Xml.EncodingStreamWrapper.SupportedEncoding System.Xml.EncodingStreamWrapper.SupportedEncoding.UTF16LE"
Browse,Field,"System.Xml.EncodingStreamWrapper.SupportedEncoding System.Xml.EncodingStreamWrapper.SupportedEncoding.UTF16BE"
Browse,Field,"System.Xml.EncodingStreamWrapper.SupportedEncoding System.Xml.EncodingStreamWrapper.SupportedEncoding.None"
Browse,Field,"Windows.Web.Http.Filters.HttpCookieUsageBehavior Windows.Web.Http.Filters.HttpCookieUsageBehavior.Default"
Browse,Field,"Windows.Web.Http.Filters.HttpCookieUsageBehavior Windows.Web.Http.Filters.HttpCookieUsageBehavior.NoCookies"
Browse,Field,"System.Byte System.Xml.XmlBaseWriter.DocumentState.value__"
Browse,Field,"System.Xml.XmlBaseWriter.DocumentState System.Xml.XmlBaseWriter.DocumentState.None"
Browse,Field,"System.Xml.XmlBaseWriter.DocumentState System.Xml.XmlBaseWriter.DocumentState.Document"
Browse,Field,"System.Xml.XmlBaseWriter.DocumentState System.Xml.XmlBaseWriter.DocumentState.Epilog"
Browse,Field,"System.Xml.XmlBaseWriter.DocumentState System.Xml.XmlBaseWriter.DocumentState.End"
Browse,Field,"System.Int32 System.Xml.XmlTextReaderImpl.InitInputType.value__"
Browse,Field,"System.Xml.XmlTextReaderImpl.InitInputType System.Xml.XmlTextReaderImpl.InitInputType.UriString"
Browse,Field,"System.Xml.XmlTextReaderImpl.InitInputType System.Xml.XmlTextReaderImpl.InitInputType.Stream"
Browse,Field,"System.Xml.XmlTextReaderImpl.InitInputType System.Xml.XmlTextReaderImpl.InitInputType.TextReader"
Browse,Field,"System.Xml.XmlTextReaderImpl.InitInputType System.Xml.XmlTextReaderImpl.InitInputType.Invalid"
Browse,Field,"System.Int32 System.Xml.XmlTextReaderImpl.ParsingMode.value__"
Browse,Field,"System.Xml.XmlTextReaderImpl.ParsingMode System.Xml.XmlTextReaderImpl.ParsingMode.Full"
Browse,Field,"System.Xml.XmlTextReaderImpl.ParsingMode System.Xml.XmlTextReaderImpl.ParsingMode.SkipNode"
Browse,Field,"System.Xml.XmlTextReaderImpl.ParsingMode System.Xml.XmlTextReaderImpl.ParsingMode.SkipContent"
Browse,Field,"System.Int32 System.Xml.XmlTextReaderImpl.IncrementalReadState.value__"
Browse,Field,"System.Xml.XmlTextReaderImpl.IncrementalReadState System.Xml.XmlTextReaderImpl.IncrementalReadState.Text"
Browse,Field,"System.Xml.XmlTextReaderImpl.IncrementalReadState System.Xml.XmlTextReaderImpl.IncrementalReadState.StartTag"
Browse,Field,"System.Xml.XmlTextReaderImpl.IncrementalReadState System.Xml.XmlTextReaderImpl.IncrementalReadState.PI"
Browse,Field,"System.Xml.XmlTextReaderImpl.IncrementalReadState System.Xml.XmlTextReaderImpl.IncrementalReadState.CDATA"
Browse,Field,"System.Xml.XmlTextReaderImpl.IncrementalReadState System.Xml.XmlTextReaderImpl.IncrementalReadState.Comment"
Browse,Field,"System.Xml.XmlTextReaderImpl.IncrementalReadState System.Xml.XmlTextReaderImpl.IncrementalReadState.Attributes"
Browse,Field,"System.Xml.XmlTextReaderImpl.IncrementalReadState System.Xml.XmlTextReaderImpl.IncrementalReadState.AttributeValue"
Browse,Field,"System.Xml.XmlTextReaderImpl.IncrementalReadState System.Xml.XmlTextReaderImpl.IncrementalReadState.ReadData"
Browse,Field,"System.Xml.XmlTextReaderImpl.IncrementalReadState System.Xml.XmlTextReaderImpl.IncrementalReadState.EndElement"
Browse,Field,"System.Xml.XmlTextReaderImpl.IncrementalReadState System.Xml.XmlTextReaderImpl.IncrementalReadState.End"
Browse,Field,"System.Xml.XmlTextReaderImpl.IncrementalReadState System.Xml.XmlTextReaderImpl.IncrementalReadState.ReadValueChunk_OnCachedValue"
Browse,Field,"System.Xml.XmlTextReaderImpl.IncrementalReadState System.Xml.XmlTextReaderImpl.IncrementalReadState.ReadValueChunk_OnPartialValue"
Browse,Field,"System.Xml.XmlTextReaderImpl.IncrementalReadState System.Xml.XmlTextReaderImpl.IncrementalReadState.ReadContentAsBinary_OnCachedValue"
Browse,Field,"System.Xml.XmlTextReaderImpl.IncrementalReadState System.Xml.XmlTextReaderImpl.IncrementalReadState.ReadContentAsBinary_OnPartialValue"
Browse,Field,"System.Xml.XmlTextReaderImpl.IncrementalReadState System.Xml.XmlTextReaderImpl.IncrementalReadState.ReadContentAsBinary_End"
Browse,Field,"System.Int32 System.Xml.XmlTextReaderImpl.EntityType.value__"
Browse,Field,"System.Xml.XmlTextReaderImpl.EntityType System.Xml.XmlTextReaderImpl.EntityType.CharacterDec"
Browse,Field,"System.Xml.XmlTextReaderImpl.EntityType System.Xml.XmlTextReaderImpl.EntityType.CharacterHex"
Browse,Field,"System.Xml.XmlTextReaderImpl.EntityType System.Xml.XmlTextReaderImpl.EntityType.CharacterNamed"
Browse,Field,"System.Xml.XmlTextReaderImpl.EntityType System.Xml.XmlTextReaderImpl.EntityType.Expanded"
Browse,Field,"System.Xml.XmlTextReaderImpl.EntityType System.Xml.XmlTextReaderImpl.EntityType.Skipped"
Browse,Field,"System.Xml.XmlTextReaderImpl.EntityType System.Xml.XmlTextReaderImpl.EntityType.FakeExpanded"
Browse,Field,"System.Int32 System.Globalization.UnicodeCategory.value__"
Browse,Field,"System.Globalization.UnicodeCategory System.Globalization.UnicodeCategory.UppercaseLetter"
Browse,Field,"System.Globalization.UnicodeCategory System.Globalization.UnicodeCategory.LowercaseLetter"
Browse,Field,"System.Globalization.UnicodeCategory System.Globalization.UnicodeCategory.TitlecaseLetter"
Browse,Field,"System.Globalization.UnicodeCategory System.Globalization.UnicodeCategory.ModifierLetter"
Browse,Field,"System.Globalization.UnicodeCategory System.Globalization.UnicodeCategory.OtherLetter"
Browse,Field,"System.Globalization.UnicodeCategory System.Globalization.UnicodeCategory.NonSpacingMark"
Browse,Field,"System.Globalization.UnicodeCategory System.Globalization.UnicodeCategory.SpacingCombiningMark"
Browse,Field,"System.Globalization.UnicodeCategory System.Globalization.UnicodeCategory.EnclosingMark"
Browse,Field,"System.Globalization.UnicodeCategory System.Globalization.UnicodeCategory.DecimalDigitNumber"
Browse,Field,"System.Globalization.UnicodeCategory System.Globalization.UnicodeCategory.LetterNumber"
Browse,Field,"System.Globalization.UnicodeCategory System.Globalization.UnicodeCategory.OtherNumber"
Browse,Field,"System.Globalization.UnicodeCategory System.Globalization.UnicodeCategory.SpaceSeparator"
Browse,Field,"System.Globalization.UnicodeCategory System.Globalization.UnicodeCategory.LineSeparator"
Browse,Field,"System.Globalization.UnicodeCategory System.Globalization.UnicodeCategory.ParagraphSeparator"
Browse,Field,"System.Globalization.UnicodeCategory System.Globalization.UnicodeCategory.Control"
Browse,Field,"System.Globalization.UnicodeCategory System.Globalization.UnicodeCategory.Format"
Browse,Field,"System.Globalization.UnicodeCategory System.Globalization.UnicodeCategory.Surrogate"
Browse,Field,"System.Globalization.UnicodeCategory System.Globalization.UnicodeCategory.PrivateUse"
Browse,Field,"System.Globalization.UnicodeCategory System.Globalization.UnicodeCategory.ConnectorPunctuation"
Browse,Field,"System.Globalization.UnicodeCategory System.Globalization.UnicodeCategory.DashPunctuation"
Browse,Field,"System.Globalization.UnicodeCategory System.Globalization.UnicodeCategory.OpenPunctuation"
Browse,Field,"System.Globalization.UnicodeCategory System.Globalization.UnicodeCategory.ClosePunctuation"
Browse,Field,"System.Globalization.UnicodeCategory System.Globalization.UnicodeCategory.InitialQuotePunctuation"
Browse,Field,"System.Globalization.UnicodeCategory System.Globalization.UnicodeCategory.FinalQuotePunctuation"
Browse,Field,"System.Globalization.UnicodeCategory System.Globalization.UnicodeCategory.OtherPunctuation"
Browse,Field,"System.Globalization.UnicodeCategory System.Globalization.UnicodeCategory.MathSymbol"
Browse,Field,"System.Globalization.UnicodeCategory System.Globalization.UnicodeCategory.CurrencySymbol"
Browse,Field,"System.Globalization.UnicodeCategory System.Globalization.UnicodeCategory.ModifierSymbol"
Browse,Field,"System.Globalization.UnicodeCategory System.Globalization.UnicodeCategory.OtherSymbol"
Browse,Field,"System.Globalization.UnicodeCategory System.Globalization.UnicodeCategory.OtherNotAssigned"
Browse,Field,"System.Int32 System.Text.ISO2022Encoding.ISO2022Modes.value__"
Browse,Field,"System.Text.ISO2022Encoding.ISO2022Modes System.Text.ISO2022Encoding.ISO2022Modes.ModeHalfwidthKatakana"
Browse,Field,"System.Text.ISO2022Encoding.ISO2022Modes System.Text.ISO2022Encoding.ISO2022Modes.ModeJIS0208"
Browse,Field,"System.Text.ISO2022Encoding.ISO2022Modes System.Text.ISO2022Encoding.ISO2022Modes.ModeKR"
Browse,Field,"System.Text.ISO2022Encoding.ISO2022Modes System.Text.ISO2022Encoding.ISO2022Modes.ModeHZ"
Browse,Field,"System.Text.ISO2022Encoding.ISO2022Modes System.Text.ISO2022Encoding.ISO2022Modes.ModeGB2312"
Browse,Field,"System.Text.ISO2022Encoding.ISO2022Modes System.Text.ISO2022Encoding.ISO2022Modes.ModeCNS11643_1"
Browse,Field,"System.Text.ISO2022Encoding.ISO2022Modes System.Text.ISO2022Encoding.ISO2022Modes.ModeCNS11643_2"
Browse,Field,"System.Text.ISO2022Encoding.ISO2022Modes System.Text.ISO2022Encoding.ISO2022Modes.ModeASCII"
Browse,Field,"System.Text.ISO2022Encoding.ISO2022Modes System.Text.ISO2022Encoding.ISO2022Modes.ModeIncompleteEscape"
Browse,Field,"System.Text.ISO2022Encoding.ISO2022Modes System.Text.ISO2022Encoding.ISO2022Modes.ModeInvalidEscape"
Browse,Field,"System.Text.ISO2022Encoding.ISO2022Modes System.Text.ISO2022Encoding.ISO2022Modes.ModeNOOP"
Browse,Field,"System.Int32 System.Xml.XmlWellFormedWriter.AttributeValueCache.ItemType.value__"
Browse,Field,"System.Xml.XmlWellFormedWriter.AttributeValueCache.ItemType System.Xml.XmlWellFormedWriter.AttributeValueCache.ItemType.EntityRef"
Browse,Field,"System.Xml.XmlWellFormedWriter.AttributeValueCache.ItemType System.Xml.XmlWellFormedWriter.AttributeValueCache.ItemType.CharEntity"
Browse,Field,"System.Xml.XmlWellFormedWriter.AttributeValueCache.ItemType System.Xml.XmlWellFormedWriter.AttributeValueCache.ItemType.SurrogateCharEntity"
Browse,Field,"System.Xml.XmlWellFormedWriter.AttributeValueCache.ItemType System.Xml.XmlWellFormedWriter.AttributeValueCache.ItemType.Whitespace"
Browse,Field,"System.Xml.XmlWellFormedWriter.AttributeValueCache.ItemType System.Xml.XmlWellFormedWriter.AttributeValueCache.ItemType.String"
Browse,Field,"System.Xml.XmlWellFormedWriter.AttributeValueCache.ItemType System.Xml.XmlWellFormedWriter.AttributeValueCache.ItemType.StringChars"
Browse,Field,"System.Xml.XmlWellFormedWriter.AttributeValueCache.ItemType System.Xml.XmlWellFormedWriter.AttributeValueCache.ItemType.Raw"
Browse,Field,"System.Xml.XmlWellFormedWriter.AttributeValueCache.ItemType System.Xml.XmlWellFormedWriter.AttributeValueCache.ItemType.RawChars"
Browse,Field,"System.Xml.XmlWellFormedWriter.AttributeValueCache.ItemType System.Xml.XmlWellFormedWriter.AttributeValueCache.ItemType.ValueString"
Browse,Field,"System.Int32 System.Xml.XmlBaseReader.XmlNode.XmlNodeFlags.value__"
Browse,Field,"System.Xml.XmlBaseReader.XmlNode.XmlNodeFlags System.Xml.XmlBaseReader.XmlNode.XmlNodeFlags.None"
Browse,Field,"System.Xml.XmlBaseReader.XmlNode.XmlNodeFlags System.Xml.XmlBaseReader.XmlNode.XmlNodeFlags.CanGetAttribute"
Browse,Field,"System.Xml.XmlBaseReader.XmlNode.XmlNodeFlags System.Xml.XmlBaseReader.XmlNode.XmlNodeFlags.CanMoveToElement"
Browse,Field,"System.Xml.XmlBaseReader.XmlNode.XmlNodeFlags System.Xml.XmlBaseReader.XmlNode.XmlNodeFlags.HasValue"
Browse,Field,"System.Xml.XmlBaseReader.XmlNode.XmlNodeFlags System.Xml.XmlBaseReader.XmlNode.XmlNodeFlags.AtomicValue"
Browse,Field,"System.Xml.XmlBaseReader.XmlNode.XmlNodeFlags System.Xml.XmlBaseReader.XmlNode.XmlNodeFlags.SkipValue"
Browse,Field,"System.Xml.XmlBaseReader.XmlNode.XmlNodeFlags System.Xml.XmlBaseReader.XmlNode.XmlNodeFlags.HasContent"
Browse,Field,"System.Int32 System.Xml.XmlTextReaderImpl.EntityExpandType.value__"
Browse,Field,"System.Xml.XmlTextReaderImpl.EntityExpandType System.Xml.XmlTextReaderImpl.EntityExpandType.All"
Browse,Field,"System.Xml.XmlTextReaderImpl.EntityExpandType System.Xml.XmlTextReaderImpl.EntityExpandType.OnlyGeneral"
Browse,Field,"System.Int32 System.Xml.ValueHandleConstStringType.value__"
Browse,Field,"System.Xml.ValueHandleConstStringType System.Xml.ValueHandleConstStringType.String"
Browse,Field,"System.Xml.ValueHandleConstStringType System.Xml.ValueHandleConstStringType.Number"
Browse,Field,"System.Xml.ValueHandleConstStringType System.Xml.ValueHandleConstStringType.Array"
Browse,Field,"System.Xml.ValueHandleConstStringType System.Xml.ValueHandleConstStringType.Object"
Browse,Field,"System.Xml.ValueHandleConstStringType System.Xml.ValueHandleConstStringType.Boolean"
Browse,Field,"System.Xml.ValueHandleConstStringType System.Xml.ValueHandleConstStringType.Null"
Browse,Field,"System.Int32 System.Xml.WhitespaceHandling.value__"
Browse,Field,"System.Xml.WhitespaceHandling System.Xml.WhitespaceHandling.All"
Browse,Field,"System.Xml.WhitespaceHandling System.Xml.WhitespaceHandling.Significant"
Browse,Field,"System.Xml.WhitespaceHandling System.Xml.WhitespaceHandling.None"
Browse,Field,"System.Int32 System.Runtime.Serialization.Json.JsonEncodingStreamWrapper.SupportedEncoding.value__"
Browse,Field,"System.Runtime.Serialization.Json.JsonEncodingStreamWrapper.SupportedEncoding System.Runtime.Serialization.Json.JsonEncodingStreamWrapper.SupportedEncoding.UTF8"
Browse,Field,"System.Runtime.Serialization.Json.JsonEncodingStreamWrapper.SupportedEncoding System.Runtime.Serialization.Json.JsonEncodingStreamWrapper.SupportedEncoding.UTF16LE"
Browse,Field,"System.Runtime.Serialization.Json.JsonEncodingStreamWrapper.SupportedEncoding System.Runtime.Serialization.Json.JsonEncodingStreamWrapper.SupportedEncoding.UTF16BE"
Browse,Field,"System.Runtime.Serialization.Json.JsonEncodingStreamWrapper.SupportedEncoding System.Runtime.Serialization.Json.JsonEncodingStreamWrapper.SupportedEncoding.None"
Browse,Field,"System.Int32 System.Runtime.Serialization.Json.XmlJsonWriter.JsonDataType.value__"
Browse,Field,"System.Runtime.Serialization.Json.XmlJsonWriter.JsonDataType System.Runtime.Serialization.Json.XmlJsonWriter.JsonDataType.None"
Browse,Field,"System.Runtime.Serialization.Json.XmlJsonWriter.JsonDataType System.Runtime.Serialization.Json.XmlJsonWriter.JsonDataType.Null"
Browse,Field,"System.Runtime.Serialization.Json.XmlJsonWriter.JsonDataType System.Runtime.Serialization.Json.XmlJsonWriter.JsonDataType.Boolean"
Browse,Field,"System.Runtime.Serialization.Json.XmlJsonWriter.JsonDataType System.Runtime.Serialization.Json.XmlJsonWriter.JsonDataType.Number"
Browse,Field,"System.Runtime.Serialization.Json.XmlJsonWriter.JsonDataType System.Runtime.Serialization.Json.XmlJsonWriter.JsonDataType.String"
Browse,Field,"System.Runtime.Serialization.Json.XmlJsonWriter.JsonDataType System.Runtime.Serialization.Json.XmlJsonWriter.JsonDataType.Object"
Browse,Field,"System.Runtime.Serialization.Json.XmlJsonWriter.JsonDataType System.Runtime.Serialization.Json.XmlJsonWriter.JsonDataType.Array"
Browse,Field,"System.Int32 System.Runtime.Serialization.Json.XmlJsonWriter.NameState.value__"
Browse,Field,"System.Runtime.Serialization.Json.XmlJsonWriter.NameState System.Runtime.Serialization.Json.XmlJsonWriter.NameState.None"
Browse,Field,"System.Runtime.Serialization.Json.XmlJsonWriter.NameState System.Runtime.Serialization.Json.XmlJsonWriter.NameState.IsWritingNameWithMapping"
Browse,Field,"System.Runtime.Serialization.Json.XmlJsonWriter.NameState System.Runtime.Serialization.Json.XmlJsonWriter.NameState.IsWritingNameAttribute"
Browse,Field,"System.Runtime.Serialization.Json.XmlJsonWriter.NameState System.Runtime.Serialization.Json.XmlJsonWriter.NameState.WrittenNameWithMapping"
Browse,Field,"System.Int32 System.Xml.XmlBinaryNodeType.value__"
Browse,Field,"System.Xml.XmlBinaryNodeType System.Xml.XmlBinaryNodeType.EndElement"
Browse,Field,"System.Xml.XmlBinaryNodeType System.Xml.XmlBinaryNodeType.Comment"
Browse,Field,"System.Xml.XmlBinaryNodeType System.Xml.XmlBinaryNodeType.Array"
Browse,Field,"System.Xml.XmlBinaryNodeType System.Xml.XmlBinaryNodeType.MinAttribute"
Browse,Field,"System.Xml.XmlBinaryNodeType System.Xml.XmlBinaryNodeType.ShortAttribute"
Browse,Field,"System.Xml.XmlBinaryNodeType System.Xml.XmlBinaryNodeType.Attribute"
Browse,Field,"System.Xml.XmlBinaryNodeType System.Xml.XmlBinaryNodeType.ShortDictionaryAttribute"
Browse,Field,"System.Xml.XmlBinaryNodeType System.Xml.XmlBinaryNodeType.DictionaryAttribute"
Browse,Field,"System.Xml.XmlBinaryNodeType System.Xml.XmlBinaryNodeType.ShortXmlnsAttribute"
Browse,Field,"System.Xml.XmlBinaryNodeType System.Xml.XmlBinaryNodeType.XmlnsAttribute"
Browse,Field,"System.Xml.XmlBinaryNodeType System.Xml.XmlBinaryNodeType.ShortDictionaryXmlnsAttribute"
Browse,Field,"System.Xml.XmlBinaryNodeType System.Xml.XmlBinaryNodeType.DictionaryXmlnsAttribute"
Browse,Field,"System.Xml.XmlBinaryNodeType System.Xml.XmlBinaryNodeType.PrefixDictionaryAttributeA"
Browse,Field,"System.Xml.XmlBinaryNodeType System.Xml.XmlBinaryNodeType.PrefixDictionaryAttributeB"
Browse,Field,"System.Xml.XmlBinaryNodeType System.Xml.XmlBinaryNodeType.PrefixDictionaryAttributeC"
Browse,Field,"System.Xml.XmlBinaryNodeType System.Xml.XmlBinaryNodeType.PrefixDictionaryAttributeD"
Browse,Field,"System.Xml.XmlBinaryNodeType System.Xml.XmlBinaryNodeType.PrefixDictionaryAttributeE"
Browse,Field,"System.Xml.XmlBinaryNodeType System.Xml.XmlBinaryNodeType.PrefixDictionaryAttributeF"
Browse,Field,"System.Xml.XmlBinaryNodeType System.Xml.XmlBinaryNodeType.PrefixDictionaryAttributeG"
Browse,Field,"System.Xml.XmlBinaryNodeType System.Xml.XmlBinaryNodeType.PrefixDictionaryAttributeH"
Browse,Field,"System.Xml.XmlBinaryNodeType System.Xml.XmlBinaryNodeType.PrefixDictionaryAttributeI"
Browse,Field,"System.Xml.XmlBinaryNodeType System.Xml.XmlBinaryNodeType.PrefixDictionaryAttributeJ"
Browse,Field,"System.Xml.XmlBinaryNodeType System.Xml.XmlBinaryNodeType.PrefixDictionaryAttributeK"
Browse,Field,"System.Xml.XmlBinaryNodeType System.Xml.XmlBinaryNodeType.PrefixDictionaryAttributeL"
Browse,Field,"System.Xml.XmlBinaryNodeType System.Xml.XmlBinaryNodeType.PrefixDictionaryAttributeM"
Browse,Field,"System.Xml.XmlBinaryNodeType System.Xml.XmlBinaryNodeType.PrefixDictionaryAttributeN"
Browse,Field,"System.Xml.XmlBinaryNodeType System.Xml.XmlBinaryNodeType.PrefixDictionaryAttributeO"
Browse,Field,"System.Xml.XmlBinaryNodeType System.Xml.XmlBinaryNodeType.PrefixDictionaryAttributeP"
Browse,Field,"System.Xml.XmlBinaryNodeType System.Xml.XmlBinaryNodeType.PrefixDictionaryAttributeQ"
Browse,Field,"System.Xml.XmlBinaryNodeType System.Xml.XmlBinaryNodeType.PrefixDictionaryAttributeR"
Browse,Field,"System.Xml.XmlBinaryNodeType System.Xml.XmlBinaryNodeType.PrefixDictionaryAttributeS"
Browse,Field,"System.Xml.XmlBinaryNodeType System.Xml.XmlBinaryNodeType.PrefixDictionaryAttributeT"
Browse,Field,"System.Xml.XmlBinaryNodeType System.Xml.XmlBinaryNodeType.PrefixDictionaryAttributeU"
Browse,Field,"System.Xml.XmlBinaryNodeType System.Xml.XmlBinaryNodeType.PrefixDictionaryAttributeV"
Browse,Field,"System.Xml.XmlBinaryNodeType System.Xml.XmlBinaryNodeType.PrefixDictionaryAttributeW"
Browse,Field,"System.Xml.XmlBinaryNodeType System.Xml.XmlBinaryNodeType.PrefixDictionaryAttributeX"
Browse,Field,"System.Xml.XmlBinaryNodeType System.Xml.XmlBinaryNodeType.PrefixDictionaryAttributeY"
Browse,Field,"System.Xml.XmlBinaryNodeType System.Xml.XmlBinaryNodeType.PrefixDictionaryAttributeZ"
Browse,Field,"System.Xml.XmlBinaryNodeType System.Xml.XmlBinaryNodeType.PrefixAttributeA"
Browse,Field,"System.Xml.XmlBinaryNodeType System.Xml.XmlBinaryNodeType.PrefixAttributeB"
Browse,Field,"System.Xml.XmlBinaryNodeType System.Xml.XmlBinaryNodeType.PrefixAttributeC"
Browse,Field,"System.Xml.XmlBinaryNodeType System.Xml.XmlBinaryNodeType.PrefixAttributeD"
Browse,Field,"System.Xml.XmlBinaryNodeType System.Xml.XmlBinaryNodeType.PrefixAttributeE"
Browse,Field,"System.Xml.XmlBinaryNodeType System.Xml.XmlBinaryNodeType.PrefixAttributeF"
Browse,Field,"System.Xml.XmlBinaryNodeType System.Xml.XmlBinaryNodeType.PrefixAttributeG"
Browse,Field,"System.Xml.XmlBinaryNodeType System.Xml.XmlBinaryNodeType.PrefixAttributeH"
Browse,Field,"System.Xml.XmlBinaryNodeType System.Xml.XmlBinaryNodeType.PrefixAttributeI"
Browse,Field,"System.Xml.XmlBinaryNodeType System.Xml.XmlBinaryNodeType.PrefixAttributeJ"
Browse,Field,"System.Xml.XmlBinaryNodeType System.Xml.XmlBinaryNodeType.PrefixAttributeK"
Browse,Field,"System.Xml.XmlBinaryNodeType System.Xml.XmlBinaryNodeType.PrefixAttributeL"
Browse,Field,"System.Xml.XmlBinaryNodeType System.Xml.XmlBinaryNodeType.PrefixAttributeM"
Browse,Field,"System.Xml.XmlBinaryNodeType System.Xml.XmlBinaryNodeType.PrefixAttributeN"
Browse,Field,"System.Xml.XmlBinaryNodeType System.Xml.XmlBinaryNodeType.PrefixAttributeO"
Browse,Field,"System.Xml.XmlBinaryNodeType System.Xml.XmlBinaryNodeType.PrefixAttributeP"
Browse,Field,"System.Xml.XmlBinaryNodeType System.Xml.XmlBinaryNodeType.PrefixAttributeQ"
Browse,Field,"System.Xml.XmlBinaryNodeType System.Xml.XmlBinaryNodeType.PrefixAttributeR"
Browse,Field,"System.Xml.XmlBinaryNodeType System.Xml.XmlBinaryNodeType.PrefixAttributeS"
Browse,Field,"System.Xml.XmlBinaryNodeType System.Xml.XmlBinaryNodeType.PrefixAttributeT"
Browse,Field,"System.Xml.XmlBinaryNodeType System.Xml.XmlBinaryNodeType.PrefixAttributeU"
Browse,Field,"System.Xml.XmlBinaryNodeType System.Xml.XmlBinaryNodeType.PrefixAttributeV"
Browse,Field,"System.Xml.XmlBinaryNodeType System.Xml.XmlBinaryNodeType.PrefixAttributeW"
Browse,Field,"System.Xml.XmlBinaryNodeType System.Xml.XmlBinaryNodeType.PrefixAttributeX"
Browse,Field,"System.Xml.XmlBinaryNodeType System.Xml.XmlBinaryNodeType.PrefixAttributeY"
Browse,Field,"System.Xml.XmlBinaryNodeType System.Xml.XmlBinaryNodeType.PrefixAttributeZ"
Browse,Field,"System.Xml.XmlBinaryNodeType System.Xml.XmlBinaryNodeType.MaxAttribute"
Browse,Field,"System.Xml.XmlBinaryNodeType System.Xml.XmlBinaryNodeType.MinElement"
Browse,Field,"System.Xml.XmlBinaryNodeType System.Xml.XmlBinaryNodeType.ShortElement"
Browse,Field,"System.Xml.XmlBinaryNodeType System.Xml.XmlBinaryNodeType.Element"
Browse,Field,"System.Xml.XmlBinaryNodeType System.Xml.XmlBinaryNodeType.ShortDictionaryElement"
Browse,Field,"System.Xml.XmlBinaryNodeType System.Xml.XmlBinaryNodeType.DictionaryElement"
Browse,Field,"System.Xml.XmlBinaryNodeType System.Xml.XmlBinaryNodeType.PrefixDictionaryElementA"
Browse,Field,"System.Xml.XmlBinaryNodeType System.Xml.XmlBinaryNodeType.PrefixDictionaryElementB"
Browse,Field,"System.Xml.XmlBinaryNodeType System.Xml.XmlBinaryNodeType.PrefixDictionaryElementC"
Browse,Field,"System.Xml.XmlBinaryNodeType System.Xml.XmlBinaryNodeType.PrefixDictionaryElementD"
Browse,Field,"System.Xml.XmlBinaryNodeType System.Xml.XmlBinaryNodeType.PrefixDictionaryElementE"
Browse,Field,"System.Xml.XmlBinaryNodeType System.Xml.XmlBinaryNodeType.PrefixDictionaryElementF"
Browse,Field,"System.Xml.XmlBinaryNodeType System.Xml.XmlBinaryNodeType.PrefixDictionaryElementG"
Browse,Field,"System.Xml.XmlBinaryNodeType System.Xml.XmlBinaryNodeType.PrefixDictionaryElementH"
Browse,Field,"System.Xml.XmlBinaryNodeType System.Xml.XmlBinaryNodeType.PrefixDictionaryElementI"
Browse,Field,"System.Xml.XmlBinaryNodeType System.Xml.XmlBinaryNodeType.PrefixDictionaryElementJ"
Browse,Field,"System.Xml.XmlBinaryNodeType System.Xml.XmlBinaryNodeType.PrefixDictionaryElementK"
Browse,Field,"System.Xml.XmlBinaryNodeType System.Xml.XmlBinaryNodeType.PrefixDictionaryElementL"
Browse,Field,"System.Xml.XmlBinaryNodeType System.Xml.XmlBinaryNodeType.PrefixDictionaryElementM"
Browse,Field,"System.Xml.XmlBinaryNodeType System.Xml.XmlBinaryNodeType.PrefixDictionaryElementN"
Browse,Field,"System.Xml.XmlBinaryNodeType System.Xml.XmlBinaryNodeType.PrefixDictionaryElementO"
Browse,Field,"System.Xml.XmlBinaryNodeType System.Xml.XmlBinaryNodeType.PrefixDictionaryElementP"
Browse,Field,"System.Xml.XmlBinaryNodeType System.Xml.XmlBinaryNodeType.PrefixDictionaryElementQ"
Browse,Field,"System.Xml.XmlBinaryNodeType System.Xml.XmlBinaryNodeType.PrefixDictionaryElementR"
Browse,Field,"System.Xml.XmlBinaryNodeType System.Xml.XmlBinaryNodeType.PrefixDictionaryElementS"
Browse,Field,"System.Xml.XmlBinaryNodeType System.Xml.XmlBinaryNodeType.PrefixDictionaryElementT"
Browse,Field,"System.Xml.XmlBinaryNodeType System.Xml.XmlBinaryNodeType.PrefixDictionaryElementU"
Browse,Field,"System.Xml.XmlBinaryNodeType System.Xml.XmlBinaryNodeType.PrefixDictionaryElementV"
Browse,Field,"System.Xml.XmlBinaryNodeType System.Xml.XmlBinaryNodeType.PrefixDictionaryElementW"
Browse,Field,"System.Xml.XmlBinaryNodeType System.Xml.XmlBinaryNodeType.PrefixDictionaryElementX"
Browse,Field,"System.Xml.XmlBinaryNodeType System.Xml.XmlBinaryNodeType.PrefixDictionaryElementY"
Browse,Field,"System.Xml.XmlBinaryNodeType System.Xml.XmlBinaryNodeType.PrefixDictionaryElementZ"
Browse,Field,"System.Xml.XmlBinaryNodeType System.Xml.XmlBinaryNodeType.PrefixElementA"
Browse,Field,"System.Xml.XmlBinaryNodeType System.Xml.XmlBinaryNodeType.PrefixElementB"
Browse,Field,"System.Xml.XmlBinaryNodeType System.Xml.XmlBinaryNodeType.PrefixElementC"
Browse,Field,"System.Xml.XmlBinaryNodeType System.Xml.XmlBinaryNodeType.PrefixElementD"
Browse,Field,"System.Xml.XmlBinaryNodeType System.Xml.XmlBinaryNodeType.PrefixElementE"
Browse,Field,"System.Xml.XmlBinaryNodeType System.Xml.XmlBinaryNodeType.PrefixElementF"
Browse,Field,"System.Xml.XmlBinaryNodeType System.Xml.XmlBinaryNodeType.PrefixElementG"
Browse,Field,"System.Xml.XmlBinaryNodeType System.Xml.XmlBinaryNodeType.PrefixElementH"
Browse,Field,"System.Xml.XmlBinaryNodeType System.Xml.XmlBinaryNodeType.PrefixElementI"
Browse,Field,"System.Xml.XmlBinaryNodeType System.Xml.XmlBinaryNodeType.PrefixElementJ"
Browse,Field,"System.Xml.XmlBinaryNodeType System.Xml.XmlBinaryNodeType.PrefixElementK"
Browse,Field,"System.Xml.XmlBinaryNodeType System.Xml.XmlBinaryNodeType.PrefixElementL"
Browse,Field,"System.Xml.XmlBinaryNodeType System.Xml.XmlBinaryNodeType.PrefixElementM"
Browse,Field,"System.Xml.XmlBinaryNodeType System.Xml.XmlBinaryNodeType.PrefixElementN"
Browse,Field,"System.Xml.XmlBinaryNodeType System.Xml.XmlBinaryNodeType.PrefixElementO"
Browse,Field,"System.Xml.XmlBinaryNodeType System.Xml.XmlBinaryNodeType.PrefixElementP"
Browse,Field,"System.Xml.XmlBinaryNodeType System.Xml.XmlBinaryNodeType.PrefixElementQ"
Browse,Field,"System.Xml.XmlBinaryNodeType System.Xml.XmlBinaryNodeType.PrefixElementR"
Browse,Field,"System.Xml.XmlBinaryNodeType System.Xml.XmlBinaryNodeType.PrefixElementS"
Browse,Field,"System.Xml.XmlBinaryNodeType System.Xml.XmlBinaryNodeType.PrefixElementT"
Browse,Field,"System.Xml.XmlBinaryNodeType System.Xml.XmlBinaryNodeType.PrefixElementU"
Browse,Field,"System.Xml.XmlBinaryNodeType System.Xml.XmlBinaryNodeType.PrefixElementV"
Browse,Field,"System.Xml.XmlBinaryNodeType System.Xml.XmlBinaryNodeType.PrefixElementW"
Browse,Field,"System.Xml.XmlBinaryNodeType System.Xml.XmlBinaryNodeType.PrefixElementX"
Browse,Field,"System.Xml.XmlBinaryNodeType System.Xml.XmlBinaryNodeType.PrefixElementY"
Browse,Field,"System.Xml.XmlBinaryNodeType System.Xml.XmlBinaryNodeType.PrefixElementZ"
Browse,Field,"System.Xml.XmlBinaryNodeType System.Xml.XmlBinaryNodeType.MaxElement"
Browse,Field,"System.Xml.XmlBinaryNodeType System.Xml.XmlBinaryNodeType.MinText"
Browse,Field,"System.Xml.XmlBinaryNodeType System.Xml.XmlBinaryNodeType.ZeroText"
Browse,Field,"System.Xml.XmlBinaryNodeType System.Xml.XmlBinaryNodeType.OneText"
Browse,Field,"System.Xml.XmlBinaryNodeType System.Xml.XmlBinaryNodeType.FalseText"
Browse,Field,"System.Xml.XmlBinaryNodeType System.Xml.XmlBinaryNodeType.TrueText"
Browse,Field,"System.Xml.XmlBinaryNodeType System.Xml.XmlBinaryNodeType.Int8Text"
Browse,Field,"System.Xml.XmlBinaryNodeType System.Xml.XmlBinaryNodeType.Int16Text"
Browse,Field,"System.Xml.XmlBinaryNodeType System.Xml.XmlBinaryNodeType.Int32Text"
Browse,Field,"System.Xml.XmlBinaryNodeType System.Xml.XmlBinaryNodeType.Int64Text"
Browse,Field,"System.Xml.XmlBinaryNodeType System.Xml.XmlBinaryNodeType.FloatText"
Browse,Field,"System.Xml.XmlBinaryNodeType System.Xml.XmlBinaryNodeType.DoubleText"
Browse,Field,"System.Xml.XmlBinaryNodeType System.Xml.XmlBinaryNodeType.DecimalText"
Browse,Field,"System.Xml.XmlBinaryNodeType System.Xml.XmlBinaryNodeType.DateTimeText"
Browse,Field,"System.Xml.XmlBinaryNodeType System.Xml.XmlBinaryNodeType.Chars8Text"
Browse,Field,"System.Xml.XmlBinaryNodeType System.Xml.XmlBinaryNodeType.Chars16Text"
Browse,Field,"System.Xml.XmlBinaryNodeType System.Xml.XmlBinaryNodeType.Chars32Text"
Browse,Field,"System.Xml.XmlBinaryNodeType System.Xml.XmlBinaryNodeType.Bytes8Text"
Browse,Field,"System.Xml.XmlBinaryNodeType System.Xml.XmlBinaryNodeType.Bytes16Text"
Browse,Field,"System.Xml.XmlBinaryNodeType System.Xml.XmlBinaryNodeType.Bytes32Text"
Browse,Field,"System.Xml.XmlBinaryNodeType System.Xml.XmlBinaryNodeType.StartListText"
Browse,Field,"System.Xml.XmlBinaryNodeType System.Xml.XmlBinaryNodeType.EndListText"
Browse,Field,"System.Xml.XmlBinaryNodeType System.Xml.XmlBinaryNodeType.EmptyText"
Browse,Field,"System.Xml.XmlBinaryNodeType System.Xml.XmlBinaryNodeType.DictionaryText"
Browse,Field,"System.Xml.XmlBinaryNodeType System.Xml.XmlBinaryNodeType.UniqueIdText"
Browse,Field,"System.Xml.XmlBinaryNodeType System.Xml.XmlBinaryNodeType.TimeSpanText"
Browse,Field,"System.Xml.XmlBinaryNodeType System.Xml.XmlBinaryNodeType.GuidText"
Browse,Field,"System.Xml.XmlBinaryNodeType System.Xml.XmlBinaryNodeType.UInt64Text"
Browse,Field,"System.Xml.XmlBinaryNodeType System.Xml.XmlBinaryNodeType.BoolText"
Browse,Field,"System.Xml.XmlBinaryNodeType System.Xml.XmlBinaryNodeType.UnicodeChars8Text"
Browse,Field,"System.Xml.XmlBinaryNodeType System.Xml.XmlBinaryNodeType.UnicodeChars16Text"
Browse,Field,"System.Xml.XmlBinaryNodeType System.Xml.XmlBinaryNodeType.UnicodeChars32Text"
Browse,Field,"System.Xml.XmlBinaryNodeType System.Xml.XmlBinaryNodeType.QNameDictionaryText"
Browse,Field,"System.Xml.XmlBinaryNodeType System.Xml.XmlBinaryNodeType.ZeroTextWithEndElement"
Browse,Field,"System.Xml.XmlBinaryNodeType System.Xml.XmlBinaryNodeType.OneTextWithEndElement"
Browse,Field,"System.Xml.XmlBinaryNodeType System.Xml.XmlBinaryNodeType.FalseTextWithEndElement"
Browse,Field,"System.Xml.XmlBinaryNodeType System.Xml.XmlBinaryNodeType.TrueTextWithEndElement"
Browse,Field,"System.Xml.XmlBinaryNodeType System.Xml.XmlBinaryNodeType.Int8TextWithEndElement"
Browse,Field,"System.Xml.XmlBinaryNodeType System.Xml.XmlBinaryNodeType.Int16TextWithEndElement"
Browse,Field,"System.Xml.XmlBinaryNodeType System.Xml.XmlBinaryNodeType.Int32TextWithEndElement"
Browse,Field,"System.Xml.XmlBinaryNodeType System.Xml.XmlBinaryNodeType.Int64TextWithEndElement"
Browse,Field,"System.Xml.XmlBinaryNodeType System.Xml.XmlBinaryNodeType.FloatTextWithEndElement"
Browse,Field,"System.Xml.XmlBinaryNodeType System.Xml.XmlBinaryNodeType.DoubleTextWithEndElement"
Browse,Field,"System.Xml.XmlBinaryNodeType System.Xml.XmlBinaryNodeType.DecimalTextWithEndElement"
Browse,Field,"System.Xml.XmlBinaryNodeType System.Xml.XmlBinaryNodeType.DateTimeTextWithEndElement"
Browse,Field,"System.Xml.XmlBinaryNodeType System.Xml.XmlBinaryNodeType.Chars8TextWithEndElement"
Browse,Field,"System.Xml.XmlBinaryNodeType System.Xml.XmlBinaryNodeType.Chars16TextWithEndElement"
Browse,Field,"System.Xml.XmlBinaryNodeType System.Xml.XmlBinaryNodeType.Chars32TextWithEndElement"
Browse,Field,"System.Xml.XmlBinaryNodeType System.Xml.XmlBinaryNodeType.Bytes8TextWithEndElement"
Browse,Field,"System.Xml.XmlBinaryNodeType System.Xml.XmlBinaryNodeType.Bytes16TextWithEndElement"
Browse,Field,"System.Xml.XmlBinaryNodeType System.Xml.XmlBinaryNodeType.Bytes32TextWithEndElement"
Browse,Field,"System.Xml.XmlBinaryNodeType System.Xml.XmlBinaryNodeType.StartListTextWithEndElement"
Browse,Field,"System.Xml.XmlBinaryNodeType System.Xml.XmlBinaryNodeType.EndListTextWithEndElement"
Browse,Field,"System.Xml.XmlBinaryNodeType System.Xml.XmlBinaryNodeType.EmptyTextWithEndElement"
Browse,Field,"System.Xml.XmlBinaryNodeType System.Xml.XmlBinaryNodeType.DictionaryTextWithEndElement"
Browse,Field,"System.Xml.XmlBinaryNodeType System.Xml.XmlBinaryNodeType.UniqueIdTextWithEndElement"
Browse,Field,"System.Xml.XmlBinaryNodeType System.Xml.XmlBinaryNodeType.TimeSpanTextWithEndElement"
Browse,Field,"System.Xml.XmlBinaryNodeType System.Xml.XmlBinaryNodeType.GuidTextWithEndElement"
Browse,Field,"System.Xml.XmlBinaryNodeType System.Xml.XmlBinaryNodeType.UInt64TextWithEndElement"
Browse,Field,"System.Xml.XmlBinaryNodeType System.Xml.XmlBinaryNodeType.BoolTextWithEndElement"
Browse,Field,"System.Xml.XmlBinaryNodeType System.Xml.XmlBinaryNodeType.UnicodeChars8TextWithEndElement"
Browse,Field,"System.Xml.XmlBinaryNodeType System.Xml.XmlBinaryNodeType.UnicodeChars16TextWithEndElement"
Browse,Field,"System.Xml.XmlBinaryNodeType System.Xml.XmlBinaryNodeType.UnicodeChars32TextWithEndElement"
Browse,Field,"System.Xml.XmlBinaryNodeType System.Xml.XmlBinaryNodeType.QNameDictionaryTextWithEndElement"
Browse,Field,"System.Xml.XmlBinaryNodeType System.Xml.XmlBinaryNodeType.MaxText"
Browse,Field,"Windows.Networking.HostNameType Windows.Networking.HostNameType.DomainName"
Browse,Field,"Windows.Networking.HostNameType Windows.Networking.HostNameType.Ipv4"
Browse,Field,"Windows.Networking.HostNameType Windows.Networking.HostNameType.Ipv6"
Browse,Field,"Windows.Networking.HostNameType Windows.Networking.HostNameType.Bluetooth"
Browse,Field,"System.Int32 System.Net.Sockets.AddressFamily.value__"
Browse,Field,"System.Net.Sockets.AddressFamily System.Net.Sockets.AddressFamily.Unknown"
Browse,Field,"System.Net.Sockets.AddressFamily System.Net.Sockets.AddressFamily.Unspecified"
Browse,Field,"System.Net.Sockets.AddressFamily System.Net.Sockets.AddressFamily.Unix"
Browse,Field,"System.Net.Sockets.AddressFamily System.Net.Sockets.AddressFamily.InterNetwork"
Browse,Field,"System.Net.Sockets.AddressFamily System.Net.Sockets.AddressFamily.ImpLink"
Browse,Field,"System.Net.Sockets.AddressFamily System.Net.Sockets.AddressFamily.Pup"
Browse,Field,"System.Net.Sockets.AddressFamily System.Net.Sockets.AddressFamily.Chaos"
Browse,Field,"System.Net.Sockets.AddressFamily System.Net.Sockets.AddressFamily.NS"
Browse,Field,"System.Net.Sockets.AddressFamily System.Net.Sockets.AddressFamily.Ipx"
Browse,Field,"System.Net.Sockets.AddressFamily System.Net.Sockets.AddressFamily.Iso"
Browse,Field,"System.Net.Sockets.AddressFamily System.Net.Sockets.AddressFamily.Osi"
Browse,Field,"System.Net.Sockets.AddressFamily System.Net.Sockets.AddressFamily.Ecma"
Browse,Field,"System.Net.Sockets.AddressFamily System.Net.Sockets.AddressFamily.DataKit"
Browse,Field,"System.Net.Sockets.AddressFamily System.Net.Sockets.AddressFamily.Ccitt"
Browse,Field,"System.Net.Sockets.AddressFamily System.Net.Sockets.AddressFamily.Sna"
Browse,Field,"System.Net.Sockets.AddressFamily System.Net.Sockets.AddressFamily.DecNet"
Browse,Field,"System.Net.Sockets.AddressFamily System.Net.Sockets.AddressFamily.DataLink"
Browse,Field,"System.Net.Sockets.AddressFamily System.Net.Sockets.AddressFamily.Lat"
Browse,Field,"System.Net.Sockets.AddressFamily System.Net.Sockets.AddressFamily.HyperChannel"
Browse,Field,"System.Net.Sockets.AddressFamily System.Net.Sockets.AddressFamily.AppleTalk"
Browse,Field,"System.Net.Sockets.AddressFamily System.Net.Sockets.AddressFamily.NetBios"
Browse,Field,"System.Net.Sockets.AddressFamily System.Net.Sockets.AddressFamily.VoiceView"
Browse,Field,"System.Net.Sockets.AddressFamily System.Net.Sockets.AddressFamily.FireFox"
Browse,Field,"System.Net.Sockets.AddressFamily System.Net.Sockets.AddressFamily.Banyan"
Browse,Field,"System.Net.Sockets.AddressFamily System.Net.Sockets.AddressFamily.Atm"
Browse,Field,"System.Net.Sockets.AddressFamily System.Net.Sockets.AddressFamily.InterNetworkV6"
Browse,Field,"System.Net.Sockets.AddressFamily System.Net.Sockets.AddressFamily.Cluster"
Browse,Field,"System.Net.Sockets.AddressFamily System.Net.Sockets.AddressFamily.Ieee12844"
Browse,Field,"System.Net.Sockets.AddressFamily System.Net.Sockets.AddressFamily.Irda"
Browse,Field,"System.Net.Sockets.AddressFamily System.Net.Sockets.AddressFamily.NetworkDesigners"
Browse,Field,"System.Net.Sockets.AddressFamily System.Net.Sockets.AddressFamily.Max"
Browse,Field,"Windows.Web.Http.HttpProgressStage Windows.Web.Http.HttpProgressStage.None"
Browse,Field,"Windows.Web.Http.HttpProgressStage Windows.Web.Http.HttpProgressStage.DetectingProxy"
Browse,Field,"Windows.Web.Http.HttpProgressStage Windows.Web.Http.HttpProgressStage.ResolvingName"
Browse,Field,"Windows.Web.Http.HttpProgressStage Windows.Web.Http.HttpProgressStage.ConnectingToServer"
Browse,Field,"Windows.Web.Http.HttpProgressStage Windows.Web.Http.HttpProgressStage.NegotiatingSsl"
Browse,Field,"Windows.Web.Http.HttpProgressStage Windows.Web.Http.HttpProgressStage.SendingHeaders"
Browse,Field,"Windows.Web.Http.HttpProgressStage Windows.Web.Http.HttpProgressStage.SendingContent"
Browse,Field,"Windows.Web.Http.HttpProgressStage Windows.Web.Http.HttpProgressStage.WaitingForResponse"
Browse,Field,"Windows.Web.Http.HttpProgressStage Windows.Web.Http.HttpProgressStage.ReceivingHeaders"
Browse,Field,"Windows.Web.Http.HttpProgressStage Windows.Web.Http.HttpProgressStage.ReceivingContent"
Browse,Field,"Windows.Web.Http.HttpStatusCode Windows.Web.Http.HttpStatusCode.None"
Browse,Field,"Windows.Web.Http.HttpStatusCode Windows.Web.Http.HttpStatusCode.Continue"
Browse,Field,"Windows.Web.Http.HttpStatusCode Windows.Web.Http.HttpStatusCode.SwitchingProtocols"
Browse,Field,"Windows.Web.Http.HttpStatusCode Windows.Web.Http.HttpStatusCode.Processing"
Browse,Field,"Windows.Web.Http.HttpStatusCode Windows.Web.Http.HttpStatusCode.Ok"
Browse,Field,"Windows.Web.Http.HttpStatusCode Windows.Web.Http.HttpStatusCode.Created"
Browse,Field,"Windows.Web.Http.HttpStatusCode Windows.Web.Http.HttpStatusCode.Accepted"
Browse,Field,"Windows.Web.Http.HttpStatusCode Windows.Web.Http.HttpStatusCode.NonAuthoritativeInformation"
Browse,Field,"Windows.Web.Http.HttpStatusCode Windows.Web.Http.HttpStatusCode.NoContent"
Browse,Field,"Windows.Web.Http.HttpStatusCode Windows.Web.Http.HttpStatusCode.ResetContent"
Browse,Field,"Windows.Web.Http.HttpStatusCode Windows.Web.Http.HttpStatusCode.PartialContent"
Browse,Field,"Windows.Web.Http.HttpStatusCode Windows.Web.Http.HttpStatusCode.MultiStatus"
Browse,Field,"Windows.Web.Http.HttpStatusCode Windows.Web.Http.HttpStatusCode.AlreadyReported"
Browse,Field,"Windows.Web.Http.HttpStatusCode Windows.Web.Http.HttpStatusCode.IMUsed"
Browse,Field,"Windows.Web.Http.HttpStatusCode Windows.Web.Http.HttpStatusCode.MultipleChoices"
Browse,Field,"Windows.Web.Http.HttpStatusCode Windows.Web.Http.HttpStatusCode.MovedPermanently"
Browse,Field,"Windows.Web.Http.HttpStatusCode Windows.Web.Http.HttpStatusCode.Found"
Browse,Field,"Windows.Web.Http.HttpStatusCode Windows.Web.Http.HttpStatusCode.SeeOther"
Browse,Field,"Windows.Web.Http.HttpStatusCode Windows.Web.Http.HttpStatusCode.NotModified"
Browse,Field,"Windows.Web.Http.HttpStatusCode Windows.Web.Http.HttpStatusCode.UseProxy"
Browse,Field,"Windows.Web.Http.HttpStatusCode Windows.Web.Http.HttpStatusCode.TemporaryRedirect"
Browse,Field,"Windows.Web.Http.HttpStatusCode Windows.Web.Http.HttpStatusCode.PermanentRedirect"
Browse,Field,"Windows.Web.Http.HttpStatusCode Windows.Web.Http.HttpStatusCode.BadRequest"
Browse,Field,"Windows.Web.Http.HttpStatusCode Windows.Web.Http.HttpStatusCode.Unauthorized"
Browse,Field,"Windows.Web.Http.HttpStatusCode Windows.Web.Http.HttpStatusCode.PaymentRequired"
Browse,Field,"Windows.Web.Http.HttpStatusCode Windows.Web.Http.HttpStatusCode.Forbidden"
Browse,Field,"Windows.Web.Http.HttpStatusCode Windows.Web.Http.HttpStatusCode.NotFound"
Browse,Field,"Windows.Web.Http.HttpStatusCode Windows.Web.Http.HttpStatusCode.MethodNotAllowed"
Browse,Field,"Windows.Web.Http.HttpStatusCode Windows.Web.Http.HttpStatusCode.NotAcceptable"
Browse,Field,"Windows.Web.Http.HttpStatusCode Windows.Web.Http.HttpStatusCode.ProxyAuthenticationRequired"
Browse,Field,"Windows.Web.Http.HttpStatusCode Windows.Web.Http.HttpStatusCode.RequestTimeout"
Browse,Field,"Windows.Web.Http.HttpStatusCode Windows.Web.Http.HttpStatusCode.Conflict"
Browse,Field,"Windows.Web.Http.HttpStatusCode Windows.Web.Http.HttpStatusCode.Gone"
Browse,Field,"Windows.Web.Http.HttpStatusCode Windows.Web.Http.HttpStatusCode.LengthRequired"
Browse,Field,"Windows.Web.Http.HttpStatusCode Windows.Web.Http.HttpStatusCode.PreconditionFailed"
Browse,Field,"Windows.Web.Http.HttpStatusCode Windows.Web.Http.HttpStatusCode.RequestEntityTooLarge"
Browse,Field,"Windows.Web.Http.HttpStatusCode Windows.Web.Http.HttpStatusCode.RequestUriTooLong"
Browse,Field,"Windows.Web.Http.HttpStatusCode Windows.Web.Http.HttpStatusCode.UnsupportedMediaType"
Browse,Field,"Windows.Web.Http.HttpStatusCode Windows.Web.Http.HttpStatusCode.RequestedRangeNotSatisfiable"
Browse,Field,"Windows.Web.Http.HttpStatusCode Windows.Web.Http.HttpStatusCode.ExpectationFailed"
Browse,Field,"Windows.Web.Http.HttpStatusCode Windows.Web.Http.HttpStatusCode.UnprocessableEntity"
Browse,Field,"Windows.Web.Http.HttpStatusCode Windows.Web.Http.HttpStatusCode.Locked"
Browse,Field,"Windows.Web.Http.HttpStatusCode Windows.Web.Http.HttpStatusCode.FailedDependency"
Browse,Field,"Windows.Web.Http.HttpStatusCode Windows.Web.Http.HttpStatusCode.UpgradeRequired"
Browse,Field,"Windows.Web.Http.HttpStatusCode Windows.Web.Http.HttpStatusCode.PreconditionRequired"
Browse,Field,"Windows.Web.Http.HttpStatusCode Windows.Web.Http.HttpStatusCode.TooManyRequests"
Browse,Field,"Windows.Web.Http.HttpStatusCode Windows.Web.Http.HttpStatusCode.RequestHeaderFieldsTooLarge"
Browse,Field,"Windows.Web.Http.HttpStatusCode Windows.Web.Http.HttpStatusCode.InternalServerError"
Browse,Field,"Windows.Web.Http.HttpStatusCode Windows.Web.Http.HttpStatusCode.NotImplemented"
Browse,Field,"Windows.Web.Http.HttpStatusCode Windows.Web.Http.HttpStatusCode.BadGateway"
Browse,Field,"Windows.Web.Http.HttpStatusCode Windows.Web.Http.HttpStatusCode.ServiceUnavailable"
Browse,Field,"Windows.Web.Http.HttpStatusCode Windows.Web.Http.HttpStatusCode.GatewayTimeout"
Browse,Field,"Windows.Web.Http.HttpStatusCode Windows.Web.Http.HttpStatusCode.HttpVersionNotSupported"
Browse,Field,"Windows.Web.Http.HttpStatusCode Windows.Web.Http.HttpStatusCode.VariantAlsoNegotiates"
Browse,Field,"Windows.Web.Http.HttpStatusCode Windows.Web.Http.HttpStatusCode.InsufficientStorage"
Browse,Field,"Windows.Web.Http.HttpStatusCode Windows.Web.Http.HttpStatusCode.LoopDetected"
Browse,Field,"Windows.Web.Http.HttpStatusCode Windows.Web.Http.HttpStatusCode.NotExtended"
Browse,Field,"Windows.Web.Http.HttpStatusCode Windows.Web.Http.HttpStatusCode.NetworkAuthenticationRequired"
Browse,Field,"Windows.Web.Http.HttpVersion Windows.Web.Http.HttpVersion.None"
Browse,Field,"Windows.Web.Http.HttpVersion Windows.Web.Http.HttpVersion.Http10"
Browse,Field,"Windows.Web.Http.HttpVersion Windows.Web.Http.HttpVersion.Http11"
Browse,Field,"Windows.Web.Http.HttpVersion Windows.Web.Http.HttpVersion.Http20"
Browse,Field,"System.Int32 System.Net.Sockets.SocketError.value__"
Browse,Field,"System.Net.Sockets.SocketError System.Net.Sockets.SocketError.Success"
Browse,Field,"System.Net.Sockets.SocketError System.Net.Sockets.SocketError.SocketError"
Browse,Field,"System.Net.Sockets.SocketError System.Net.Sockets.SocketError.Interrupted"
Browse,Field,"System.Net.Sockets.SocketError System.Net.Sockets.SocketError.AccessDenied"
Browse,Field,"System.Net.Sockets.SocketError System.Net.Sockets.SocketError.Fault"
Browse,Field,"System.Net.Sockets.SocketError System.Net.Sockets.SocketError.InvalidArgument"
Browse,Field,"System.Net.Sockets.SocketError System.Net.Sockets.SocketError.TooManyOpenSockets"
Browse,Field,"System.Net.Sockets.SocketError System.Net.Sockets.SocketError.WouldBlock"
Browse,Field,"System.Net.Sockets.SocketError System.Net.Sockets.SocketError.InProgress"
Browse,Field,"System.Net.Sockets.SocketError System.Net.Sockets.SocketError.AlreadyInProgress"
Browse,Field,"System.Net.Sockets.SocketError System.Net.Sockets.SocketError.NotSocket"
Browse,Field,"System.Net.Sockets.SocketError System.Net.Sockets.SocketError.DestinationAddressRequired"
Browse,Field,"System.Net.Sockets.SocketError System.Net.Sockets.SocketError.MessageSize"
Browse,Field,"System.Net.Sockets.SocketError System.Net.Sockets.SocketError.ProtocolType"
Browse,Field,"System.Net.Sockets.SocketError System.Net.Sockets.SocketError.ProtocolOption"
Browse,Field,"System.Net.Sockets.SocketError System.Net.Sockets.SocketError.ProtocolNotSupported"
Browse,Field,"System.Net.Sockets.SocketError System.Net.Sockets.SocketError.SocketNotSupported"
Browse,Field,"System.Net.Sockets.SocketError System.Net.Sockets.SocketError.OperationNotSupported"
Browse,Field,"System.Net.Sockets.SocketError System.Net.Sockets.SocketError.ProtocolFamilyNotSupported"
Browse,Field,"System.Net.Sockets.SocketError System.Net.Sockets.SocketError.AddressFamilyNotSupported"
Browse,Field,"System.Net.Sockets.SocketError System.Net.Sockets.SocketError.AddressAlreadyInUse"
Browse,Field,"System.Net.Sockets.SocketError System.Net.Sockets.SocketError.AddressNotAvailable"
Browse,Field,"System.Net.Sockets.SocketError System.Net.Sockets.SocketError.NetworkDown"
Browse,Field,"System.Net.Sockets.SocketError System.Net.Sockets.SocketError.NetworkUnreachable"
Browse,Field,"System.Net.Sockets.SocketError System.Net.Sockets.SocketError.NetworkReset"
Browse,Field,"System.Net.Sockets.SocketError System.Net.Sockets.SocketError.ConnectionAborted"
Browse,Field,"System.Net.Sockets.SocketError System.Net.Sockets.SocketError.ConnectionReset"
Browse,Field,"System.Net.Sockets.SocketError System.Net.Sockets.SocketError.NoBufferSpaceAvailable"
Browse,Field,"System.Net.Sockets.SocketError System.Net.Sockets.SocketError.IsConnected"
Browse,Field,"System.Net.Sockets.SocketError System.Net.Sockets.SocketError.NotConnected"
Browse,Field,"System.Net.Sockets.SocketError System.Net.Sockets.SocketError.Shutdown"
Browse,Field,"System.Net.Sockets.SocketError System.Net.Sockets.SocketError.TimedOut"
Browse,Field,"System.Net.Sockets.SocketError System.Net.Sockets.SocketError.ConnectionRefused"
Browse,Field,"System.Net.Sockets.SocketError System.Net.Sockets.SocketError.HostDown"
Browse,Field,"System.Net.Sockets.SocketError System.Net.Sockets.SocketError.HostUnreachable"
Browse,Field,"System.Net.Sockets.SocketError System.Net.Sockets.SocketError.ProcessLimit"
Browse,Field,"System.Net.Sockets.SocketError System.Net.Sockets.SocketError.SystemNotReady"
Browse,Field,"System.Net.Sockets.SocketError System.Net.Sockets.SocketError.VersionNotSupported"
Browse,Field,"System.Net.Sockets.SocketError System.Net.Sockets.SocketError.NotInitialized"
Browse,Field,"System.Net.Sockets.SocketError System.Net.Sockets.SocketError.Disconnecting"
Browse,Field,"System.Net.Sockets.SocketError System.Net.Sockets.SocketError.TypeNotFound"
Browse,Field,"System.Net.Sockets.SocketError System.Net.Sockets.SocketError.HostNotFound"
Browse,Field,"System.Net.Sockets.SocketError System.Net.Sockets.SocketError.TryAgain"
Browse,Field,"System.Net.Sockets.SocketError System.Net.Sockets.SocketError.NoRecovery"
Browse,Field,"System.Net.Sockets.SocketError System.Net.Sockets.SocketError.NoData"
Browse,Field,"System.Net.Sockets.SocketError System.Net.Sockets.SocketError.IOPending"
Browse,Field,"System.Net.Sockets.SocketError System.Net.Sockets.SocketError.OperationAborted"
Browse,Field,"System.Int32 System.Xml.DtdParser.Token.value__"
Browse,Field,"System.Xml.DtdParser.Token System.Xml.DtdParser.Token.CDATA"
Browse,Field,"System.Xml.DtdParser.Token System.Xml.DtdParser.Token.ID"
Browse,Field,"System.Xml.DtdParser.Token System.Xml.DtdParser.Token.IDREF"
Browse,Field,"System.Xml.DtdParser.Token System.Xml.DtdParser.Token.IDREFS"
Browse,Field,"System.Xml.DtdParser.Token System.Xml.DtdParser.Token.ENTITY"
Browse,Field,"System.Xml.DtdParser.Token System.Xml.DtdParser.Token.ENTITIES"
Browse,Field,"System.Xml.DtdParser.Token System.Xml.DtdParser.Token.NMTOKEN"
Browse,Field,"System.Xml.DtdParser.Token System.Xml.DtdParser.Token.NMTOKENS"
Browse,Field,"System.Xml.DtdParser.Token System.Xml.DtdParser.Token.NOTATION"
Browse,Field,"System.Xml.DtdParser.Token System.Xml.DtdParser.Token.None"
Browse,Field,"System.Xml.DtdParser.Token System.Xml.DtdParser.Token.PERef"
Browse,Field,"System.Xml.DtdParser.Token System.Xml.DtdParser.Token.AttlistDecl"
Browse,Field,"System.Xml.DtdParser.Token System.Xml.DtdParser.Token.ElementDecl"
Browse,Field,"System.Xml.DtdParser.Token System.Xml.DtdParser.Token.EntityDecl"
Browse,Field,"System.Xml.DtdParser.Token System.Xml.DtdParser.Token.NotationDecl"
Browse,Field,"System.Xml.DtdParser.Token System.Xml.DtdParser.Token.Comment"
Browse,Field,"System.Xml.DtdParser.Token System.Xml.DtdParser.Token.PI"
Browse,Field,"System.Xml.DtdParser.Token System.Xml.DtdParser.Token.CondSectionStart"
Browse,Field,"System.Xml.DtdParser.Token System.Xml.DtdParser.Token.CondSectionEnd"
Browse,Field,"System.Xml.DtdParser.Token System.Xml.DtdParser.Token.Eof"
Browse,Field,"System.Xml.DtdParser.Token System.Xml.DtdParser.Token.REQUIRED"
Browse,Field,"System.Xml.DtdParser.Token System.Xml.DtdParser.Token.IMPLIED"
Browse,Field,"System.Xml.DtdParser.Token System.Xml.DtdParser.Token.FIXED"
Browse,Field,"System.Xml.DtdParser.Token System.Xml.DtdParser.Token.QName"
Browse,Field,"System.Xml.DtdParser.Token System.Xml.DtdParser.Token.Name"
Browse,Field,"System.Xml.DtdParser.Token System.Xml.DtdParser.Token.Nmtoken"
Browse,Field,"System.Xml.DtdParser.Token System.Xml.DtdParser.Token.Quote"
Browse,Field,"System.Xml.DtdParser.Token System.Xml.DtdParser.Token.LeftParen"
Browse,Field,"System.Xml.DtdParser.Token System.Xml.DtdParser.Token.RightParen"
Browse,Field,"System.Xml.DtdParser.Token System.Xml.DtdParser.Token.GreaterThan"
Browse,Field,"System.Xml.DtdParser.Token System.Xml.DtdParser.Token.Or"
Browse,Field,"System.Xml.DtdParser.Token System.Xml.DtdParser.Token.LeftBracket"
Browse,Field,"System.Xml.DtdParser.Token System.Xml.DtdParser.Token.RightBracket"
Browse,Field,"System.Xml.DtdParser.Token System.Xml.DtdParser.Token.PUBLIC"
Browse,Field,"System.Xml.DtdParser.Token System.Xml.DtdParser.Token.SYSTEM"
Browse,Field,"System.Xml.DtdParser.Token System.Xml.DtdParser.Token.Literal"
Browse,Field,"System.Xml.DtdParser.Token System.Xml.DtdParser.Token.DOCTYPE"
Browse,Field,"System.Xml.DtdParser.Token System.Xml.DtdParser.Token.NData"
Browse,Field,"System.Xml.DtdParser.Token System.Xml.DtdParser.Token.Percent"
Browse,Field,"System.Xml.DtdParser.Token System.Xml.DtdParser.Token.Star"
Browse,Field,"System.Xml.DtdParser.Token System.Xml.DtdParser.Token.QMark"
Browse,Field,"System.Xml.DtdParser.Token System.Xml.DtdParser.Token.Plus"
Browse,Field,"System.Xml.DtdParser.Token System.Xml.DtdParser.Token.PCDATA"
Browse,Field,"System.Xml.DtdParser.Token System.Xml.DtdParser.Token.Comma"
Browse,Field,"System.Xml.DtdParser.Token System.Xml.DtdParser.Token.ANY"
Browse,Field,"System.Xml.DtdParser.Token System.Xml.DtdParser.Token.EMPTY"
Browse,Field,"System.Xml.DtdParser.Token System.Xml.DtdParser.Token.IGNORE"
Browse,Field,"System.Xml.DtdParser.Token System.Xml.DtdParser.Token.INCLUDE"
Browse,Field,"System.Int32 System.ComponentModel.Win32Exception.nativeErrorCode"
Browse,Field,"System.Int32 System.Xml.DtdParser.ScanningFunction.value__"
Browse,Field,"System.Xml.DtdParser.ScanningFunction System.Xml.DtdParser.ScanningFunction.SubsetContent"
Browse,Field,"System.Xml.DtdParser.ScanningFunction System.Xml.DtdParser.ScanningFunction.Name"
Browse,Field,"System.Xml.DtdParser.ScanningFunction System.Xml.DtdParser.ScanningFunction.QName"
Browse,Field,"System.Xml.DtdParser.ScanningFunction System.Xml.DtdParser.ScanningFunction.Nmtoken"
Browse,Field,"System.Xml.DtdParser.ScanningFunction System.Xml.DtdParser.ScanningFunction.Doctype1"
Browse,Field,"System.Xml.DtdParser.ScanningFunction System.Xml.DtdParser.ScanningFunction.Doctype2"
Browse,Field,"System.Xml.DtdParser.ScanningFunction System.Xml.DtdParser.ScanningFunction.Element1"
Browse,Field,"System.Xml.DtdParser.ScanningFunction System.Xml.DtdParser.ScanningFunction.Element2"
Browse,Field,"System.Xml.DtdParser.ScanningFunction System.Xml.DtdParser.ScanningFunction.Element3"
Browse,Field,"System.Xml.DtdParser.ScanningFunction System.Xml.DtdParser.ScanningFunction.Element4"
Browse,Field,"System.Xml.DtdParser.ScanningFunction System.Xml.DtdParser.ScanningFunction.Element5"
Browse,Field,"System.Xml.DtdParser.ScanningFunction System.Xml.DtdParser.ScanningFunction.Element6"
Browse,Field,"System.Xml.DtdParser.ScanningFunction System.Xml.DtdParser.ScanningFunction.Element7"
Browse,Field,"System.Xml.DtdParser.ScanningFunction System.Xml.DtdParser.ScanningFunction.Attlist1"
Browse,Field,"System.Xml.DtdParser.ScanningFunction System.Xml.DtdParser.ScanningFunction.Attlist2"
Browse,Field,"System.Xml.DtdParser.ScanningFunction System.Xml.DtdParser.ScanningFunction.Attlist3"
Browse,Field,"System.Xml.DtdParser.ScanningFunction System.Xml.DtdParser.ScanningFunction.Attlist4"
Browse,Field,"System.Xml.DtdParser.ScanningFunction System.Xml.DtdParser.ScanningFunction.Attlist5"
Browse,Field,"System.Xml.DtdParser.ScanningFunction System.Xml.DtdParser.ScanningFunction.Attlist6"
Browse,Field,"System.Xml.DtdParser.ScanningFunction System.Xml.DtdParser.ScanningFunction.Attlist7"
Browse,Field,"System.Xml.DtdParser.ScanningFunction System.Xml.DtdParser.ScanningFunction.Entity1"
Browse,Field,"System.Xml.DtdParser.ScanningFunction System.Xml.DtdParser.ScanningFunction.Entity2"
Browse,Field,"System.Xml.DtdParser.ScanningFunction System.Xml.DtdParser.ScanningFunction.Entity3"
Browse,Field,"System.Xml.DtdParser.ScanningFunction System.Xml.DtdParser.ScanningFunction.Notation1"
Browse,Field,"System.Xml.DtdParser.ScanningFunction System.Xml.DtdParser.ScanningFunction.CondSection1"
Browse,Field,"System.Xml.DtdParser.ScanningFunction System.Xml.DtdParser.ScanningFunction.CondSection2"
Browse,Field,"System.Xml.DtdParser.ScanningFunction System.Xml.DtdParser.ScanningFunction.CondSection3"
Browse,Field,"System.Xml.DtdParser.ScanningFunction System.Xml.DtdParser.ScanningFunction.Literal"
Browse,Field,"System.Xml.DtdParser.ScanningFunction System.Xml.DtdParser.ScanningFunction.SystemId"
Browse,Field,"System.Xml.DtdParser.ScanningFunction System.Xml.DtdParser.ScanningFunction.PublicId1"
Browse,Field,"System.Xml.DtdParser.ScanningFunction System.Xml.DtdParser.ScanningFunction.PublicId2"
Browse,Field,"System.Xml.DtdParser.ScanningFunction System.Xml.DtdParser.ScanningFunction.ClosingTag"
Browse,Field,"System.Xml.DtdParser.ScanningFunction System.Xml.DtdParser.ScanningFunction.ParamEntitySpace"
Browse,Field,"System.Xml.DtdParser.ScanningFunction System.Xml.DtdParser.ScanningFunction.None"
Browse,Field,"System.Int32 System.Threading.EventResetMode.value__"
Browse,Field,"System.Threading.EventResetMode System.Threading.EventResetMode.AutoReset"
Browse,Field,"System.Threading.EventResetMode System.Threading.EventResetMode.ManualReset"
Browse,Field,"System.Int32 System.Xml.DtdParser.LiteralType.value__"
Browse,Field,"System.Xml.DtdParser.LiteralType System.Xml.DtdParser.LiteralType.AttributeValue"
Browse,Field,"System.Xml.DtdParser.LiteralType System.Xml.DtdParser.LiteralType.EntityReplText"
Browse,Field,"System.Xml.DtdParser.LiteralType System.Xml.DtdParser.LiteralType.SystemOrPublicID"
Browse,Field,"System.Int32 System.Xml.Schema.SchemaAttDef.Reserve.value__"
Browse,Field,"System.Xml.Schema.SchemaAttDef.Reserve System.Xml.Schema.SchemaAttDef.Reserve.None"
Browse,Field,"System.Xml.Schema.SchemaAttDef.Reserve System.Xml.Schema.SchemaAttDef.Reserve.XmlSpace"
Browse,Field,"System.Xml.Schema.SchemaAttDef.Reserve System.Xml.Schema.SchemaAttDef.Reserve.XmlLang"
Browse,Field,"System.Int32 System.Xml.XmlTokenizedType.value__"
Browse,Field,"System.Xml.XmlTokenizedType System.Xml.XmlTokenizedType.CDATA"
Browse,Field,"System.Xml.XmlTokenizedType System.Xml.XmlTokenizedType.ID"
Browse,Field,"System.Xml.XmlTokenizedType System.Xml.XmlTokenizedType.IDREF"
Browse,Field,"System.Xml.XmlTokenizedType System.Xml.XmlTokenizedType.IDREFS"
Browse,Field,"System.Xml.XmlTokenizedType System.Xml.XmlTokenizedType.ENTITY"
Browse,Field,"System.Xml.XmlTokenizedType System.Xml.XmlTokenizedType.ENTITIES"
Browse,Field,"System.Xml.XmlTokenizedType System.Xml.XmlTokenizedType.NMTOKEN"
Browse,Field,"System.Xml.XmlTokenizedType System.Xml.XmlTokenizedType.NMTOKENS"
Browse,Field,"System.Xml.XmlTokenizedType System.Xml.XmlTokenizedType.NOTATION"
Browse,Field,"System.Xml.XmlTokenizedType System.Xml.XmlTokenizedType.ENUMERATION"
Browse,Field,"System.Xml.XmlTokenizedType System.Xml.XmlTokenizedType.QName"
Browse,Field,"System.Xml.XmlTokenizedType System.Xml.XmlTokenizedType.NCName"
Browse,Field,"System.Xml.XmlTokenizedType System.Xml.XmlTokenizedType.None"
Browse,Field,"System.Int32 System.Xml.Schema.SchemaDeclBase.Use.value__"
Browse,Field,"System.Xml.Schema.SchemaDeclBase.Use System.Xml.Schema.SchemaDeclBase.Use.Default"
Browse,Field,"System.Xml.Schema.SchemaDeclBase.Use System.Xml.Schema.SchemaDeclBase.Use.Required"
Browse,Field,"System.Xml.Schema.SchemaDeclBase.Use System.Xml.Schema.SchemaDeclBase.Use.Implied"
Browse,Field,"System.Xml.Schema.SchemaDeclBase.Use System.Xml.Schema.SchemaDeclBase.Use.Fixed"
Browse,Field,"System.Xml.Schema.SchemaDeclBase.Use System.Xml.Schema.SchemaDeclBase.Use.RequiredFixed"
Browse,Method,"System.Void System.Resources.MissingManifestResourceException..ctor(System.String message)"
Browse,Method,"System.Exception System.AggregateException.GetBaseException()"
Browse,Method,"System.Collections.ObjectModel.ReadOnlyCollection<System.Exception> System.AggregateException.InnerExceptions.get()"
Browse,Method,"System.String System.AggregateException.ToString()"
Browse,Method,"System.Void System.ArgumentException..ctor()"
Browse,Method,"System.Void System.ArgumentException..ctor(System.String message)"
Browse,Method,"System.Void System.ArgumentException..ctor(System.String message, System.Exception innerException)"
Browse,Method,"System.Void System.ArgumentException..ctor(System.String message, System.String paramName, System.Exception innerException)"
Browse,Method,"System.Void System.ArgumentException..ctor(System.String message, System.String paramName)"
Browse,Method,"System.String System.ArgumentException.Message.get()"
Browse,Method,"System.String System.ArgumentException.ParamName.get()"
Browse,Method,"System.Void System.ArgumentNullException..ctor(System.String paramName)"
Browse,Method,"System.Void System.ArgumentNullException..ctor(System.String paramName, System.String message)"
Browse,Method,"System.Void System.ArgumentOutOfRangeException..ctor()"
Browse,Method,"System.Void System.ArgumentOutOfRangeException..ctor(System.String paramName)"
Browse,Method,"System.Void System.ArgumentOutOfRangeException..ctor(System.String paramName, System.String message)"
Browse,Method,"System.String System.ArgumentOutOfRangeException.Message.get()"
Browse,Method,"System.Object System.ArgumentOutOfRangeException.ActualValue.get()"
Browse,Method,"System.Void System.ArrayTypeMismatchException..ctor()"
Browse,Method,"System.String System.BadImageFormatException.Message.get()"
Browse,Method,"System.String System.BadImageFormatException.ToString()"
Browse,Method,"System.Void System.DataMisalignedException..ctor(System.String message)"
Browse,Method,"System.Void System.DivideByZeroException..ctor()"
Browse,Method,"System.Void System.FormatException..ctor(System.String message)"
Browse,Method,"System.Void System.IndexOutOfRangeException..ctor()"
Browse,Method,"System.Void System.InvalidCastException..ctor(System.String message)"
Browse,Method,"System.Void System.InvalidOperationException..ctor()"
Browse,Method,"System.Void System.InvalidOperationException..ctor(System.String message)"
Browse,Method,"System.Void System.InvalidOperationException..ctor(System.String message, System.Exception innerException)"
Browse,Method,"System.String System.MissingFieldException.Message.get()"
Browse,Method,"System.Void System.MissingMemberException..ctor(System.String message)"
Browse,Method,"System.String System.MissingMemberException.Message.get()"
Browse,Method,"System.String System.MissingMethodException.Message.get()"
Browse,Method,"System.Void System.NotImplementedException..ctor()"
Browse,Method,"System.Void System.NotImplementedException..ctor(System.String message)"
Browse,Method,"System.Void System.NotImplementedException..ctor(System.String message, System.Exception inner)"
Browse,Method,"System.Void System.NotSupportedException..ctor()"
Browse,Method,"System.Void System.NotSupportedException..ctor(System.String message)"
Browse,Method,"System.Void System.NotSupportedException..ctor(System.String message, System.Exception innerException)"
Browse,Method,"System.Void System.NullReferenceException..ctor()"
Browse,Method,"System.Void System.NullReferenceException..ctor(System.String message)"
Browse,Method,"System.String System.ObjectDisposedException.Message.get()"
Browse,Method,"System.Void System.OverflowException..ctor()"
Browse,Method,"System.Void System.PlatformNotSupportedException..ctor()"
Browse,Method,"System.Void System.PlatformNotSupportedException..ctor(System.String message)"
Browse,Method,"System.Void System.PlatformNotSupportedException..ctor(System.String message, System.Exception inner)"
Browse,Method,"System.Void System.Exception..ctor()"
Browse,Method,"System.Void System.Exception..ctor(System.String message)"
Browse,Method,"System.Void System.Exception..ctor(System.String message, System.Exception innerException)"
Browse,Method,"System.String System.Exception.Message.get()"
Browse,Method,"System.Collections.IDictionary System.Exception.Data.get()"
Browse,Method,"System.Exception System.Exception.GetBaseException()"
Browse,Method,"System.Exception System.Exception.InnerException.get()"
Browse,Method,"System.String System.Exception.HelpLink.get()"
Browse,Method,"System.Void System.Exception.HelpLink.set(System.String value)"
Browse,Method,"System.String System.Exception.Source.get()"
Browse,Method,"System.Void System.Exception.Source.set(System.String value)"
Browse,Method,"System.String System.Exception.ToString()"
Browse,Method,"System.Int32 System.Exception.HResult.get()"
Browse,Method,"System.Void System.Exception.HResult.set(System.Int32 value)"
Browse,Method,"System.String System.Exception.StackTrace.get()"
Browse,Method,"System.Void System.TimeoutException..ctor(System.String message)"
Browse,Method,"System.Void System.TypeLoadException..ctor()"
Browse,Method,"System.Void System.TypeLoadException..ctor(System.String message)"
Browse,Method,"System.Void System.TypeLoadException..ctor(System.String message, System.Exception inner)"
Browse,Method,"System.String System.TypeLoadException.Message.get()"
Browse,Method,"System.String System.TypeLoadException.TypeName.get()"
Browse,Method,"System.Void System.Security.SecurityException..ctor(System.String message, System.Exception inner)"
Browse,Method,"System.String System.Security.SecurityException.ToString()"
Browse,Method,"System.Void System.Reflection.TargetInvocationException..ctor(System.Exception inner)"
Browse,Method,"System.String System.IO.FileLoadException.Message.get()"
Browse,Method,"System.String System.IO.FileLoadException.ToString()"
Browse,Method,"System.String System.IO.FileNotFoundException.Message.get()"
Browse,Method,"System.String System.IO.FileNotFoundException.ToString()"
Browse,Method,"System.String System.Globalization.CultureNotFoundException.InvalidCultureName.get()"
Browse,Method,"System.String System.Globalization.CultureNotFoundException.Message.get()"
Browse,Method,"System.Void System.Collections.Generic.KeyNotFoundException..ctor()"
Browse,Method,"System.Void System.Collections.Generic.KeyNotFoundException..ctor(System.String message)"
Browse,Method,"System.Void System.Collections.Generic.KeyNotFoundException..ctor(System.String message, System.Exception innerException)"
Browse,Method,"System.Void System.Runtime.Serialization.InvalidDataContractException..ctor()"
Browse,Method,"System.Void System.Runtime.Serialization.InvalidDataContractException..ctor(System.String message)"
Browse,Method,"System.Void System.Runtime.Serialization.InvalidDataContractException..ctor(System.String message, System.Exception innerException)"
Browse,Method,"System.Void System.Runtime.Serialization.SerializationException..ctor()"
Browse,Method,"System.Void System.Runtime.Serialization.SerializationException..ctor(System.String message)"
Browse,Method,"System.Void System.Runtime.Serialization.SerializationException..ctor(System.String message, System.Exception innerException)"
Browse,Method,"System.Void System.Xml.XmlException..ctor(System.String message)"
Browse,Method,"System.Void System.Xml.XmlException..ctor(System.String res, System.String arg, System.Int32 lineNumber, System.Int32 linePosition)"
Browse,Method,"System.Void System.Xml.XmlException..ctor(System.String res, System.String[] args, System.Int32 lineNumber, System.Int32 linePosition)"
Browse,Method,"System.String[] System.Xml.XmlException.BuildCharExceptionArgs(System.String data, System.Int32 invCharIndex)"
Browse,Method,"System.String[] System.Xml.XmlException.BuildCharExceptionArgs(System.Char[] data, System.Int32 length, System.Int32 invCharIndex)"
Browse,Method,"System.String[] System.Xml.XmlException.BuildCharExceptionArgs(System.Char invChar, System.Char nextChar)"
Browse,Method,"System.Void System.Runtime.InteropServices.MarshalDirectiveException..ctor()"
Browse,Method,"System.Void System.Runtime.InteropServices.MarshalDirectiveException..ctor(System.String message)"
Browse,Method,"System.Void System.Runtime.InteropServices.MarshalDirectiveException..ctor(System.String message, System.Exception inner)"
Browse,Method,"System.Boolean System.Runtime.InteropServices.SEHException.CanResume()"
Browse,Method,"System.Void System.Xml.XmlQualifiedName..ctor()"
Browse,Method,"System.Void System.Xml.XmlQualifiedName..ctor(System.String name)"
Browse,Method,"System.Void System.Xml.XmlQualifiedName..ctor(System.String name, System.String ns)"
Browse,Method,"System.String System.Xml.XmlQualifiedName.Namespace.get()"
Browse,Method,"System.String System.Xml.XmlQualifiedName.Name.get()"
Browse,Method,"System.Int32 System.Xml.XmlQualifiedName.GetHashCode()"
Browse,Method,"System.Boolean System.Xml.XmlQualifiedName.IsEmpty.get()"
Browse,Method,"System.String System.Xml.XmlQualifiedName.ToString()"
Browse,Method,"System.Boolean System.Xml.XmlQualifiedName.Equals(System.Object other)"
Browse,Method,"System.Boolean System.Xml.XmlQualifiedName.op_Equality(System.Xml.XmlQualifiedName a, System.Xml.XmlQualifiedName b)"
Browse,Method,"System.Boolean System.Xml.XmlQualifiedName.op_Inequality(System.Xml.XmlQualifiedName a, System.Xml.XmlQualifiedName b)"
Browse,Method,"System.Void System.Xml.XmlException..ctor(System.String message, System.Exception innerException)"
Browse,Method,"System.Void System.Xml.XmlException..ctor(System.String message, System.Exception innerException, System.Int32 lineNumber, System.Int32 linePosition)"
Browse,Method,"System.Void System.Xml.XmlException..ctor(System.String res, System.String arg)"
Browse,Method,"System.Void System.Xml.XmlException..ctor(System.String res, System.String arg, System.Xml.IXmlLineInfo lineInfo)"
Browse,Method,"System.Void System.Xml.XmlException..ctor(System.String res, System.String arg, System.Exception innerException, System.Xml.IXmlLineInfo lineInfo)"
Browse,Method,"System.Void System.Xml.XmlException..ctor(System.String res, System.String[] args, System.Exception innerException, System.Int32 lineNumber, System.Int32 linePosition, System.String sourceUri)"
Browse,Method,"System.Void System.Runtime.InteropServices.COMException..ctor(System.String message, System.Int32 errorCode)"
Browse,Method,"System.Void System.Object..ctor()"
Browse,Method,"System.Void System.Object.Finalize()"
Browse,Method,"System.Type System.Object.GetType()"
Browse,Method,"System.String System.Object.ToString()"
Browse,Method,"System.Boolean System.Object.Equals(System.Object obj)"
Browse,Method,"System.Boolean System.Object.Equals(System.Object objA, System.Object objB)"
Browse,Method,"System.Boolean System.Object.ReferenceEquals(System.Object objA, System.Object objB)"
Browse,Method,"System.Int32 System.Object.GetHashCode()"
Browse,Method,"System.Object System.Object.MemberwiseClone()"
Browse,Method,"System.Void System.IndexOutOfRangeException..ctor(System.String message)"
Browse,Method,"System.Void System.Xml.XmlException..ctor(System.String message, System.Exception innerException, System.Int32 lineNumber, System.Int32 linePosition, System.String sourceUri)"
Browse,Method,"System.Void System.Xml.XmlException..ctor(System.String res, System.String[] args, System.Xml.IXmlLineInfo lineInfo, System.String sourceUri)"
Browse,Method,"System.String System.Xml.XmlException.CreateMessage(System.String res, System.String[] args, System.Int32 lineNumber, System.Int32 linePosition)"
Browse,Method,"System.Threading.CancellationToken System.OperationCanceledException.CancellationToken.get()"
Browse,Method,"System.Void System.OverflowException..ctor(System.String message)"
Browse,Method,"System.Void System.Security.SecurityException..ctor()"
Browse,Method,"System.String System.Xml.XmlException.FormatUserMessage(System.String message, System.Int32 lineNumber, System.Int32 linePosition)"
Browse,Method,"System.Void System.IO.IOException..ctor(System.String message, System.Exception innerException)"
Browse,Method,"System.Void System.ObjectDisposedException..ctor(System.String objectName)"
Browse,Method,"System.Void System.ObjectDisposedException..ctor(System.String objectName, System.String message)"
Browse,Method,"System.Void System.Xml.XmlException..ctor(System.String res, System.String[] args)"
Browse,Method,"System.Void System.Xml.XmlException..ctor(System.String res, System.String arg, System.String sourceUri)"
Browse,Method,"System.Void System.OperationCanceledException..ctor(System.Threading.CancellationToken token)"
Browse,Method,"System.Void System.Xml.XmlException..ctor(System.String res, System.String arg, System.Int32 lineNumber, System.Int32 linePosition, System.String sourceUri)"
Browse,Method,"System.Int32 System.Xml.XmlException.LineNumber.get()"
Browse,Method,"System.Int32 System.Xml.XmlException.LinePosition.get()"
Browse,Method,"System.Void System.Net.Http.HttpRequestException..ctor(System.String message, System.Exception inner)"
Browse,Method,"System.Void System.Xml.XmlException..ctor(System.String res, System.String[] args, System.Int32 lineNumber, System.Int32 linePosition, System.String sourceUri)"
Browse,Method,"System.Void System.ArgumentOutOfRangeException..ctor(System.String paramName, System.Object actualValue, System.String message)"
Browse,Method,"System.Void System.MissingMethodException..ctor(System.String message)"
Browse,Method,"System.Void System.IO.IOException..ctor(System.String message)"
Browse,Method,"System.Void System.Net.Http.HttpRequestException..ctor(System.String message)"
Browse,Method,"System.String System.Net.Sockets.SocketException.Message.get()"
Browse,Method,"System.Void System.Xml.XmlException..ctor(System.String res, System.String[] args, System.Exception innerException, System.Int32 lineNumber, System.Int32 linePosition)"
Browse,Method,"System.Void System.ComponentModel.Win32Exception..ctor(System.Int32 error)"
Browse,Method,"System.Void System.ComponentModel.Win32Exception..ctor(System.Int32 error, System.String message)"
Browse,Method,"System.String System.ComponentModel.Win32Exception.GetErrorMessage(System.Int32 error)"
Browse,Method,"System.Void System.FormatException..ctor(System.String message, System.Exception innerException)"
Browse,Method,"System.Void System.UnauthorizedAccessException..ctor(System.String message)"
Activate,Type,"System.Runtime.Serialization.SerializationException"
Activate,Type,"System.Reflection.DispatchProxy"
Activate,Type,"FxResources.System.Private.DataContractSerialization.SR"
Activate,Type,"FxResources.System.Xml.ReaderWriter.SR"
Activate,Type,"FxResources.System.Xml.XmlDocument.SR"
Activate,Type,"FxResources.System.Security.Cryptography.Primitives.SR"
Activate,Type,"FxResources.System.Security.Cryptography.Encoding.SR"
Activate,Type,"FxResources.System.Runtime.Numerics.SR"
Activate,Type,"FxResources.System.Numerics.Vectors.SR"
Activate,Type,"FxResources.System.Runtime.WindowsRuntime.UI.Xaml.SR"
Activate,Type,"FxResources.System.Text.Encoding.CodePages.SR"
Activate,Type,"System.Object"
Activate,Type,"System.Runtime.Serialization.DataContract"
Activate,Type,"System.Xml.Serialization.IXmlSerializable"
Activate,Type,"System.Collections.Generic.IEnumerable<System.Type>"
Activate,Type,"System.Exception"
Activate,Type,"System.Runtime.Serialization.ClassDataContract"
Activate,Type,"System.Runtime.Serialization.KeyValue"
Activate,Type,"System.Collections.Generic.KeyValuePair"
Activate,Type,"System.Collections.Generic.IEnumerable<System.Collections.Generic.KeyValuePair>"
Activate,Type,"System.Collections.Generic.ICollection"
Activate,Type,"System.Collections.Generic.IEnumerable"
Activate,Type,"System.Runtime.Serialization.KeyValue<System.Object, System.Object>"
Activate,Type,"System.Collections.IEnumerable"
Activate,Type,"System.Collections.IEnumerator"
Activate,Type,"System.Func<System.Type, System.Object>"
Activate,Type,"System.String"
Activate,Type,"System.Array<System.Byte>"
Activate,Type,"System.Uri"
Activate,Type,"System.Xml.XmlQualifiedName"
Activate,Type,"System.Runtime.Serialization.DataContractResolver"
Activate,Type,"System.Array<System.Xml.XmlNode>"
Activate,Type,"System.Xml.XmlAttribute"
Activate,Type,"System.Xml.XmlNode"
Activate,Type,"kicquwp.LoginPage"
Activate,Type,"kicquwp.EmojiManager"
Activate,Type,"kicquwp.FeatureItem"
Activate,Type,"kicquwp.SettingsPage"
Activate,Type,"kicquwp.AccountInfoPage"
Activate,Type,"kicquwp.SearchPage"
Activate,Type,"kicquwp.InfoPage"
Activate,Type,"kicquwp.ChatPage"
Activate,Type,"Windows.UI.Xaml.Controls.Page"
Activate,Type,"Windows.UI.Xaml.Controls.UserControl"
Activate,Type,"kicquwp.BoolToVisibilityConverter"
Activate,Type,"Windows.UI.Xaml.DependencyObject"
Activate,Type,"kicquwp.ByteToOpacityConverter"
Activate,Type,"kicquwp.MainPage"
Activate,Type,"System.Collections.ObjectModel.ObservableCollection<Contact>"
Activate,Type,"System.Collections.ObjectModel.Collection<Contact>"
Activate,Type,"Contact"
Activate,Type,"System.Boolean"
Activate,Type,"ContactInfo"
Activate,Type,"System.UInt16"
Activate,Type,"System.ValueType"
Activate,Type,"System.Int32"
Activate,Type,"System.Byte"
Activate,Type,"System.Char"
Activate,Type,"System.SByte"
Activate,Type,"System.Int16"
Activate,Type,"System.UInt32"
Activate,Type,"System.Int64"
Activate,Type,"System.UInt64"
Activate,Type,"System.Type"
Activate,Type,"System.Runtime.Serialization.Json.JsonReadWriteDelegates"
Activate,Type,"kicquwp.OscarProtocol.TLV"
Activate,Type,"kicquwp.OscarProtocol.SsiGroup"
Activate,Type,"kicquwp.SearchResult"
Activate,Type,"System.Array<System.String>"
Activate,Type,"System.Func"
Activate,Type,"System.Array"
Activate,Type,"Windows.Foundation.UniversalApiContract"
Activate,Type,"System.Collections.ObjectModel.ObservableCollection"
Activate,Type,"System.Collections.ObjectModel.Collection"
Activate,Type,"kicquwp.AccountInfoPage.<OnNavigatedTo>d__2"
Activate,Type,"kicquwp.AccountInfoPage.<LoadUserInfo>d__4"
Activate,Type,"kicquwp.AccountInfoPage.<SaveButton_Click>d__5"
Activate,Type,"kicquwp.App.<OnActivated>d__21"
Activate,Type,"kicquwp.App.<OpenChatPageFromToastAsync>d__22"
Activate,Type,"kicquwp.App.<OnResuming>d__25"
Activate,Type,"kicquwp.ChatPage.<OnNavigatedTo>d__15"
Activate,Type,"kicquwp.ChatPage.<OnChatConnectionLost>d__16"
Activate,Type,"kicquwp.ChatPage.<AddToContacts_Click>d__20"
Activate,Type,"kicquwp.ChatPage.<ContactInfo_Click>d__22"
Activate,Type,"kicquwp.ChatPage.<RenameContact_Click>d__23"
Activate,Type,"kicquwp.ChatPage.<DeleteContact_Click>d__24"
Activate,Type,"kicquwp.ChatPage.<ClearChat_Click>d__25"
Activate,Type,"kicquwp.ChatPage.<ShowRenameDialogAsync>d__26"
Activate,Type,"kicquwp.ChatPage.<OnIncomingMessage>d__27"
Activate,Type,"kicquwp.ChatPage.<SendMessage_Click>d__28"
Activate,Type,"kicquwp.ChatPage.<MessageTextBox_KeyDown>d__29"
Activate,Type,"kicquwp.ChatPage.<SendCurrentMessageAsync>d__30"
Activate,Type,"kicquwp.ChatPage.<OnTypingNotification>d__31"
Activate,Type,"kicquwp.ChatPage.<MessageTextBox_TextChanged>d__32"
Activate,Type,"kicquwp.ChatPage.<OnTypingTimerTick>d__33"
Activate,Type,"kicquwp.ChatPage.<ForwardMessageAsync>d__38"
Activate,Type,"kicquwp.ChatPage.<ShowForwardContactPickerAsync>d__39"
Activate,Type,"kicquwp.ChatPage.<LoadEmojiAnimationsAsync>d__41"
Activate,Type,"kicquwp.ChatPage.<ApplyChatBackgroundAsync>d__47"
Activate,Type,"kicquwp.ChatPage.<SaveMessageAsync>d__50"
Activate,Type,"kicquwp.ChatPage.<LoadHistoryAsync>d__51"
Activate,Type,"kicquwp.ChatPage.<ShowErrorDialogAsync>d__52"
Activate,Type,"kicquwp.ChatPage.<ShowDialogAsync>d__53"
Activate,Type,"kicquwp.ChatPage.<ShowInfoDialogAsync>d__54"
Activate,Type,"kicquwp.ChatPage.<<RenameContact_Click>b__23_0>d"
Activate,Type,"kicquwp.ContactStorage.<SaveContactsToFileAsync>d__0"
Activate,Type,"kicquwp.ContactStorage.<LoadContactsFromFileAsync>d__1"
Activate,Type,"kicquwp.ControlChannelService.<InitializeAsync>d__9"
Activate,Type,"kicquwp.GitHubUpdateService.<CheckForUpdatesAsync>d__7"
Activate,Type,"kicquwp.GitHubUpdateService.<OpenReleasePageAsync>d__8"
Activate,Type,"kicquwp.LoginPage.<LoginButton_Click>d__3"
Activate,Type,"kicquwp.LoginPage.<UpdateStatusText>d__4"
Activate,Type,"kicquwp.LoginPage.<RegButton_Click>d__6"
Activate,Type,"kicquwp.LoginPage.<RegisterDialog_PrimaryButtonClick>d__7"
Activate,Type,"kicquwp.LoginPage.<ShowErrorDialog>d__8"
Activate,Type,"kicquwp.LoginPage.<HelpButton_Click>d__10"
Activate,Type,"kicquwp.LoginPage.<ExitButton_Click>d__11"
Activate,Type,"kicquwp.LoginPage.<ShowMessageDialog>d__13"
Activate,Type,"kicquwp.MainPage.<InitAsync>d__15"
Activate,Type,"kicquwp.MainPage.<LoadLastUsedUinAsync>d__17"
Activate,Type,"kicquwp.MainPage.<SaveLastUsedUinAsync>d__18"
Activate,Type,"kicquwp.MainPage.<ContactItem_Holding>d__23"
Activate,Type,"kicquwp.MainPage.<OnConnectionLostHandler>d__24"
Activate,Type,"kicquwp.MainPage.<ShowContactContextMenuAsync>d__25"
Activate,Type,"kicquwp.MainPage.<ShowTemporaryContactMenuAsync>d__26"
Activate,Type,"kicquwp.MainPage.<ShowRegularContactMenuAsync>d__27"
Activate,Type,"kicquwp.MainPage.<ShowEditDeleteMenuAsync>d__28"
Activate,Type,"kicquwp.MainPage.<ShowRenameDialogAsync>d__29"
Activate,Type,"kicquwp.MainPage.<ConfirmAndDeleteContactAsync>d__30"
Activate,Type,"kicquwp.MainPage.<ShowContactInfoAsync>d__31"
Activate,Type,"kicquwp.MainPage.<ShowMoveToGroupDialogAsync>d__32"
Activate,Type,"kicquwp.MainPage.<OnKickedOut>d__39"
Activate,Type,"kicquwp.MainPage.<SetStatus_Click>d__43"
Activate,Type,"kicquwp.MainPage.<LoadContacts>d__46"
Activate,Type,"kicquwp.MainPage.<ApplySettings>d__47"
Activate,Type,"kicquwp.MainPage.<ApplyBackgroundAsync>d__48"
Activate,Type,"kicquwp.MainPage.<LogoutButton_Click>d__50"
Activate,Type,"kicquwp.MainPage.<ShowErrorDialogAsync>d__58"
Activate,Type,"kicquwp.MainPage.<ShowInfoDialogAsync>d__59"
Activate,Type,"kicquwp.MainPage.<<ApplySettings>b__47_0>d"
Activate,Type,"kicquwp.NotificationService.<OnMessageReceived>d__12"
Activate,Type,"kicquwp.NotificationService.<PlaySound>d__19"
Activate,Type,"kicquwp.OscarProtocol.<ConnectAsync>d__76"
Activate,Type,"kicquwp.OscarProtocol.<AuthenticateAsync>d__80"
Activate,Type,"kicquwp.OscarProtocol.<DirectAuth>d__81"
Activate,Type,"kicquwp.OscarProtocol.<RegisterNewAccountAsync>d__82"
Activate,Type,"kicquwp.OscarProtocol.<SendLoginWithChallenge>d__85"
Activate,Type,"kicquwp.OscarProtocol.<SendTlvLogin>d__86"
Activate,Type,"kicquwp.OscarProtocol.<SendFlapAsync>d__90"
Activate,Type,"kicquwp.OscarProtocol.<SendServiceVersionsRequestAsync>d__92"
Activate,Type,"kicquwp.OscarProtocol.<SendSnacAsync>d__95"
Activate,Type,"kicquwp.OscarProtocol.<SendClientReadyAsync>d__96"
Activate,Type,"kicquwp.OscarProtocol.<WaitForServerFamiliesAsync>d__97"
Activate,Type,"kicquwp.OscarProtocol.<ReceiveFlapAsync>d__108"
Activate,Type,"kicquwp.OscarProtocol.<ReceiveFlapWithTimeout>d__110"
Activate,Type,"kicquwp.OscarProtocol.<WaitForServiceVersionsAsync>d__111"
Activate,Type,"kicquwp.OscarProtocol.<InitializeOscarSessionAsync>d__113"
Activate,Type,"kicquwp.OscarProtocol.<InitServicesAsync>d__114"
Activate,Type,"kicquwp.OscarProtocol.<SendRateLimitsAckAsync>d__115"
Activate,Type,"kicquwp.OscarProtocol.<SendIcbmParametersAsync>d__116"
Activate,Type,"kicquwp.OscarProtocol.<ClientIdentAsync>d__117"
Activate,Type,"kicquwp.OscarProtocol.<ReceiveSnacAsync>d__121"
Activate,Type,"kicquwp.OscarProtocol.<ReceiveSnacWithTimeout>d__123"
Activate,Type,"kicquwp.OscarProtocol.<GetContactsAsync>d__124"
Activate,Type,"kicquwp.OscarProtocol.<SendClientCapabilitiesAsync>d__125"
Activate,Type,"kicquwp.OscarProtocol.<RemoveContactAsync>d__129"
Activate,Type,"kicquwp.OscarProtocol.<RenameContactAsync>d__130"
Activate,Type,"kicquwp.OscarProtocol.<MoveContactAsync>d__131"
Activate,Type,"kicquwp.OscarProtocol.<SendSetStatusAsync>d__134"
Activate,Type,"kicquwp.OscarProtocol.<ConnectToBosAsync>d__135"
Activate,Type,"kicquwp.OscarProtocol.<ConnectToBosSocketAsync>d__136"
Activate,Type,"kicquwp.OscarProtocol.<HandleBosRedirectAsync>d__137"
Activate,Type,"kicquwp.OscarProtocol.<SendIcbmAsync>d__141"
Activate,Type,"kicquwp.OscarProtocol.<SendSingleIcbmAsync>d__142"
Activate,Type,"kicquwp.OscarProtocol.<WaitForRedirectOrBosAsync>d__147"
Activate,Type,"kicquwp.OscarProtocol.<ShowMessageDialog>d__148"
Activate,Type,"kicquwp.OscarProtocol.<AuthenticateAndInitializeAsync>d__149"
Activate,Type,"kicquwp.OscarProtocol.<SendCapabilitiesAsync>d__150"
Activate,Type,"kicquwp.OscarProtocol.<HandleIncomingIcbm>d__152"
Activate,Type,"kicquwp.OscarProtocol.<RequestFullUserInfoAsync>d__155"
Activate,Type,"kicquwp.OscarProtocol.<SetBasicUserInfoAsync>d__157"
Activate,Type,"kicquwp.OscarProtocol.<SetStatusAsync>d__165"
Activate,Type,"kicquwp.OscarProtocol.<ReceiveLoopAsync>d__167"
Activate,Type,"kicquwp.OscarProtocol.<HandleFlapAsync>d__168"
Activate,Type,"kicquwp.OscarProtocol.<SendTypingNotificationAsync>d__170"
Activate,Type,"kicquwp.OscarProtocol.<HandleUserOfflineAsync>d__174"
Activate,Type,"kicquwp.OscarProtocol.<HandleServiceFamilies>d__175"
Activate,Type,"kicquwp.OscarProtocol.<SearchByUinAsync>d__180"
Activate,Type,"kicquwp.OscarProtocol.<SearchByDetailsAsync>d__183"
Activate,Type,"kicquwp.OscarProtocol.<SearchByEmailAsync>d__184"
Activate,Type,"kicquwp.OscarProtocol.<ReceiveSearchResults>d__185"
Activate,Type,"kicquwp.OscarProtocol.<DeleteAccountAsync>d__191"
Activate,Type,"kicquwp.OscarProtocol.<DisconnectAfterDeleteAsync>d__194"
Activate,Type,"kicquwp.OscarProtocol.<AddContactAsync>d__198"
Activate,Type,"kicquwp.OscarProtocol.<RequestUserInfoAsync>d__200"
Activate,Type,"kicquwp.OscarProtocol.<HandleServiceVersionsResponse>d__201"
Activate,Type,"kicquwp.OscarProtocol.<TeardownForReconnectAsync>d__202"
Activate,Type,"kicquwp.OscarProtocol.<DisconnectAsync>d__203"
Activate,Type,"kicquwp.OscarProtocol.<HandleUserOnlineAsync>d__205"
Activate,Type,"kicquwp.OscarProtocol.<ReceiveServerSnacsAsync>d__211"
Activate,Type,"kicquwp.OscarProtocol.<KeepAliveLoopAsync>d__212"
Activate,Type,"kicquwp.ReconnectService.<OnNetworkStatusChanged>d__33"
Activate,Type,"kicquwp.ReconnectService.<MonitorLoopAsync>d__35"
Activate,Type,"kicquwp.ReconnectService.<ForceReconnectAsync>d__36"
Activate,Type,"kicquwp.ReconnectService.<TryReconnectAsync>d__37"
Activate,Type,"kicquwp.ReconnectService.<OnIncomingMessage>d__40"
Activate,Type,"kicquwp.SearchPage.<SearchButton_Click>d__8"
Activate,Type,"kicquwp.SearchPage.<AddContact_Click>d__9"
Activate,Type,"kicquwp.SettingsPage.<PickBackground_Click>d__2"
Activate,Type,"kicquwp.SettingsPage.<PickChatBackground_Click>d__3"
Activate,Type,"kicquwp.SettingsPage.<ClearChatBackground_Click>d__11"
Activate,Type,"kicquwp.SettingsPage.<ClearBackground_Click>d__15"
Activate,Type,"kicquwp.SettingsPage.<CheckUpdate_Click>d__18"
Activate,Type,"kicquwp.SettingsPage.<OpenReleases_Click>d__19"
Activate,Type,"kicquwp.SettingsPage.<CheckForUpdatesAsync>d__21"
Activate,Type,"kicquwp.SettingsPage.<DeleteAccount_Click>d__23"
Activate,Type,"kicquwp.SoundService.<PlayMessage>d__4"
Activate,Type,"kicquwp.SoundService.<PlayOnline>d__5"
Activate,Type,"kicquwp.SoundService.<PlayOffline>d__6"
Activate,Type,"kicquwp.SoundService.<PlayError>d__7"
Activate,Type,"kicquwp.SoundService.<PlayNotification>d__8"
Activate,Type,"kicquwp.SoundService.<Play>d__9"
Activate,Type,"kicquwp.App.<>c.<<CheckUpdateOnStartup>b__18_0>d"
Activate,Type,"kicquwp.App.<>c__DisplayClass18_0.<<CheckUpdateOnStartup>b__1>d"
Activate,Type,"kicquwp.ChatPage.<>c__DisplayClass27_0.<<OnIncomingMessage>b__0>d"
Activate,Type,"kicquwp.ChatPage.<>c__DisplayClass30_0.<<SendCurrentMessageAsync>b__2>d"
Activate,Type,"kicquwp.LoginPage.<>c__DisplayClass13_0.<<ShowMessageDialog>b__0>d"
Activate,Type,"kicquwp.MainPage.<>c__DisplayClass39_0.<<OnKickedOut>b__0>d"
Activate,Type,"kicquwp.OscarProtocol.<>c__DisplayClass148_0.<<ShowMessageDialog>b__0>d"
Activate,Type,"kicquwp.OscarProtocol.<>c__DisplayClass181_0.<<RequestFullUserInfoDetailedAsync>b__1>d"
Activate,Type,"kicquwp.ReconnectService.<>c__DisplayClass39_0.<<ForceReconnect>b__0>d"
Activate,Type,"Background.BackgroundTask.BackgroundTask.<Run>d__1"
Activate,Type,"Windows.Foundation.FoundationContract"
Activate,Type,"Windows.Networking.Sockets.ControlChannelTriggerContract"
Activate,Type,"System.Runtime.Serialization.DataContractAttribute"
Activate,Type,"System.DateTimeOffset"
Activate,Type,"System.Nullable"
Activate,Type,"System.Runtime.Serialization.CollectionDataContractAttribute"
Activate,Type,"System.Runtime.Serialization.KnownTypeAttribute"
Activate,Type,"System.Runtime.Serialization.DateTimeOffsetAdapter"
Activate,Type,"System.Runtime.Serialization.OnSerializingAttribute"
Activate,Type,"System.Runtime.Serialization.OnSerializedAttribute"
Activate,Type,"System.Runtime.Serialization.OnDeserializingAttribute"
Activate,Type,"System.Runtime.Serialization.OnDeserializedAttribute"
Activate,Type,"System.Array<System.Object>"
Activate,Type,"System.Collections.Generic.IDictionary"
Activate,Type,"System.Collections.IDictionary"
Activate,Type,"System.Collections.Generic.IList"
Activate,Type,"System.Collections.IList"
Activate,Type,"System.Collections.ICollection"
Activate,Type,"System.Xml.XmlElement"
Activate,Type,"System.TimeSpan"
Activate,Type,"System.Guid"
Activate,Type,"System.Xml.Serialization.XmlRootAttribute"
Activate,Type,"kicquwp.ChatMessage"
Activate,Type,"kicquwp.EmojiItem"
Activate,Type,"kicquwp.ContactGroup"
Activate,Type,"System.Xml.XmlDictionaryString"
Activate,Type,"System.Runtime.Serialization.DataMember"
Activate,Type,"System.Collections.Generic.List<System.String[]>"
Activate,Type,"Windows.UI.Xaml.Markup.IXamlType"
Activate,Type,"Windows.UI.Xaml.Markup.IXamlMember"
Activate,Type,"System.Xml.Serialization.XmlSerializer"
Activate,Type,"System.Single"
Activate,Type,"System.Double"
Activate,Type,"System.Decimal"
Activate,Type,"System.DateTime"
Activate,Type,"System.Array"
Activate,Type,"System.Xml.Schema.XmlSchemaSet"
Activate,Type,"System.Runtime.Serialization.StreamingContext"
Activate,Type,"System.FlagsAttribute"
Activate,Type,"System.Action<System.String, System.String, System.Collections.Generic.IEnumerable<System.Collections.Generic.KeyValuePair<System.String, System.String>>>"
Activate,Type,"System.Text.Encoding"
Activate,Type,"System.Collections.Generic.List"
Activate,Type,"System.Action"
Activate,Type,"System.Runtime.Serialization.IntRef"
Activate,Type,"System.Runtime.Serialization.TypeHandleRef"
Activate,Type,"System.Xml.Serialization.XmlSchemaProviderAttribute"
Activate,Type,"System.Runtime.Serialization.KeyValuePairAdapter"
Activate,Type,"System.Void"
Activate,Type,"System.Runtime.Serialization.EnumMemberAttribute"
Activate,Type,"System.Runtime.Serialization.DataMemberAttribute"
Activate,Type,"System.Xml.XmlText"
Activate,Type,"System.Text.EncoderFallback"
Activate,Type,"System.Runtime.Serialization.ClassDataContract.ClassDataContractCriticalHelper.Member"
Activate,Type,"System.WeakReference<System.Xml.XmlElement>"
Activate,Type,"System.Collections.Generic.List<System.WeakReference<System.Xml.XmlElement>>"
Activate,Type,"System.Collections.Generic.KeyValuePair<System.String, System.String>"
Activate,Type,"System.WeakReference"
Activate,Type,"System.Runtime.ExceptionServices.ExceptionDispatchInfo"
Activate,Type,"System.IO.Stream"
Activate,Type,"System.Xml.Serialization.XmlIgnoreAttribute"
Activate,Type,"System.Text.DecoderFallback"
Activate,Type,"System.Diagnostics.DiagnosticSourceEventSource.TransformSpec.PropertySpec.PropertyFetch.TypedFetchProperty"
Activate,Type,"System.Xml.Serialization.XmlElementAttribute"
Activate,Type,"System.Xml.Serialization.XmlArrayItemAttribute"
Activate,Type,"System.Xml.Serialization.XmlAnyElementAttribute"
Activate,Type,"System.Net.Http.Headers.NameValueHeaderValue"
Activate,Type,"System.Net.Http.Headers.RangeItemHeaderValue"
Activate,Type,"System.Net.Cookie"
Activate,Type,"System.Xml.IDtdEntityInfo"
Activate,Type,"System.IO.TextReader"
Activate,Type,"System.Xml.Schema.SchemaElementDecl"
Activate,Type,"System.Net.CookieCollection"
Activate,Type,"System.Xml.Schema.SchemaAttDef"
Activate,Type,"System.Xml.IDtdDefaultAttributeInfo"
Activate,Type,"System.Xml.Schema.SchemaEntity"
Activate,Method,"System.Void System.Runtime.Serialization.SerializationException..ctor()"
Activate,Method,"System.Void System.Runtime.Serialization.SerializationException..ctor(System.String message)"
Activate,Method,"System.Void System.Runtime.Serialization.SerializationException..ctor(System.String message, System.Exception innerException)"
Activate,Method,"System.Void System.Reflection.DispatchProxy..ctor()"
Activate,Method,"System.Void System.Func<System.Type, System.Object>..ctor(System.Object, System.IntPtr)"
Activate,Method,"System.Void System.Object..ctor()"
Activate,Method,"System.Void System.Exception..ctor()"
Activate,Method,"System.Void System.Exception..ctor(System.String message)"
Activate,Method,"System.Void System.Exception..ctor(System.String message, System.Exception innerException)"
Activate,Method,"System.Void System.Runtime.Serialization.ClassDataContract..ctor()"
Activate,Method,"System.Void System.Collections.Generic.KeyValuePair<TKey, TValue>..ctor(TKey key, TValue value)"
Activate,Method,"System.Void System.String..ctor(System.Char[] value)"
Activate,Method,"System.Void System.String..ctor(System.Char[] value, System.Int32 startIndex, System.Int32 length)"
Activate,Method,"System.Void System.String..ctor(System.Char c, System.Int32 count)"
Activate,Method,"System.Void System.Uri..ctor(System.String uriString)"
Activate,Method,"System.Void System.Uri..ctor(System.String uriString, System.UriKind uriKind)"
Activate,Method,"System.Void System.Uri..ctor(System.Uri baseUri, System.String relativeUri)"
Activate,Method,"System.Void System.Uri..ctor(System.Uri baseUri, System.Uri relativeUri)"
Activate,Method,"System.Void System.Xml.XmlQualifiedName..ctor()"
Activate,Method,"System.Void System.Xml.XmlQualifiedName..ctor(System.String name)"
Activate,Method,"System.Void System.Xml.XmlQualifiedName..ctor(System.String name, System.String ns)"
Activate,Method,"System.Void System.Runtime.Serialization.DataContractResolver..ctor()"
Activate,Method,"System.Void System.Xml.XmlAttribute..ctor(System.String prefix, System.String localName, System.String namespaceURI, System.Xml.XmlDocument doc)"
Activate,Method,"System.Void kicquwp.LoginPage..ctor()"
Activate,Method,"System.Void kicquwp.FeatureItem..ctor()"
Activate,Method,"System.Void kicquwp.SettingsPage..ctor()"
Activate,Method,"System.Void kicquwp.AccountInfoPage..ctor()"
Activate,Method,"System.Void kicquwp.SearchPage..ctor()"
Activate,Method,"System.Void kicquwp.InfoPage..ctor()"
Activate,Method,"System.Void kicquwp.ChatPage..ctor()"
Activate,Method,"System.Void Windows.UI.Xaml.Controls.Page..ctor()"
Activate,Method,"System.Void Windows.UI.Xaml.Controls.UserControl..ctor()"
Activate,Method,"System.Void kicquwp.BoolToVisibilityConverter..ctor()"
Activate,Method,"System.Void Windows.UI.Xaml.DependencyObject..ctor()"
Activate,Method,"System.Void kicquwp.ByteToOpacityConverter..ctor()"
Activate,Method,"System.Void kicquwp.MainPage..ctor()"
Activate,Method,"System.Void System.Collections.ObjectModel.ObservableCollection<Contact>..ctor()"
Activate,Method,"System.Void System.Collections.ObjectModel.ObservableCollection<Contact>..ctor(System.Collections.Generic.IEnumerable<Contact>)"
Activate,Method,"System.Void System.Collections.ObjectModel.Collection<Contact>..ctor()"
Activate,Method,"System.Void System.Collections.ObjectModel.Collection<Contact>..ctor(System.Collections.Generic.IList<Contact>)"
Activate,Method,"System.Void Contact..ctor()"
Activate,Method,"System.Void ContactInfo..ctor()"
Activate,Method,"System.Void System.ValueType..ctor()"
Activate,Method,"System.Void System.Runtime.Serialization.Json.JsonReadWriteDelegates..ctor()"
Activate,Method,"System.Void kicquwp.OscarProtocol.TLV..ctor(System.UInt16 type, System.Byte[] value)"
Activate,Method,"System.Void kicquwp.OscarProtocol.SsiGroup..ctor()"
Activate,Method,"System.Void kicquwp.SearchResult..ctor()"
Activate,Method,"System.Void System.Func<T, TResult>..ctor(System.Object object, System.IntPtr method)"
Activate,Method,"System.Void System.Collections.ObjectModel.ObservableCollection<T>..ctor()"
Activate,Method,"System.Void System.Collections.ObjectModel.ObservableCollection<T>..ctor(System.Collections.Generic.IEnumerable<T> collection)"
Activate,Method,"System.Void System.Collections.ObjectModel.Collection<T>..ctor()"
Activate,Method,"System.Void System.Collections.ObjectModel.Collection<T>..ctor(System.Collections.Generic.IList<T> list)"
Activate,Method,"System.Void System.Runtime.Serialization.DataContractAttribute..ctor()"
Activate,Method,"System.Void System.DateTimeOffset..ctor(System.Int64 ticks, System.TimeSpan offset)"
Activate,Method,"System.Void System.DateTimeOffset..ctor(System.DateTime dateTime)"
Activate,Method,"System.Void System.DateTimeOffset..ctor(System.DateTime dateTime, System.TimeSpan offset)"
Activate,Method,"System.Void System.DateTimeOffset..ctor(System.Int32 year, System.Int32 month, System.Int32 day, System.Int32 hour, System.Int32 minute, System.Int32 second, System.TimeSpan offset)"
Activate,Method,"System.Void System.DateTimeOffset..ctor(System.Int32 year, System.Int32 month, System.Int32 day, System.Int32 hour, System.Int32 minute, System.Int32 second, System.Int32 millisecond, System.TimeSpan offset)"
Activate,Method,"System.Void System.Nullable<T>..ctor(T value)"
Activate,Method,"System.Void System.Runtime.Serialization.CollectionDataContractAttribute..ctor()"
Activate,Method,"System.Void System.Runtime.Serialization.KnownTypeAttribute..ctor(System.Type type)"
Activate,Method,"System.Void System.Runtime.Serialization.KnownTypeAttribute..ctor(System.String methodName)"
Activate,Method,"System.Void System.Runtime.Serialization.DateTimeOffsetAdapter..ctor(System.DateTime dateTime, System.Int16 offsetMinutes)"
Activate,Method,"System.Void System.Runtime.Serialization.OnSerializingAttribute..ctor()"
Activate,Method,"System.Void System.Runtime.Serialization.OnSerializedAttribute..ctor()"
Activate,Method,"System.Void System.Runtime.Serialization.OnDeserializingAttribute..ctor()"
Activate,Method,"System.Void System.Runtime.Serialization.OnDeserializedAttribute..ctor()"
Activate,Method,"System.Void System.Xml.XmlElement..ctor(System.String prefix, System.String localName, System.String namespaceURI, System.Xml.XmlDocument doc)"
Activate,Method,"System.Void System.TimeSpan..ctor(System.Int64 ticks)"
Activate,Method,"System.Void System.TimeSpan..ctor(System.Int32 hours, System.Int32 minutes, System.Int32 seconds)"
Activate,Method,"System.Void System.TimeSpan..ctor(System.Int32 days, System.Int32 hours, System.Int32 minutes, System.Int32 seconds)"
Activate,Method,"System.Void System.TimeSpan..ctor(System.Int32 days, System.Int32 hours, System.Int32 minutes, System.Int32 seconds, System.Int32 milliseconds)"
Activate,Method,"System.Void System.Guid..ctor(System.Byte[] b)"
Activate,Method,"System.Void System.Guid..ctor(System.UInt32 a, System.UInt16 b, System.UInt16 c, System.Byte d, System.Byte e, System.Byte f, System.Byte g, System.Byte h, System.Byte i, System.Byte j, System.Byte k)"
Activate,Method,"System.Void System.Guid..ctor(System.Int32 a, System.Int16 b, System.Int16 c, System.Byte[] d)"
Activate,Method,"System.Void System.Guid..ctor(System.Int32 a, System.Int16 b, System.Int16 c, System.Byte d, System.Byte e, System.Byte f, System.Byte g, System.Byte h, System.Byte i, System.Byte j, System.Byte k)"
Activate,Method,"System.Void System.Guid..ctor(System.String g)"
Activate,Method,"System.Void System.Xml.Serialization.XmlRootAttribute..ctor()"
Activate,Method,"System.Void System.Xml.Serialization.XmlRootAttribute..ctor(System.String elementName)"
Activate,Method,"System.Void kicquwp.ChatMessage..ctor()"
Activate,Method,"System.Void kicquwp.EmojiItem..ctor()"
Activate,Method,"System.Void kicquwp.ContactGroup..ctor(System.String name, System.Collections.ObjectModel.ObservableCollection<Contact> contacts)"
Activate,Method,"System.Void System.Xml.XmlDictionaryString..ctor(System.Xml.IXmlDictionary dictionary, System.String value, System.Int32 key)"
Activate,Method,"System.Void System.Runtime.Serialization.DataMember..ctor()"
Activate,Method,"System.Void System.Action<System.String, System.String, System.Collections.Generic.IEnumerable<System.Collections.Generic.KeyValuePair<System.String, System.String>>>..ctor(System.Object, System.IntPtr)"
Activate,Method,"System.Void System.Collections.Generic.List<System.String[]>..ctor()"
Activate,Method,"System.Void System.Collections.Generic.List<System.String[]>..ctor(System.Int32)"
Activate,Method,"System.Void System.Collections.Generic.List<System.String[]>..ctor(System.Collections.Generic.IEnumerable<System.String[]>)"
Activate,Method,"System.Void System.Xml.Serialization.XmlSerializer..ctor()"
Activate,Method,"System.Void System.Xml.Serialization.XmlSerializer..ctor(System.Type type, System.Xml.Serialization.XmlAttributeOverrides overrides, System.Type[] extraTypes, System.Xml.Serialization.XmlRootAttribute root, System.String defaultNamespace)"
Activate,Method,"System.Void System.Xml.Serialization.XmlSerializer..ctor(System.Type type, System.Xml.Serialization.XmlRootAttribute root)"
Activate,Method,"System.Void System.Xml.Serialization.XmlSerializer..ctor(System.Type type, System.Type[] extraTypes)"
Activate,Method,"System.Void System.Xml.Serialization.XmlSerializer..ctor(System.Type type, System.Xml.Serialization.XmlAttributeOverrides overrides)"
Activate,Method,"System.Void System.Xml.Serialization.XmlSerializer..ctor(System.Xml.Serialization.XmlTypeMapping xmlTypeMapping)"
Activate,Method,"System.Void System.Xml.Serialization.XmlSerializer..ctor(System.Type type)"
Activate,Method,"System.Void System.Xml.Serialization.XmlSerializer..ctor(System.Type type, System.String defaultNamespace)"
Activate,Method,"System.Void System.Decimal..ctor(System.Int32 value)"
Activate,Method,"System.Void System.Decimal..ctor(System.UInt32 value)"
Activate,Method,"System.Void System.Decimal..ctor(System.Int64 value)"
Activate,Method,"System.Void System.Decimal..ctor(System.UInt64 value)"
Activate,Method,"System.Void System.Decimal..ctor(System.Single value)"
Activate,Method,"System.Void System.Decimal..ctor(System.Double value)"
Activate,Method,"System.Void System.Decimal..ctor(System.Int32[] bits)"
Activate,Method,"System.Void System.Decimal..ctor(System.Int32 lo, System.Int32 mid, System.Int32 hi, System.Boolean isNegative, System.Byte scale)"
Activate,Method,"System.Void System.DateTime..ctor(System.Int64 ticks)"
Activate,Method,"System.Void System.DateTime..ctor(System.Int64 ticks, System.DateTimeKind kind)"
Activate,Method,"System.Void System.DateTime..ctor(System.Int32 year, System.Int32 month, System.Int32 day)"
Activate,Method,"System.Void System.DateTime..ctor(System.Int32 year, System.Int32 month, System.Int32 day, System.Int32 hour, System.Int32 minute, System.Int32 second)"
Activate,Method,"System.Void System.DateTime..ctor(System.Int32 year, System.Int32 month, System.Int32 day, System.Int32 hour, System.Int32 minute, System.Int32 second, System.DateTimeKind kind)"
Activate,Method,"System.Void System.DateTime..ctor(System.Int32 year, System.Int32 month, System.Int32 day, System.Int32 hour, System.Int32 minute, System.Int32 second, System.Int32 millisecond)"
Activate,Method,"System.Void System.DateTime..ctor(System.Int32 year, System.Int32 month, System.Int32 day, System.Int32 hour, System.Int32 minute, System.Int32 second, System.Int32 millisecond, System.DateTimeKind kind)"
Activate,Method,"System.Void System.FlagsAttribute..ctor()"
Activate,Method,"System.Void System.Text.Encoding..ctor()"
Activate,Method,"System.Void System.Text.Encoding..ctor(System.Int32 codePage)"
Activate,Method,"System.Void System.Text.Encoding..ctor(System.Int32 codePage, System.Text.EncoderFallback encoderFallback, System.Text.DecoderFallback decoderFallback)"
Activate,Method,"System.Void System.Collections.Generic.List<T>..ctor()"
Activate,Method,"System.Void System.Collections.Generic.List<T>..ctor(System.Int32 capacity)"
Activate,Method,"System.Void System.Collections.Generic.List<T>..ctor(System.Collections.Generic.IEnumerable<T> collection)"
Activate,Method,"System.Void System.Action<T1, T2, T3>..ctor(System.Object object, System.IntPtr method)"
Activate,Method,"System.Void System.Runtime.Serialization.IntRef..ctor(System.Int32 value)"
Activate,Method,"System.Void System.Runtime.Serialization.TypeHandleRef..ctor()"
Activate,Method,"System.Void System.Runtime.Serialization.TypeHandleRef..ctor(System.RuntimeTypeHandle value)"
Activate,Method,"System.Void System.Xml.Serialization.XmlSchemaProviderAttribute..ctor(System.String methodName)"
Activate,Method,"System.Void System.Runtime.Serialization.KeyValuePairAdapter<K, T>..ctor(System.Collections.Generic.KeyValuePair<K, T> kvPair)"
Activate,Method,"System.Void System.Runtime.Serialization.EnumMemberAttribute..ctor()"
Activate,Method,"System.Void System.Runtime.Serialization.DataMemberAttribute..ctor()"
Activate,Method,"System.Void System.Xml.XmlText..ctor(System.String strData, System.Xml.XmlDocument doc)"
Activate,Method,"System.Void System.Text.EncoderFallback..ctor()"
Activate,Method,"System.Void System.WeakReference<System.Xml.XmlElement>..ctor(System.Xml.XmlElement)"
Activate,Method,"System.Void System.WeakReference<System.Xml.XmlElement>..ctor(System.Xml.XmlElement, System.Boolean)"
Activate,Method,"System.Void System.Collections.Generic.List<System.WeakReference<System.Xml.XmlElement>>..ctor()"
Activate,Method,"System.Void System.Collections.Generic.List<System.WeakReference<System.Xml.XmlElement>>..ctor(System.Int32)"
Activate,Method,"System.Void System.Collections.Generic.List<System.WeakReference<System.Xml.XmlElement>>..ctor(System.Collections.Generic.IEnumerable<System.WeakReference<System.Xml.XmlElement>>)"
Activate,Method,"System.Void System.Collections.Generic.KeyValuePair<System.String, System.String>..ctor(System.String, System.String)"
Activate,Method,"System.Void System.WeakReference<T>..ctor(T target)"
Activate,Method,"System.Void System.WeakReference<T>..ctor(T target, System.Boolean trackResurrection)"
Activate,Method,"System.Void System.IO.Stream..ctor()"
Activate,Method,"System.Void System.Xml.Serialization.XmlIgnoreAttribute..ctor()"
Activate,Method,"System.Void System.Text.DecoderFallback..ctor()"
Activate,Method,"System.Void System.Diagnostics.DiagnosticSourceEventSource.TransformSpec.PropertySpec.PropertyFetch.TypedFetchProperty<TObject, TProperty>..ctor(System.Reflection.PropertyInfo property)"
Activate,Method,"System.Void System.Xml.Serialization.XmlElementAttribute..ctor()"
Activate,Method,"System.Void System.Xml.Serialization.XmlElementAttribute..ctor(System.String elementName)"
Activate,Method,"System.Void System.Xml.Serialization.XmlElementAttribute..ctor(System.Type type)"
Activate,Method,"System.Void System.Xml.Serialization.XmlElementAttribute..ctor(System.String elementName, System.Type type)"
Activate,Method,"System.Void System.Xml.Serialization.XmlArrayItemAttribute..ctor()"
Activate,Method,"System.Void System.Xml.Serialization.XmlArrayItemAttribute..ctor(System.String elementName)"
Activate,Method,"System.Void System.Xml.Serialization.XmlArrayItemAttribute..ctor(System.Type type)"
Activate,Method,"System.Void System.Xml.Serialization.XmlArrayItemAttribute..ctor(System.String elementName, System.Type type)"
Activate,Method,"System.Void System.Xml.Serialization.XmlAnyElementAttribute..ctor()"
Activate,Method,"System.Void System.Xml.Serialization.XmlAnyElementAttribute..ctor(System.String name)"
Activate,Method,"System.Void System.Xml.Serialization.XmlAnyElementAttribute..ctor(System.String name, System.String ns)"
Activate,Method,"System.Void System.Net.Http.Headers.NameValueHeaderValue..ctor(System.String name)"
Activate,Method,"System.Void System.Net.Http.Headers.NameValueHeaderValue..ctor(System.String name, System.String value)"
Activate,Method,"System.Void System.Net.Http.Headers.NameValueHeaderValue..ctor(System.Net.Http.Headers.NameValueHeaderValue source)"
Activate,Method,"System.Void System.Net.Http.Headers.RangeItemHeaderValue..ctor(System.Nullable<System.Int64> from, System.Nullable<System.Int64> to)"
Activate,Method,"System.Void System.Net.Cookie..ctor()"
Activate,Method,"System.Void System.Net.Cookie..ctor(System.String name, System.String value)"
Activate,Method,"System.Void System.Net.Cookie..ctor(System.String name, System.String value, System.String path)"
Activate,Method,"System.Void System.Net.Cookie..ctor(System.String name, System.String value, System.String path, System.String domain)"
Activate,Method,"System.Void System.IO.TextReader..ctor()"
Activate,Method,"System.Void System.Net.CookieCollection..ctor()"
Activate,Method,"System.Void System.Xml.Schema.SchemaAttDef..ctor(System.Xml.XmlQualifiedName name, System.String prefix)"
Serialize,Type,"System.Diagnostics.DiagnosticSourceEventSource"
Serialize,Type,"System.Diagnostics.DiagnosticSourceEventSource.Keywords"
Serialize,Type,"System.Void"
Serialize,Type,"System.Diagnostics.Tracing.EventKeywords"
Serialize,Type,"System.String"
Serialize,Type,"System.Diagnostics.Tracing.EventSource"
Serialize,Type,"System.Guid"
Serialize,Type,"System.Diagnostics.Tracing.EventSourceSettings"
Serialize,Type,"System.Exception"
Serialize,Type,"System.Int64"
Serialize,Type,"System.Char"
Serialize,Type,"System.Int32"
Serialize,Type,"System.Collections.IDictionary"
Serialize,Type,"System.Object"
Serialize,Type,"System.Collections.ICollection"
Serialize,Type,"System.Boolean"
Serialize,Field,"System.Diagnostics.DiagnosticSourceEventSource System.Diagnostics.DiagnosticSourceEventSource.Logger"
Serialize,Field,"System.Diagnostics.Tracing.EventKeywords System.Diagnostics.DiagnosticSourceEventSource.Keywords.Messages"
Serialize,Field,"System.Diagnostics.Tracing.EventKeywords System.Diagnostics.DiagnosticSourceEventSource.Keywords.Events"
Serialize,Field,"System.Int64 System.Diagnostics.Tracing.EventKeywords.value__"
Serialize,Field,"System.Diagnostics.Tracing.EventKeywords System.Diagnostics.Tracing.EventKeywords.None"
Serialize,Field,"System.Diagnostics.Tracing.EventKeywords System.Diagnostics.Tracing.EventKeywords.All"
Serialize,Field,"System.Diagnostics.Tracing.EventKeywords System.Diagnostics.Tracing.EventKeywords.WdiContext"
Serialize,Field,"System.Diagnostics.Tracing.EventKeywords System.Diagnostics.Tracing.EventKeywords.WdiDiagnostic"
Serialize,Field,"System.Diagnostics.Tracing.EventKeywords System.Diagnostics.Tracing.EventKeywords.Sqm"
Serialize,Field,"System.Diagnostics.Tracing.EventKeywords System.Diagnostics.Tracing.EventKeywords.AuditFailure"
Serialize,Field,"System.Diagnostics.Tracing.EventKeywords System.Diagnostics.Tracing.EventKeywords.AuditSuccess"
Serialize,Field,"System.Diagnostics.Tracing.EventKeywords System.Diagnostics.Tracing.EventKeywords.CorrelationHint"
Serialize,Field,"System.Diagnostics.Tracing.EventKeywords System.Diagnostics.Tracing.EventKeywords.EventLogClassic"
Serialize,Field,"System.String System.String.Empty"
Serialize,Field,"System.Guid System.Guid.Empty"
Serialize,Field,"System.Int32 System.Diagnostics.Tracing.EventSourceSettings.value__"
Serialize,Field,"System.Diagnostics.Tracing.EventSourceSettings System.Diagnostics.Tracing.EventSourceSettings.Default"
Serialize,Field,"System.Diagnostics.Tracing.EventSourceSettings System.Diagnostics.Tracing.EventSourceSettings.ThrowOnEventWriteErrors"
Serialize,Field,"System.Diagnostics.Tracing.EventSourceSettings System.Diagnostics.Tracing.EventSourceSettings.EtwManifestEventFormat"
Serialize,Field,"System.Diagnostics.Tracing.EventSourceSettings System.Diagnostics.Tracing.EventSourceSettings.EtwSelfDescribingEventFormat"
Serialize,Field,"System.Int64 System.Int64.MaxValue"
Serialize,Field,"System.Int64 System.Int64.MinValue"
Serialize,Field,"System.Char System.Char.MaxValue"
Serialize,Field,"System.Char System.Char.MinValue"
Serialize,Field,"System.Int32 System.Int32.MaxValue"
Serialize,Field,"System.Int32 System.Int32.MinValue"
Serialize,Field,"System.String System.Boolean.TrueString"
Serialize,Field,"System.String System.Boolean.FalseString"
Serialize,Method,"System.Void System.Diagnostics.DiagnosticSourceEventSource.Keywords..ctor()"
Serialize,Method,"System.String System.Diagnostics.Tracing.EventSource.Name.get()"
Serialize,Method,"System.Guid System.Diagnostics.Tracing.EventSource.Guid.get()"
Serialize,Method,"System.Diagnostics.Tracing.EventSourceSettings System.Diagnostics.Tracing.EventSource.Settings.get()"
Serialize,Method,"System.Guid System.Diagnostics.Tracing.EventSource.CurrentThreadActivityId.get()"
Serialize,Method,"System.Exception System.Diagnostics.Tracing.EventSource.ConstructionException.get()"
Serialize,Method,"System.Void System.String..ctor(System.Char[] value)"
Serialize,Method,"System.Void System.String..ctor(System.Char[] value, System.Int32 startIndex, System.Int32 length)"
Serialize,Method,"System.Void System.String..ctor(System.Char c, System.Int32 count)"
Serialize,Method,"System.Char System.String.Chars.get(System.Int32 index)"
Serialize,Method,"System.Int32 System.String.Length.get()"
Serialize,Method,"System.Void System.Diagnostics.Tracing.EventSource..ctor()"
Serialize,Method,"System.Void System.Diagnostics.Tracing.EventSource..ctor(System.Boolean throwOnEventWriteErrors)"
Serialize,Method,"System.Void System.Diagnostics.Tracing.EventSource..ctor(System.Diagnostics.Tracing.EventSourceSettings settings)"
Serialize,Method,"System.Void System.Diagnostics.Tracing.EventSource..ctor(System.Diagnostics.Tracing.EventSourceSettings settings, params System.String[] traits)"
Serialize,Method,"System.Void System.Diagnostics.Tracing.EventSource..ctor(System.String eventSourceName)"
Serialize,Method,"System.Void System.Diagnostics.Tracing.EventSource..ctor(System.String eventSourceName, System.Diagnostics.Tracing.EventSourceSettings config)"
Serialize,Method,"System.Void System.Diagnostics.Tracing.EventSource..ctor(System.String eventSourceName, System.Diagnostics.Tracing.EventSourceSettings config, params System.String[] traits)"
Serialize,Method,"System.Void System.Guid..ctor(System.Byte[] b)"
Serialize,Method,"System.Void System.Guid..ctor(System.UInt32 a, System.UInt16 b, System.UInt16 c, System.Byte d, System.Byte e, System.Byte f, System.Byte g, System.Byte h, System.Byte i, System.Byte j, System.Byte k)"
Serialize,Method,"System.Void System.Guid..ctor(System.Int32 a, System.Int16 b, System.Int16 c, System.Byte[] d)"
Serialize,Method,"System.Void System.Guid..ctor(System.Int32 a, System.Int16 b, System.Int16 c, System.Byte d, System.Byte e, System.Byte f, System.Byte g, System.Byte h, System.Byte i, System.Byte j, System.Byte k)"
Serialize,Method,"System.Void System.Guid..ctor(System.String g)"
Serialize,Method,"System.Void System.Exception..ctor()"
Serialize,Method,"System.Void System.Exception..ctor(System.String message)"
Serialize,Method,"System.Void System.Exception..ctor(System.String message, System.Exception innerException)"
Serialize,Method,"System.String System.Exception.Message.get()"
Serialize,Method,"System.Collections.IDictionary System.Exception.Data.get()"
Serialize,Method,"System.Exception System.Exception.InnerException.get()"
Serialize,Method,"System.String System.Exception.HelpLink.get()"
Serialize,Method,"System.Void System.Exception.HelpLink.set(System.String value)"
Serialize,Method,"System.String System.Exception.Source.get()"
Serialize,Method,"System.Void System.Exception.Source.set(System.String value)"
Serialize,Method,"System.Int32 System.Exception.HResult.get()"
Serialize,Method,"System.Void System.Exception.HResult.set(System.Int32 value)"
Serialize,Method,"System.String System.Exception.StackTrace.get()"
Serialize,Method,"System.Object System.Collections.IDictionary.Item.get(System.Object key)"
Serialize,Method,"System.Void System.Collections.IDictionary.Item.set(System.Object key, System.Object value)"
Serialize,Method,"System.Collections.ICollection System.Collections.IDictionary.Keys.get()"
Serialize,Method,"System.Collections.ICollection System.Collections.IDictionary.Values.get()"
Serialize,Method,"System.Boolean System.Collections.IDictionary.IsReadOnly.get()"
Serialize,Method,"System.Boolean System.Collections.IDictionary.IsFixedSize.get()"
Serialize,Method,"System.Void System.Object..ctor()"
Serialize,Method,"System.Int32 System.Collections.ICollection.Count.get()"
Serialize,Method,"System.Object System.Collections.ICollection.SyncRoot.get()"
Serialize,Method,"System.Boolean System.Collections.ICollection.IsSynchronized.get()"
Dynamic,Type,"Contact"
Dynamic,Type,"ContactInfo"
Dynamic,Type,"kicquwp.AccountInfoPage"
Dynamic,Type,"kicquwp.UserBasicInfo"
Dynamic,Type,"kicquwp.App"
Dynamic,Type,"kicquwp.BoolToVisibilityConverter"
Dynamic,Type,"kicquwp.ByteToOpacityConverter"
Dynamic,Type,"kicquwp.ChatMessage"
Dynamic,Type,"kicquwp.ChatPage"
Dynamic,Type,"kicquwp.ContactGroup"
Dynamic,Type,"kicquwp.ContactStorage"
Dynamic,Type,"kicquwp.ControlChannelService"
Dynamic,Type,"kicquwp.EmojiItem"
Dynamic,Type,"kicquwp.EmojiManager"
Dynamic,Type,"kicquwp.FeatureItem"
Dynamic,Type,"kicquwp.UpdateCheckResult"
Dynamic,Type,"kicquwp.GitHubUpdateService"
Dynamic,Type,"kicquwp.InfoPage"
Dynamic,Type,"kicquwp.LoginPage"
Dynamic,Type,"kicquwp.MainPage"
Dynamic,Type,"kicquwp.Message"
Dynamic,Type,"kicquwp.NotificationService"
Dynamic,Type,"kicquwp.OscarProtocol"
Dynamic,Type,"kicquwp.ReconnectService"
Dynamic,Type,"kicquwp.SearchPage"
Dynamic,Type,"kicquwp.SearchResult"
Dynamic,Type,"kicquwp.SettingsManager"
Dynamic,Type,"kicquwp.SettingsPage"
Dynamic,Type,"kicquwp.SoundService"
Dynamic,Type,"kicquwp.Program"
Dynamic,Type,"kicquwp.kicquwp_XamlTypeInfo.XamlTypeInfoProvider"
Dynamic,Type,"kicquwp.kicquwp_XamlTypeInfo.XamlSystemBaseType"
Dynamic,Type,"kicquwp.kicquwp_XamlTypeInfo.Activator"
Dynamic,Type,"kicquwp.kicquwp_XamlTypeInfo.AddToCollection"
Dynamic,Type,"kicquwp.kicquwp_XamlTypeInfo.AddToDictionary"
Dynamic,Type,"kicquwp.kicquwp_XamlTypeInfo.XamlUserType"
Dynamic,Type,"kicquwp.kicquwp_XamlTypeInfo.Getter"
Dynamic,Type,"kicquwp.kicquwp_XamlTypeInfo.Setter"
Dynamic,Type,"kicquwp.kicquwp_XamlTypeInfo.XamlMember"
Dynamic,Type,"kicquwp.AccountInfoPage.<OnNavigatedTo>d__2"
Dynamic,Type,"kicquwp.AccountInfoPage.<LoadUserInfo>d__4"
Dynamic,Type,"kicquwp.AccountInfoPage.<SaveButton_Click>d__5"
Dynamic,Type,"kicquwp.App.<>c"
Dynamic,Type,"kicquwp.App.<>c__DisplayClass18_0"
Dynamic,Type,"kicquwp.App.<>c__DisplayClass19_0"
Dynamic,Type,"kicquwp.App.<OnActivated>d__21"
Dynamic,Type,"kicquwp.App.<>c__DisplayClass22_0"
Dynamic,Type,"kicquwp.App.<OpenChatPageFromToastAsync>d__22"
Dynamic,Type,"kicquwp.App.<OnResuming>d__25"
Dynamic,Type,"kicquwp.ChatPage.<OnNavigatedTo>d__15"
Dynamic,Type,"kicquwp.ChatPage.<OnChatConnectionLost>d__16"
Dynamic,Type,"kicquwp.ChatPage.<AddToContacts_Click>d__20"
Dynamic,Type,"kicquwp.ChatPage.<ContactInfo_Click>d__22"
Dynamic,Type,"kicquwp.ChatPage.<RenameContact_Click>d__23"
Dynamic,Type,"kicquwp.ChatPage.<DeleteContact_Click>d__24"
Dynamic,Type,"kicquwp.ChatPage.<ClearChat_Click>d__25"
Dynamic,Type,"kicquwp.ChatPage.<>c__DisplayClass26_0"
Dynamic,Type,"kicquwp.ChatPage.<ShowRenameDialogAsync>d__26"
Dynamic,Type,"kicquwp.ChatPage.<>c__DisplayClass27_0"
Dynamic,Type,"kicquwp.ChatPage.<OnIncomingMessage>d__27"
Dynamic,Type,"kicquwp.ChatPage.<SendMessage_Click>d__28"
Dynamic,Type,"kicquwp.ChatPage.<MessageTextBox_KeyDown>d__29"
Dynamic,Type,"kicquwp.ChatPage.<>c__DisplayClass30_0"
Dynamic,Type,"kicquwp.ChatPage.<>c"
Dynamic,Type,"kicquwp.ChatPage.<SendCurrentMessageAsync>d__30"
Dynamic,Type,"kicquwp.ChatPage.<>c__DisplayClass31_0"
Dynamic,Type,"kicquwp.ChatPage.<OnTypingNotification>d__31"
Dynamic,Type,"kicquwp.ChatPage.<MessageTextBox_TextChanged>d__32"
Dynamic,Type,"kicquwp.ChatPage.<OnTypingTimerTick>d__33"
Dynamic,Type,"kicquwp.ChatPage.<>c__DisplayClass34_0"
Dynamic,Type,"kicquwp.ChatPage.<ForwardMessageAsync>d__38"
Dynamic,Type,"kicquwp.ChatPage.<ShowForwardContactPickerAsync>d__39"
Dynamic,Type,"kicquwp.ChatPage.<LoadEmojiAnimationsAsync>d__41"
Dynamic,Type,"kicquwp.ChatPage.<ApplyChatBackgroundAsync>d__47"
Dynamic,Type,"kicquwp.ChatPage.<SaveMessageAsync>d__50"
Dynamic,Type,"kicquwp.ChatPage.<LoadHistoryAsync>d__51"
Dynamic,Type,"kicquwp.ChatPage.<ShowErrorDialogAsync>d__52"
Dynamic,Type,"kicquwp.ChatPage.<ShowDialogAsync>d__53"
Dynamic,Type,"kicquwp.ChatPage.<ShowInfoDialogAsync>d__54"
Dynamic,Type,"kicquwp.ChatPage.<<RenameContact_Click>b__23_0>d"
Dynamic,Type,"kicquwp.ContactStorage.<SaveContactsToFileAsync>d__0"
Dynamic,Type,"kicquwp.ContactStorage.<LoadContactsFromFileAsync>d__1"
Dynamic,Type,"kicquwp.ControlChannelService.<InitializeAsync>d__9"
Dynamic,Type,"kicquwp.FeatureItem.<>c"
Dynamic,Type,"kicquwp.GitHubUpdateService.<CheckForUpdatesAsync>d__7"
Dynamic,Type,"kicquwp.GitHubUpdateService.<OpenReleasePageAsync>d__8"
Dynamic,Type,"kicquwp.LoginPage.<>c"
Dynamic,Type,"kicquwp.LoginPage.<LoginButton_Click>d__3"
Dynamic,Type,"kicquwp.LoginPage.<>c__DisplayClass4_0"
Dynamic,Type,"kicquwp.LoginPage.<UpdateStatusText>d__4"
Dynamic,Type,"kicquwp.LoginPage.<RegButton_Click>d__6"
Dynamic,Type,"kicquwp.LoginPage.<RegisterDialog_PrimaryButtonClick>d__7"
Dynamic,Type,"kicquwp.LoginPage.<ShowErrorDialog>d__8"
Dynamic,Type,"kicquwp.LoginPage.<HelpButton_Click>d__10"
Dynamic,Type,"kicquwp.LoginPage.<ExitButton_Click>d__11"
Dynamic,Type,"kicquwp.LoginPage.<>c__DisplayClass13_0"
Dynamic,Type,"kicquwp.LoginPage.<ShowMessageDialog>d__13"
Dynamic,Type,"kicquwp.MainPage.<>c__DisplayClass15_0"
Dynamic,Type,"kicquwp.MainPage.<InitAsync>d__15"
Dynamic,Type,"kicquwp.MainPage.<LoadLastUsedUinAsync>d__17"
Dynamic,Type,"kicquwp.MainPage.<SaveLastUsedUinAsync>d__18"
Dynamic,Type,"kicquwp.MainPage.<ContactItem_Holding>d__23"
Dynamic,Type,"kicquwp.MainPage.<OnConnectionLostHandler>d__24"
Dynamic,Type,"kicquwp.MainPage.<ShowContactContextMenuAsync>d__25"
Dynamic,Type,"kicquwp.MainPage.<ShowTemporaryContactMenuAsync>d__26"
Dynamic,Type,"kicquwp.MainPage.<ShowRegularContactMenuAsync>d__27"
Dynamic,Type,"kicquwp.MainPage.<ShowEditDeleteMenuAsync>d__28"
Dynamic,Type,"kicquwp.MainPage.<>c__DisplayClass29_0"
Dynamic,Type,"kicquwp.MainPage.<ShowRenameDialogAsync>d__29"
Dynamic,Type,"kicquwp.MainPage.<ConfirmAndDeleteContactAsync>d__30"
Dynamic,Type,"kicquwp.MainPage.<ShowContactInfoAsync>d__31"
Dynamic,Type,"kicquwp.MainPage.<>c__DisplayClass32_0"
Dynamic,Type,"kicquwp.MainPage.<>c"
Dynamic,Type,"kicquwp.MainPage.<ShowMoveToGroupDialogAsync>d__32"
Dynamic,Type,"kicquwp.MainPage.<>c__DisplayClass33_0"
Dynamic,Type,"kicquwp.MainPage.<>c__DisplayClass35_0"
Dynamic,Type,"kicquwp.MainPage.<>c__DisplayClass39_0"
Dynamic,Type,"kicquwp.MainPage.<OnKickedOut>d__39"
Dynamic,Type,"kicquwp.MainPage.<SetStatus_Click>d__43"
Dynamic,Type,"kicquwp.MainPage.<LoadContacts>d__46"
Dynamic,Type,"kicquwp.MainPage.<ApplySettings>d__47"
Dynamic,Type,"kicquwp.MainPage.<ApplyBackgroundAsync>d__48"
Dynamic,Type,"kicquwp.MainPage.<LogoutButton_Click>d__50"
Dynamic,Type,"kicquwp.MainPage.<ShowErrorDialogAsync>d__58"
Dynamic,Type,"kicquwp.MainPage.<ShowInfoDialogAsync>d__59"
Dynamic,Type,"kicquwp.MainPage.<<ApplySettings>b__47_0>d"
Dynamic,Type,"kicquwp.NotificationService.<OnMessageReceived>d__12"
Dynamic,Type,"kicquwp.NotificationService.<>c"
Dynamic,Type,"kicquwp.NotificationService.<PlaySound>d__19"
Dynamic,Type,"kicquwp.OscarProtocol.SsiGroup"
Dynamic,Type,"kicquwp.OscarProtocol.UserFullInfo"
Dynamic,Type,"kicquwp.OscarProtocol.StatusIconHelper"
Dynamic,Type,"kicquwp.OscarProtocol.SnacFlags"
Dynamic,Type,"kicquwp.OscarProtocol.SnacPacket"
Dynamic,Type,"kicquwp.OscarProtocol.FlapFrame"
Dynamic,Type,"kicquwp.OscarProtocol.UserStatus"
Dynamic,Type,"kicquwp.OscarProtocol.UserFlags"
Dynamic,Type,"kicquwp.OscarProtocol.TLV"
Dynamic,Type,"kicquwp.OscarProtocol.<ConnectAsync>d__76"
Dynamic,Type,"kicquwp.OscarProtocol.<AuthenticateAsync>d__80"
Dynamic,Type,"kicquwp.OscarProtocol.<DirectAuth>d__81"
Dynamic,Type,"kicquwp.OscarProtocol.<RegisterNewAccountAsync>d__82"
Dynamic,Type,"kicquwp.OscarProtocol.<SendLoginWithChallenge>d__85"
Dynamic,Type,"kicquwp.OscarProtocol.<SendTlvLogin>d__86"
Dynamic,Type,"kicquwp.OscarProtocol.<SendFlapAsync>d__90"
Dynamic,Type,"kicquwp.OscarProtocol.<SendServiceVersionsRequestAsync>d__92"
Dynamic,Type,"kicquwp.OscarProtocol.<SendSnacAsync>d__95"
Dynamic,Type,"kicquwp.OscarProtocol.<SendClientReadyAsync>d__96"
Dynamic,Type,"kicquwp.OscarProtocol.<WaitForServerFamiliesAsync>d__97"
Dynamic,Type,"kicquwp.OscarProtocol.<>c__DisplayClass103_0"
Dynamic,Type,"kicquwp.OscarProtocol.<>c__DisplayClass104_0"
Dynamic,Type,"kicquwp.OscarProtocol.<>c__DisplayClass104_1"
Dynamic,Type,"kicquwp.OscarProtocol.<>c__DisplayClass108_0"
Dynamic,Type,"kicquwp.OscarProtocol.<ReceiveFlapAsync>d__108"
Dynamic,Type,"kicquwp.OscarProtocol.<ReceiveFlapWithTimeout>d__110"
Dynamic,Type,"kicquwp.OscarProtocol.<WaitForServiceVersionsAsync>d__111"
Dynamic,Type,"kicquwp.OscarProtocol.<InitializeOscarSessionAsync>d__113"
Dynamic,Type,"kicquwp.OscarProtocol.<>c__DisplayClass114_0"
Dynamic,Type,"kicquwp.OscarProtocol.<InitServicesAsync>d__114"
Dynamic,Type,"kicquwp.OscarProtocol.<SendRateLimitsAckAsync>d__115"
Dynamic,Type,"kicquwp.OscarProtocol.<SendIcbmParametersAsync>d__116"
Dynamic,Type,"kicquwp.OscarProtocol.<ClientIdentAsync>d__117"
Dynamic,Type,"kicquwp.OscarProtocol.<ReceiveSnacAsync>d__121"
Dynamic,Type,"kicquwp.OscarProtocol.<ReceiveSnacWithTimeout>d__123"
Dynamic,Type,"kicquwp.OscarProtocol.<GetContactsAsync>d__124"
Dynamic,Type,"kicquwp.OscarProtocol.<SendClientCapabilitiesAsync>d__125"
Dynamic,Type,"kicquwp.OscarProtocol.<>c__DisplayClass129_0"
Dynamic,Type,"kicquwp.OscarProtocol.<>c__DisplayClass129_1"
Dynamic,Type,"kicquwp.OscarProtocol.<RemoveContactAsync>d__129"
Dynamic,Type,"kicquwp.OscarProtocol.<>c__DisplayClass130_0"
Dynamic,Type,"kicquwp.OscarProtocol.<>c__DisplayClass130_1"
Dynamic,Type,"kicquwp.OscarProtocol.<RenameContactAsync>d__130"
Dynamic,Type,"kicquwp.OscarProtocol.<MoveContactAsync>d__131"
Dynamic,Type,"kicquwp.OscarProtocol.<SendSetStatusAsync>d__134"
Dynamic,Type,"kicquwp.OscarProtocol.<ConnectToBosAsync>d__135"
Dynamic,Type,"kicquwp.OscarProtocol.<ConnectToBosSocketAsync>d__136"
Dynamic,Type,"kicquwp.OscarProtocol.<HandleBosRedirectAsync>d__137"
Dynamic,Type,"kicquwp.OscarProtocol.<SendIcbmAsync>d__141"
Dynamic,Type,"kicquwp.OscarProtocol.<SendSingleIcbmAsync>d__142"
Dynamic,Type,"kicquwp.OscarProtocol.<WaitForRedirectOrBosAsync>d__147"
Dynamic,Type,"kicquwp.OscarProtocol.<>c__DisplayClass148_0"
Dynamic,Type,"kicquwp.OscarProtocol.<ShowMessageDialog>d__148"
Dynamic,Type,"kicquwp.OscarProtocol.<AuthenticateAndInitializeAsync>d__149"
Dynamic,Type,"kicquwp.OscarProtocol.<SendCapabilitiesAsync>d__150"
Dynamic,Type,"kicquwp.OscarProtocol.<>c__DisplayClass152_0"
Dynamic,Type,"kicquwp.OscarProtocol.<>c__DisplayClass152_1"
Dynamic,Type,"kicquwp.OscarProtocol.<HandleIncomingIcbm>d__152"
Dynamic,Type,"kicquwp.OscarProtocol.<>c__DisplayClass155_0"
Dynamic,Type,"kicquwp.OscarProtocol.<RequestFullUserInfoAsync>d__155"
Dynamic,Type,"kicquwp.OscarProtocol.<>c__DisplayClass157_0"
Dynamic,Type,"kicquwp.OscarProtocol.<SetBasicUserInfoAsync>d__157"
Dynamic,Type,"kicquwp.OscarProtocol.<SetStatusAsync>d__165"
Dynamic,Type,"kicquwp.OscarProtocol.<ReceiveLoopAsync>d__167"
Dynamic,Type,"kicquwp.OscarProtocol.<HandleFlapAsync>d__168"
Dynamic,Type,"kicquwp.OscarProtocol.<>c__DisplayClass169_0"
Dynamic,Type,"kicquwp.OscarProtocol.<SendTypingNotificationAsync>d__170"
Dynamic,Type,"kicquwp.OscarProtocol.<>c__DisplayClass171_0"
Dynamic,Type,"kicquwp.OscarProtocol.<>c__DisplayClass174_0"
Dynamic,Type,"kicquwp.OscarProtocol.<HandleUserOfflineAsync>d__174"
Dynamic,Type,"kicquwp.OscarProtocol.<>c"
Dynamic,Type,"kicquwp.OscarProtocol.<HandleServiceFamilies>d__175"
Dynamic,Type,"kicquwp.OscarProtocol.<SearchByUinAsync>d__180"
Dynamic,Type,"kicquwp.OscarProtocol.<>c__DisplayClass181_0"
Dynamic,Type,"kicquwp.OscarProtocol.<SearchByDetailsAsync>d__183"
Dynamic,Type,"kicquwp.OscarProtocol.<SearchByEmailAsync>d__184"
Dynamic,Type,"kicquwp.OscarProtocol.<ReceiveSearchResults>d__185"
Dynamic,Type,"kicquwp.OscarProtocol.<>c__DisplayClass186_0"
Dynamic,Type,"kicquwp.OscarProtocol.<DeleteAccountAsync>d__191"
Dynamic,Type,"kicquwp.OscarProtocol.<DisconnectAfterDeleteAsync>d__194"
Dynamic,Type,"kicquwp.OscarProtocol.<>c__DisplayClass198_0"
Dynamic,Type,"kicquwp.OscarProtocol.<>c__DisplayClass198_1"
Dynamic,Type,"kicquwp.OscarProtocol.<AddContactAsync>d__198"
Dynamic,Type,"kicquwp.OscarProtocol.<RequestUserInfoAsync>d__200"
Dynamic,Type,"kicquwp.OscarProtocol.<HandleServiceVersionsResponse>d__201"
Dynamic,Type,"kicquwp.OscarProtocol.<TeardownForReconnectAsync>d__202"
Dynamic,Type,"kicquwp.OscarProtocol.<DisconnectAsync>d__203"
Dynamic,Type,"kicquwp.OscarProtocol.<>c__DisplayClass205_0"
Dynamic,Type,"kicquwp.OscarProtocol.<>c__DisplayClass205_1"
Dynamic,Type,"kicquwp.OscarProtocol.<HandleUserOnlineAsync>d__205"
Dynamic,Type,"kicquwp.OscarProtocol.<ReceiveServerSnacsAsync>d__211"
Dynamic,Type,"kicquwp.OscarProtocol.<KeepAliveLoopAsync>d__212"
Dynamic,Type,"kicquwp.ReconnectService.<OnNetworkStatusChanged>d__33"
Dynamic,Type,"kicquwp.ReconnectService.<MonitorLoopAsync>d__35"
Dynamic,Type,"kicquwp.ReconnectService.<ForceReconnectAsync>d__36"
Dynamic,Type,"kicquwp.ReconnectService.<TryReconnectAsync>d__37"
Dynamic,Type,"kicquwp.ReconnectService.<>c__DisplayClass39_0"
Dynamic,Type,"kicquwp.ReconnectService.<OnIncomingMessage>d__40"
Dynamic,Type,"kicquwp.SearchPage.<SearchButton_Click>d__8"
Dynamic,Type,"kicquwp.SearchPage.<AddContact_Click>d__9"
Dynamic,Type,"kicquwp.SettingsPage.<PickBackground_Click>d__2"
Dynamic,Type,"kicquwp.SettingsPage.<PickChatBackground_Click>d__3"
Dynamic,Type,"kicquwp.SettingsPage.<ClearChatBackground_Click>d__11"
Dynamic,Type,"kicquwp.SettingsPage.<ClearBackground_Click>d__15"
Dynamic,Type,"kicquwp.SettingsPage.<CheckUpdate_Click>d__18"
Dynamic,Type,"kicquwp.SettingsPage.<OpenReleases_Click>d__19"
Dynamic,Type,"kicquwp.SettingsPage.<CheckForUpdatesAsync>d__21"
Dynamic,Type,"kicquwp.SettingsPage.<>c__DisplayClass23_0"
Dynamic,Type,"kicquwp.SettingsPage.<DeleteAccount_Click>d__23"
Dynamic,Type,"kicquwp.SoundService.<PlayMessage>d__4"
Dynamic,Type,"kicquwp.SoundService.<PlayOnline>d__5"
Dynamic,Type,"kicquwp.SoundService.<PlayOffline>d__6"
Dynamic,Type,"kicquwp.SoundService.<PlayError>d__7"
Dynamic,Type,"kicquwp.SoundService.<PlayNotification>d__8"
Dynamic,Type,"kicquwp.SoundService.<>c"
Dynamic,Type,"kicquwp.SoundService.<Play>d__9"
Dynamic,Type,"kicquwp.Program.<>c"
Dynamic,Type,"kicquwp.App.<>c.<<CheckUpdateOnStartup>b__18_0>d"
Dynamic,Type,"kicquwp.App.<>c__DisplayClass18_0.<<CheckUpdateOnStartup>b__1>d"
Dynamic,Type,"kicquwp.ChatPage.<>c__DisplayClass27_0.<<OnIncomingMessage>b__0>d"
Dynamic,Type,"kicquwp.ChatPage.<>c__DisplayClass30_0.<<SendCurrentMessageAsync>b__2>d"
Dynamic,Type,"kicquwp.LoginPage.<>c__DisplayClass13_0.<<ShowMessageDialog>b__0>d"
Dynamic,Type,"kicquwp.MainPage.<>c__DisplayClass39_0.<<OnKickedOut>b__0>d"
Dynamic,Type,"kicquwp.OscarProtocol.<>c__DisplayClass148_0.<<ShowMessageDialog>b__0>d"
Dynamic,Type,"kicquwp.OscarProtocol.<>c__DisplayClass181_0.<<RequestFullUserInfoDetailedAsync>b__1>d"
Dynamic,Type,"kicquwp.ReconnectService.<>c__DisplayClass39_0.<<ForceReconnect>b__0>d"
Dynamic,Type,"System.Diagnostics.Tracing.EventSourceAttribute"
Dynamic,Type,"System.Diagnostics.Tracing.EventAttribute"
Dynamic,Type,"System.Diagnostics.Tracing.EventDataAttribute"
Dynamic,Type,"Background.BackgroundTask.BackgroundTask"
Dynamic,Type,"Background.BackgroundTask.BackgroundTask.<Run>d__1"
Dynamic,Type,"Background.BackgroundTask.<WinRT>BackgroundTask"
Dynamic,Type,"System.Diagnostics.Tracing.EventSource"
Dynamic,Type,"System.Diagnostics.Tracing.EventSource.EventData"
Dynamic,Type,"System.Diagnostics.Tracing.EventSource.EventParameterType"
Dynamic,Type,"System.Diagnostics.Tracing.EventSource.EventMessage"
Dynamic,Type,"System.Diagnostics.Tracing.EventSource.EventMetadata"
Dynamic,Type,"System.Diagnostics.DiagnosticSourceEventSource"
Dynamic,Type,"System.Diagnostics.DiagnosticSourceEventSource.Keywords"
Dynamic,Type,"System.Diagnostics.DiagnosticSourceEventSource.FilterAndTransform"
Dynamic,Type,"System.Diagnostics.DiagnosticSourceEventSource.TransformSpec"
Dynamic,Type,"System.Diagnostics.DiagnosticSourceEventSource.CallbackObserver"
Dynamic,Type,"System.Diagnostics.DiagnosticSourceEventSource.Subscriptions"
Dynamic,Type,"System.Object"
Dynamic,Type,"Windows.UI.Xaml.Controls.Page"
Dynamic,Type,"Windows.UI.Xaml.Application"
Dynamic,Type,"System.Collections.ObjectModel.ObservableCollection<Contact>"
Dynamic,Type,"Windows.UI.Xaml.Controls.UserControl"
Dynamic,Type,"System.MulticastDelegate"
Dynamic,Type,"System.ValueType"
Dynamic,Type,"System.Attribute"
Dynamic,Type,"System.Enum"
Dynamic,Type,"System.Array<System.Diagnostics.Tracing.EventKeywords>"
Dynamic,Type,"System.Collections.ObjectModel.ObservableCollection"
Dynamic,Type,"System.Collections.ObjectModel.Collection<Contact>"
Dynamic,Type,"Windows.UI.Xaml.Controls.Control"
Dynamic,Type,"System.Delegate"
Dynamic,Type,"System.Array"
Dynamic,Type,"System.Array"
Dynamic,Type,"System.Array<System.Diagnostics.Tracing.EventSourceSettings>"
Dynamic,Type,"System.Collections.ObjectModel.Collection"
Dynamic,Type,"Windows.UI.Xaml.FrameworkElement"
Dynamic,Type,"Windows.UI.Xaml.UIElement"
Dynamic,Type,"Windows.UI.Xaml.DependencyObject"
Dynamic,Field,"System.String Contact.<Uin>k__BackingField"
Dynamic,Field,"System.String Contact.<Name>k__BackingField"
Dynamic,Field,"System.String Contact.<Group>k__BackingField"
Dynamic,Field,"System.Boolean Contact.<IsTemporary>k__BackingField"
Dynamic,Field,"System.String Contact.<XtrazIcon>k__BackingField"
Dynamic,Field,"System.String Contact._statusIcon"
Dynamic,Field,"ContactInfo Contact.<Info>k__BackingField"
Dynamic,Field,"System.UInt16 Contact.<ItemId>k__BackingField"
Dynamic,Field,"System.UInt16 Contact.<GroupId>k__BackingField"
Dynamic,Field,"System.Boolean Contact._isNewOnline"
Dynamic,Field,"System.Int32 Contact._unreadCount"
Dynamic,Field,"System.ComponentModel.PropertyChangedEventHandler Contact.PropertyChanged"
Dynamic,Field,"System.String ContactInfo.<Uin>k__BackingField"
Dynamic,Field,"System.UInt32 ContactInfo.<Status>k__BackingField"
Dynamic,Field,"System.UInt32 ContactInfo.<OnlineTime>k__BackingField"
Dynamic,Field,"System.UInt32 ContactInfo.<SignonTime>k__BackingField"
Dynamic,Field,"System.UInt32 ContactInfo.<MemberSince>k__BackingField"
Dynamic,Field,"System.UInt32 ContactInfo.<ExternalIp>k__BackingField"
Dynamic,Field,"System.UInt16 ContactInfo.<UserClass>k__BackingField"
Dynamic,Field,"System.UInt32 ContactInfo.<DcInternalIp>k__BackingField"
Dynamic,Field,"System.UInt16 ContactInfo.<DcPort>k__BackingField"
Dynamic,Field,"System.Byte ContactInfo.<DcType>k__BackingField"
Dynamic,Field,"System.String ContactInfo.<StatusMessage>k__BackingField"
Dynamic,Field,"System.String ContactInfo.<Mood>k__BackingField"
Dynamic,Field,"kicquwp.OscarProtocol kicquwp.AccountInfoPage._oscar"
Dynamic,Field,"Windows.UI.Xaml.Controls.Border kicquwp.AccountInfoPage.StatusBar"
Dynamic,Field,"Windows.UI.Xaml.Controls.ProgressRing kicquwp.AccountInfoPage.LoadingRing"
Dynamic,Field,"Windows.UI.Xaml.Controls.TextBlock kicquwp.AccountInfoPage.StatusText"
Dynamic,Field,"Windows.UI.Xaml.Controls.TextBox kicquwp.AccountInfoPage.AddressBox"
Dynamic,Field,"Windows.UI.Xaml.Controls.TextBox kicquwp.AccountInfoPage.CityBox"
Dynamic,Field,"Windows.UI.Xaml.Controls.TextBox kicquwp.AccountInfoPage.CellBox"
Dynamic,Field,"Windows.UI.Xaml.Controls.TextBox kicquwp.AccountInfoPage.PhoneBox"
Dynamic,Field,"Windows.UI.Xaml.Controls.TextBox kicquwp.AccountInfoPage.EmailBox"
Dynamic,Field,"Windows.UI.Xaml.Controls.TextBox kicquwp.AccountInfoPage.LastNameBox"
Dynamic,Field,"Windows.UI.Xaml.Controls.TextBox kicquwp.AccountInfoPage.FirstNameBox"
Dynamic,Field,"Windows.UI.Xaml.Controls.TextBox kicquwp.AccountInfoPage.NickBox"
Dynamic,Field,"Windows.UI.Xaml.Controls.TextBlock kicquwp.AccountInfoPage.UinText"
Dynamic,Field,"Windows.UI.Xaml.Controls.Button kicquwp.AccountInfoPage.SaveButton"
Dynamic,Field,"System.Boolean kicquwp.AccountInfoPage._contentLoaded"
Dynamic,Field,"System.String kicquwp.UserBasicInfo.<Nick>k__BackingField"
Dynamic,Field,"System.String kicquwp.UserBasicInfo.<FirstName>k__BackingField"
Dynamic,Field,"System.String kicquwp.UserBasicInfo.<LastName>k__BackingField"
Dynamic,Field,"System.String kicquwp.UserBasicInfo.<Email>k__BackingField"
Dynamic,Field,"System.String kicquwp.UserBasicInfo.<HomePhone>k__BackingField"
Dynamic,Field,"System.String kicquwp.UserBasicInfo.<HomeFax>k__BackingField"
Dynamic,Field,"System.String kicquwp.UserBasicInfo.<CellPhone>k__BackingField"
Dynamic,Field,"System.String kicquwp.UserBasicInfo.<City>k__BackingField"
Dynamic,Field,"System.String kicquwp.UserBasicInfo.<State>k__BackingField"
Dynamic,Field,"System.String kicquwp.UserBasicInfo.<Address>k__BackingField"
Dynamic,Field,"System.String kicquwp.UserBasicInfo.<ZipCode>k__BackingField"
Dynamic,Field,"System.UInt16 kicquwp.UserBasicInfo.<Country>k__BackingField"
Dynamic,Field,"System.Byte kicquwp.UserBasicInfo.<GmtOffset>k__BackingField"
Dynamic,Field,"System.Byte kicquwp.UserBasicInfo.<AuthFlag>k__BackingField"
Dynamic,Field,"System.Byte kicquwp.UserBasicInfo.<WebAware>k__BackingField"
Dynamic,Field,"kicquwp.OscarProtocol kicquwp.App.<Oscar>k__BackingField"
Dynamic,Field,"kicquwp.ReconnectService kicquwp.App.<ReconnectService>k__BackingField"
Dynamic,Field,"System.Byte kicquwp.App.<ContactAlpha>k__BackingField"
Dynamic,Field,"Windows.UI.Xaml.Media.ImageBrush kicquwp.App.<GlobalChatBackground>k__BackingField"
Dynamic,Field,"System.Boolean kicquwp.App._contentLoaded"
Dynamic,Field,"kicquwp.kicquwp_XamlTypeInfo.XamlTypeInfoProvider kicquwp.App._provider"
Dynamic,Field,"System.String kicquwp.ChatMessage._text"
Dynamic,Field,"System.Boolean kicquwp.ChatMessage._isIncoming"
Dynamic,Field,"System.Boolean kicquwp.ChatMessage._isOutgoing"
Dynamic,Field,"System.String kicquwp.ChatMessage.<SenderName>k__BackingField"
Dynamic,Field,"System.String kicquwp.ChatMessage.<Time>k__BackingField"
Dynamic,Field,"System.ComponentModel.PropertyChangedEventHandler kicquwp.ChatMessage.PropertyChanged"
Dynamic,Field,"kicquwp.OscarProtocol kicquwp.ChatPage._oscar"
Dynamic,Field,"Contact kicquwp.ChatPage._contact"
Dynamic,Field,"System.Boolean kicquwp.ChatPage._emojiVisible"
Dynamic,Field,"System.Boolean kicquwp.ChatPage._emojiLoaded"
Dynamic,Field,"System.Collections.ObjectModel.ObservableCollection<kicquwp.ChatMessage> kicquwp.ChatPage._messages"
Dynamic,Field,"kicquwp.ReconnectService kicquwp.ChatPage._reconnect"
Dynamic,Field,"Windows.UI.Xaml.DispatcherTimer kicquwp.ChatPage._typingTimer"
Dynamic,Field,"System.Boolean kicquwp.ChatPage._isTyping"
Dynamic,Field,"System.Boolean kicquwp.ChatPage._typingNotificationsEnabled"
Dynamic,Field,"kicquwp.ChatMessage kicquwp.ChatPage._replyTo"
Dynamic,Field,"System.Collections.Generic.HashSet<System.String> kicquwp.ChatPage._loadedMessageKeys"
Dynamic,Field,"Windows.UI.Xaml.Media.ImageBrush kicquwp.ChatPage._cachedChatBackground"
Dynamic,Field,"System.String kicquwp.ChatPage._lastChatBackgroundPath"
Dynamic,Field,"System.Collections.Generic.List<kicquwp.EmojiItem> kicquwp.ChatPage._availableEmojis"
Dynamic,Field,"Windows.UI.Xaml.Controls.ListView kicquwp.ChatPage.MessagesList"
Dynamic,Field,"Windows.UI.Xaml.Controls.Border kicquwp.ChatPage.EmojiPanel"
Dynamic,Field,"Windows.UI.Xaml.Controls.Border kicquwp.ChatPage.ReplyPreviewPanel"
Dynamic,Field,"Windows.UI.Xaml.Controls.Grid kicquwp.ChatPage.RootOverlayGrid"
Dynamic,Field,"Windows.UI.Xaml.Controls.TextBox kicquwp.ChatPage.MessageTextBox"
Dynamic,Field,"Windows.UI.Xaml.Controls.TextBlock kicquwp.ChatPage.ReplyPreviewText"
Dynamic,Field,"Windows.UI.Xaml.Controls.GridView kicquwp.ChatPage.EmojiItemsControl"
Dynamic,Field,"Windows.UI.Xaml.Controls.Image kicquwp.ChatPage.ContactStatusIcon"
Dynamic,Field,"Windows.UI.Xaml.Controls.TextBlock kicquwp.ChatPage.ContactNameTextBlock"
Dynamic,Field,"Windows.UI.Xaml.Controls.TextBlock kicquwp.ChatPage.ContactUinTextBlock"
Dynamic,Field,"System.Boolean kicquwp.ChatPage._contentLoaded"
Dynamic,Field,"System.String kicquwp.ContactGroup.<GroupName>k__BackingField"
Dynamic,Field,"Windows.Networking.Sockets.ControlChannelTrigger kicquwp.ControlChannelService._trigger"
Dynamic,Field,"Windows.ApplicationModel.Background.BackgroundTaskRegistration kicquwp.ControlChannelService._taskReg"
Dynamic,Field,"System.String kicquwp.ControlChannelService.TaskName"
Dynamic,Field,"System.String kicquwp.ControlChannelService.TriggerId"
Dynamic,Field,"System.String kicquwp.ControlChannelService.TaskEntry"
Dynamic,Field,"kicquwp.ControlChannelService kicquwp.ControlChannelService._instance"
Dynamic,Field,"System.String kicquwp.EmojiItem.<Code>k__BackingField"
Dynamic,Field,"System.String kicquwp.EmojiItem.<ImagePath>k__BackingField"
Dynamic,Field,"System.Collections.Generic.Dictionary<System.String, System.String> kicquwp.EmojiManager.EmojiDict"
Dynamic,Field,"Windows.UI.Xaml.DependencyProperty kicquwp.EmojiManager.FormattedTextProperty"
Dynamic,Field,"Windows.UI.Xaml.DependencyProperty kicquwp.FeatureItem.IconProperty"
Dynamic,Field,"Windows.UI.Xaml.DependencyProperty kicquwp.FeatureItem.TextProperty"
Dynamic,Field,"Windows.UI.Xaml.Controls.FontIcon kicquwp.FeatureItem.IconText"
Dynamic,Field,"Windows.UI.Xaml.Controls.TextBlock kicquwp.FeatureItem.FeatureText"
Dynamic,Field,"System.Boolean kicquwp.FeatureItem._contentLoaded"
Dynamic,Field,"System.Boolean kicquwp.UpdateCheckResult.<IsUpdateAvailable>k__BackingField"
Dynamic,Field,"System.String kicquwp.UpdateCheckResult.<CurrentVersion>k__BackingField"
Dynamic,Field,"System.String kicquwp.UpdateCheckResult.<LatestVersion>k__BackingField"
Dynamic,Field,"System.String kicquwp.UpdateCheckResult.<LatestTag>k__BackingField"
Dynamic,Field,"System.String kicquwp.UpdateCheckResult.<ReleaseUrl>k__BackingField"
Dynamic,Field,"System.String kicquwp.UpdateCheckResult.<ReleaseNotes>k__BackingField"
Dynamic,Field,"System.String kicquwp.UpdateCheckResult.<ReleaseName>k__BackingField"
Dynamic,Field,"System.DateTime kicquwp.UpdateCheckResult.<PublishedAt>k__BackingField"
Dynamic,Field,"System.Boolean kicquwp.UpdateCheckResult.<IsPrerelease>k__BackingField"
Dynamic,Field,"System.String kicquwp.UpdateCheckResult.<Error>k__BackingField"
Dynamic,Field,"System.String kicquwp.GitHubUpdateService.OWNER"
Dynamic,Field,"System.String kicquwp.GitHubUpdateService.REPO"
Dynamic,Field,"System.Net.Http.HttpClient kicquwp.GitHubUpdateService._httpClient"
Dynamic,Field,"Windows.UI.Xaml.Controls.TextBlock kicquwp.InfoPage.VersionText"
Dynamic,Field,"System.Boolean kicquwp.InfoPage._contentLoaded"
Dynamic,Field,"kicquwp.OscarProtocol kicquwp.LoginPage._oscarProtocol"
Dynamic,Field,"System.UInt32 kicquwp.LoginPage._selectedStatusCode"
Dynamic,Field,"Windows.UI.Xaml.Controls.Border kicquwp.LoginPage.LoadingOverlay"
Dynamic,Field,"Windows.UI.Xaml.Controls.ContentDialog kicquwp.LoginPage.RegisterDialog"
Dynamic,Field,"Windows.UI.Xaml.Controls.PasswordBox kicquwp.LoginPage.RegPasswordBox"
Dynamic,Field,"Windows.UI.Xaml.Controls.PasswordBox kicquwp.LoginPage.RegPasswordConfirmBox"
Dynamic,Field,"Windows.UI.Xaml.Controls.TextBlock kicquwp.LoginPage.RegErrorTextBlock"
Dynamic,Field,"Windows.UI.Xaml.Controls.TextBlock kicquwp.LoginPage.StatusTextBlock"
Dynamic,Field,"Windows.UI.Xaml.Controls.TextBox kicquwp.LoginPage.LoginTextBox"
Dynamic,Field,"Windows.UI.Xaml.Controls.PasswordBox kicquwp.LoginPage.PasswordBox"
Dynamic,Field,"Windows.UI.Xaml.Controls.ComboBox kicquwp.LoginPage.StatusComboBox"
Dynamic,Field,"System.Boolean kicquwp.LoginPage._contentLoaded"
Dynamic,Field,"kicquwp.OscarProtocol kicquwp.MainPage._oscarProtocol"
Dynamic,Field,"System.Boolean kicquwp.MainPage._showGroups"
Dynamic,Field,"System.Boolean kicquwp.MainPage._hideOffline"
Dynamic,Field,"Contact kicquwp.MainPage._holdContact"
Dynamic,Field,"System.UInt32 kicquwp.MainPage._currentStatus"
Dynamic,Field,"System.Boolean kicquwp.MainPage._initialized"
Dynamic,Field,"System.Boolean kicquwp.MainPage._statusPanelVisible"
Dynamic,Field,"Windows.UI.Xaml.Media.ImageBrush kicquwp.MainPage._cachedMainBackground"
Dynamic,Field,"System.String kicquwp.MainPage._lastMainBackgroundPath"
Dynamic,Field,"System.Double kicquwp.MainPage._lastMainOpacity"
Dynamic,Field,"System.Collections.ObjectModel.ObservableCollection<Contact> kicquwp.MainPage.<Contacts>k__BackingField"
Dynamic,Field,"Windows.UI.Xaml.Controls.ListView kicquwp.MainPage.ContactsListView"
Dynamic,Field,"Windows.UI.Xaml.Controls.Border kicquwp.MainPage.StatusPanel"
Dynamic,Field,"Windows.UI.Xaml.Controls.Image kicquwp.MainPage.OwnStatusIcon"
Dynamic,Field,"Windows.UI.Xaml.Controls.TextBlock kicquwp.MainPage.UinTextBlock"
Dynamic,Field,"System.Boolean kicquwp.MainPage._contentLoaded"
Dynamic,Field,"System.String kicquwp.Message.<MessageText>k__BackingField"
Dynamic,Field,"System.String kicquwp.Message.<Sender>k__BackingField"
Dynamic,Field,"System.String kicquwp.Message.<Time>k__BackingField"
Dynamic,Field,"kicquwp.NotificationService kicquwp.NotificationService._instance"
Dynamic,Field,"System.Collections.Generic.Dictionary<System.String, System.Int32> kicquwp.NotificationService._unread"
Dynamic,Field,"System.Action kicquwp.NotificationService.UnreadChanged"
Dynamic,Field,"System.String kicquwp.NotificationService.<ActiveChatUin>k__BackingField"
Dynamic,Field,"Windows.Networking.Sockets.StreamSocket kicquwp.OscarProtocol._socket"
Dynamic,Field,"Windows.Storage.Streams.DataWriter kicquwp.OscarProtocol._writer"
Dynamic,Field,"Windows.Storage.Streams.DataReader kicquwp.OscarProtocol._reader"
Dynamic,Field,"System.Byte kicquwp.OscarProtocol._sequenceNumber"
Dynamic,Field,"System.String kicquwp.OscarProtocol._uin"
Dynamic,Field,"System.String kicquwp.OscarProtocol._password"
Dynamic,Field,"System.UInt16 kicquwp.OscarProtocol._flapSequenceNumber"
Dynamic,Field,"System.Threading.CancellationTokenSource kicquwp.OscarProtocol._receiveCts"
Dynamic,Field,"System.Collections.ObjectModel.ObservableCollection<Contact> kicquwp.OscarProtocol.contacts"
Dynamic,Field,"System.Collections.Generic.Dictionary<System.String, System.Collections.Generic.List<System.String[]>> kicquwp.OscarProtocol._pendingMessages"
Dynamic,Field,"System.Action kicquwp.OscarProtocol.ContactStatusChanged"
Dynamic,Field,"System.Action<System.String, System.String> kicquwp.OscarProtocol.ContactRenamed"
Dynamic,Field,"System.Action<System.String> kicquwp.OscarProtocol.ContactRemoved"
Dynamic,Field,"System.Action<Contact> kicquwp.OscarProtocol.TemporaryContactAdded"
Dynamic,Field,"System.Action<System.String, System.UInt16> kicquwp.OscarProtocol.TypingNotificationReceived"
Dynamic,Field,"System.Action<kicquwp.UserBasicInfo> kicquwp.OscarProtocol.OwnInfoReceived"
Dynamic,Field,"kicquwp.OscarProtocol kicquwp.OscarProtocol._instance"
Dynamic,Field,"System.Action kicquwp.OscarProtocol.ConnectionLost"
Dynamic,Field,"System.String kicquwp.OscarProtocol.<LastAuthError>k__BackingField"
Dynamic,Field,"System.Action<System.String> kicquwp.OscarProtocol.<StatusUpdater>k__BackingField"
Dynamic,Field,"System.Action<System.String, System.String> kicquwp.OscarProtocol.IncomingMessage"
Dynamic,Field,"System.Collections.Generic.Dictionary<System.UInt16, kicquwp.OscarProtocol.SsiGroup> kicquwp.OscarProtocol._ssiGroups"
Dynamic,Field,"System.Action<System.Collections.Generic.List<kicquwp.SearchResult>, System.Boolean> kicquwp.OscarProtocol.SearchResultReceived"
Dynamic,Field,"System.Action<kicquwp.OscarProtocol.UserFullInfo> kicquwp.OscarProtocol.UserInfoReceived"
Dynamic,Field,"System.UInt16 kicquwp.OscarProtocol._snacRequestId"
Dynamic,Field,"System.Action<System.String> kicquwp.OscarProtocol.DisconnectedByServer"
Dynamic,Field,"System.Action<System.UInt16> kicquwp.OscarProtocol._ssiAckHandler"
Dynamic,Field,"System.Collections.Generic.HashSet<System.UInt16> kicquwp.OscarProtocol.IcqSupportedFamilies"
Dynamic,Field,"System.Threading.Tasks.Task kicquwp.OscarProtocol._"
Dynamic,Field,"System.UInt16 kicquwp.OscarProtocol._icbmMaxSize"
Dynamic,Field,"System.String kicquwp.OscarProtocol.<UIN>k__BackingField"
Dynamic,Field,"Windows.UI.Core.CoreDispatcher kicquwp.OscarProtocol.<_dispatcher>k__BackingField"
Dynamic,Field,"System.Object kicquwp.OscarProtocol._flapQueueLock"
Dynamic,Field,"System.Collections.Generic.Queue<kicquwp.OscarProtocol.FlapFrame> kicquwp.OscarProtocol._flapQueue"
Dynamic,Field,"System.Threading.Tasks.TaskCompletionSource<System.Boolean> kicquwp.OscarProtocol._flapArrivedTcs"
Dynamic,Field,"System.Exception kicquwp.OscarProtocol._readerFatalError"
Dynamic,Field,"System.Action<System.Boolean> kicquwp.OscarProtocol._metaSaveResultHandler"
Dynamic,Field,"System.Threading.Tasks.TaskCompletionSource<System.Boolean> kicquwp.OscarProtocol._deleteAccountTcs"
Dynamic,Field,"System.Object kicquwp.OscarProtocol._deleteLock"
Dynamic,Field,"System.Boolean kicquwp.OscarProtocol._isDeleting"
Dynamic,Field,"kicquwp.OscarProtocol kicquwp.ReconnectService._oscar"
Dynamic,Field,"System.String kicquwp.ReconnectService._uin"
Dynamic,Field,"System.String kicquwp.ReconnectService._password"
Dynamic,Field,"System.UInt32 kicquwp.ReconnectService._statusCode"
Dynamic,Field,"Windows.UI.Core.CoreDispatcher kicquwp.ReconnectService._dispatcher"
Dynamic,Field,"System.Threading.CancellationTokenSource kicquwp.ReconnectService._cts"
Dynamic,Field,"System.Boolean kicquwp.ReconnectService._running"
Dynamic,Field,"System.Action kicquwp.ReconnectService.OnDisconnected"
Dynamic,Field,"System.Action kicquwp.ReconnectService.OnReconnecting"
Dynamic,Field,"System.Boolean kicquwp.ReconnectService._kicked"
Dynamic,Field,"System.Action<System.String> kicquwp.ReconnectService.KickedOut"
Dynamic,Field,"kicquwp.ReconnectService kicquwp.ReconnectService._instance"
Dynamic,Field,"Windows.Networking.Connectivity.NetworkStatusChangedEventHandler kicquwp.ReconnectService._networkHandler"
Dynamic,Field,"System.Action<kicquwp.OscarProtocol> kicquwp.ReconnectService.Reconnected"
Dynamic,Field,"System.Action kicquwp.ReconnectService.Disconnected"
Dynamic,Field,"System.Boolean kicquwp.ReconnectService._isReconnectingNow"
Dynamic,Field,"kicquwp.OscarProtocol kicquwp.SearchPage._oscar"
Dynamic,Field,"System.String kicquwp.SearchPage._searchMode"
Dynamic,Field,"System.Collections.ObjectModel.ObservableCollection<kicquwp.SearchResult> kicquwp.SearchPage._results"
Dynamic,Field,"System.UInt16 kicquwp.SearchPage._searchSeq"
Dynamic,Field,"Windows.UI.Xaml.Controls.ListView kicquwp.SearchPage.ResultsList"
Dynamic,Field,"Windows.UI.Xaml.Controls.TextBlock kicquwp.SearchPage.StatusText"
Dynamic,Field,"Windows.UI.Xaml.Controls.StackPanel kicquwp.SearchPage.PanelDetails"
Dynamic,Field,"Windows.UI.Xaml.Controls.StackPanel kicquwp.SearchPage.PanelUin"
Dynamic,Field,"Windows.UI.Xaml.Controls.StackPanel kicquwp.SearchPage.PanelEmail"
Dynamic,Field,"Windows.UI.Xaml.Controls.Button kicquwp.SearchPage.BtnSearch"
Dynamic,Field,"Windows.UI.Xaml.Controls.StackPanel kicquwp.SearchPage.SearchProgress"
Dynamic,Field,"Windows.UI.Xaml.Controls.TextBox kicquwp.SearchPage.TxtEmail"
Dynamic,Field,"Windows.UI.Xaml.Controls.TextBox kicquwp.SearchPage.TxtUin"
Dynamic,Field,"Windows.UI.Xaml.Controls.TextBox kicquwp.SearchPage.TxtFirstName"
Dynamic,Field,"Windows.UI.Xaml.Controls.TextBox kicquwp.SearchPage.TxtLastName"
Dynamic,Field,"Windows.UI.Xaml.Controls.TextBox kicquwp.SearchPage.TxtNick"
Dynamic,Field,"Windows.UI.Xaml.Controls.Button kicquwp.SearchPage.BtnByDetails"
Dynamic,Field,"Windows.UI.Xaml.Controls.Button kicquwp.SearchPage.BtnByUin"
Dynamic,Field,"Windows.UI.Xaml.Controls.Button kicquwp.SearchPage.BtnByEmail"
Dynamic,Field,"System.Boolean kicquwp.SearchPage._contentLoaded"
Dynamic,Field,"System.String kicquwp.SearchResult.<Uin>k__BackingField"
Dynamic,Field,"System.String kicquwp.SearchResult.<Nick>k__BackingField"
Dynamic,Field,"System.String kicquwp.SearchResult.<FirstName>k__BackingField"
Dynamic,Field,"System.String kicquwp.SearchResult.<LastName>k__BackingField"
Dynamic,Field,"System.String kicquwp.SearchResult.<Email>k__BackingField"
Dynamic,Field,"System.Boolean kicquwp.SearchResult.<IsOnline>k__BackingField"
Dynamic,Field,"System.Byte kicquwp.SearchResult.<Gender>k__BackingField"
Dynamic,Field,"System.UInt16 kicquwp.SearchResult.<Age>k__BackingField"
Dynamic,Field,"System.ComponentModel.PropertyChangedEventHandler kicquwp.SearchResult.PropertyChanged"
Dynamic,Field,"kicquwp.OscarProtocol kicquwp.SettingsPage._oscar"
Dynamic,Field,"System.Boolean kicquwp.SettingsPage._isLoaded"
Dynamic,Field,"System.Boolean kicquwp.SettingsPage._isDeleteInProgress"
Dynamic,Field,"Windows.UI.Xaml.Controls.Border kicquwp.SettingsPage.BackgroundModeBorder"
Dynamic,Field,"Windows.UI.Xaml.Controls.Button kicquwp.SettingsPage.DeleteAccountButton"
Dynamic,Field,"Windows.UI.Xaml.Controls.ToggleSwitch kicquwp.SettingsPage.AutoCheckUpdateToggle"
Dynamic,Field,"Windows.UI.Xaml.Controls.Button kicquwp.SettingsPage.CheckUpdateButton"
Dynamic,Field,"Windows.UI.Xaml.Controls.Button kicquwp.SettingsPage.OpenReleasesButton"
Dynamic,Field,"Windows.UI.Xaml.Controls.Border kicquwp.SettingsPage.ReleaseNotesBorder"
Dynamic,Field,"Windows.UI.Xaml.Controls.TextBlock kicquwp.SettingsPage.LatestVersionText"
Dynamic,Field,"Windows.UI.Xaml.Controls.TextBlock kicquwp.SettingsPage.ReleaseNotesText"
Dynamic,Field,"Windows.UI.Xaml.Controls.TextBlock kicquwp.SettingsPage.UpdateStatusText"
Dynamic,Field,"Windows.UI.Xaml.Controls.ProgressRing kicquwp.SettingsPage.UpdateProgressRing"
Dynamic,Field,"Windows.UI.Xaml.Controls.TextBlock kicquwp.SettingsPage.CurrentVersionText"
Dynamic,Field,"Windows.UI.Xaml.Controls.TextBlock kicquwp.SettingsPage.LastCheckText"
Dynamic,Field,"Windows.UI.Xaml.Controls.Slider kicquwp.SettingsPage.ContactOpacitySlider"
Dynamic,Field,"Windows.UI.Xaml.Controls.TextBlock kicquwp.SettingsPage.ContactOpacityText"
Dynamic,Field,"Windows.UI.Xaml.Controls.Slider kicquwp.SettingsPage.BackgroundOpacitySlider"
Dynamic,Field,"Windows.UI.Xaml.Controls.TextBlock kicquwp.SettingsPage.OpacityValueText"
Dynamic,Field,"Windows.UI.Xaml.Controls.Border kicquwp.SettingsPage.BackgroundPreview"
Dynamic,Field,"Windows.UI.Xaml.Controls.TextBlock kicquwp.SettingsPage.BackgroundPreviewText"
Dynamic,Field,"Windows.UI.Xaml.Controls.ToggleSwitch kicquwp.SettingsPage.TypingNotificationsToggle"
Dynamic,Field,"Windows.UI.Xaml.Controls.ToggleSwitch kicquwp.SettingsPage.HideOfflineToggle"
Dynamic,Field,"Windows.UI.Xaml.Controls.ToggleSwitch kicquwp.SettingsPage.ShowGroupsToggle"
Dynamic,Field,"Windows.UI.Xaml.Controls.ToggleSwitch kicquwp.SettingsPage.BackgroundModeToggle"
Dynamic,Field,"System.Boolean kicquwp.SettingsPage._contentLoaded"
Dynamic,Field,"Windows.UI.Core.CoreDispatcher kicquwp.SoundService._dispatcher"
Dynamic,Field,"Windows.Media.Playback.MediaPlayer kicquwp.SoundService._player"
Dynamic,Field,"System.Collections.Generic.Dictionary<System.String, Windows.UI.Xaml.Markup.IXamlType> kicquwp.kicquwp_XamlTypeInfo.XamlTypeInfoProvider._xamlTypeCacheByName"
Dynamic,Field,"System.Collections.Generic.Dictionary<System.Type, Windows.UI.Xaml.Markup.IXamlType> kicquwp.kicquwp_XamlTypeInfo.XamlTypeInfoProvider._xamlTypeCacheByType"
Dynamic,Field,"System.Collections.Generic.Dictionary<System.String, Windows.UI.Xaml.Markup.IXamlMember> kicquwp.kicquwp_XamlTypeInfo.XamlTypeInfoProvider._xamlMembers"
Dynamic,Field,"System.String[] kicquwp.kicquwp_XamlTypeInfo.XamlTypeInfoProvider._typeNameTable"
Dynamic,Field,"System.Type[] kicquwp.kicquwp_XamlTypeInfo.XamlTypeInfoProvider._typeTable"
Dynamic,Field,"System.String kicquwp.kicquwp_XamlTypeInfo.XamlSystemBaseType._fullName"
Dynamic,Field,"System.Type kicquwp.kicquwp_XamlTypeInfo.XamlSystemBaseType._underlyingType"
Dynamic,Field,"kicquwp.kicquwp_XamlTypeInfo.XamlTypeInfoProvider kicquwp.kicquwp_XamlTypeInfo.XamlUserType._provider"
Dynamic,Field,"Windows.UI.Xaml.Markup.IXamlType kicquwp.kicquwp_XamlTypeInfo.XamlUserType._baseType"
Dynamic,Field,"System.Boolean kicquwp.kicquwp_XamlTypeInfo.XamlUserType._isArray"
Dynamic,Field,"System.Boolean kicquwp.kicquwp_XamlTypeInfo.XamlUserType._isMarkupExtension"
Dynamic,Field,"System.Boolean kicquwp.kicquwp_XamlTypeInfo.XamlUserType._isBindable"
Dynamic,Field,"System.Boolean kicquwp.kicquwp_XamlTypeInfo.XamlUserType._isReturnTypeStub"
Dynamic,Field,"System.Boolean kicquwp.kicquwp_XamlTypeInfo.XamlUserType._isLocalType"
Dynamic,Field,"System.String kicquwp.kicquwp_XamlTypeInfo.XamlUserType._contentPropertyName"
Dynamic,Field,"System.String kicquwp.kicquwp_XamlTypeInfo.XamlUserType._itemTypeName"
Dynamic,Field,"System.String kicquwp.kicquwp_XamlTypeInfo.XamlUserType._keyTypeName"
Dynamic,Field,"System.Collections.Generic.Dictionary<System.String, System.String> kicquwp.kicquwp_XamlTypeInfo.XamlUserType._memberNames"
Dynamic,Field,"System.Collections.Generic.Dictionary<System.String, System.Object> kicquwp.kicquwp_XamlTypeInfo.XamlUserType._enumValues"
Dynamic,Field,"kicquwp.kicquwp_XamlTypeInfo.Activator kicquwp.kicquwp_XamlTypeInfo.XamlUserType.<Activator>k__BackingField"
Dynamic,Field,"kicquwp.kicquwp_XamlTypeInfo.AddToCollection kicquwp.kicquwp_XamlTypeInfo.XamlUserType.<CollectionAdd>k__BackingField"
Dynamic,Field,"kicquwp.kicquwp_XamlTypeInfo.AddToDictionary kicquwp.kicquwp_XamlTypeInfo.XamlUserType.<DictionaryAdd>k__BackingField"
Dynamic,Field,"kicquwp.kicquwp_XamlTypeInfo.XamlTypeInfoProvider kicquwp.kicquwp_XamlTypeInfo.XamlMember._provider"
Dynamic,Field,"System.String kicquwp.kicquwp_XamlTypeInfo.XamlMember._name"
Dynamic,Field,"System.Boolean kicquwp.kicquwp_XamlTypeInfo.XamlMember._isAttachable"
Dynamic,Field,"System.Boolean kicquwp.kicquwp_XamlTypeInfo.XamlMember._isDependencyProperty"
Dynamic,Field,"System.Boolean kicquwp.kicquwp_XamlTypeInfo.XamlMember._isReadOnly"
Dynamic,Field,"System.String kicquwp.kicquwp_XamlTypeInfo.XamlMember._typeName"
Dynamic,Field,"System.String kicquwp.kicquwp_XamlTypeInfo.XamlMember._targetTypeName"
Dynamic,Field,"kicquwp.kicquwp_XamlTypeInfo.Getter kicquwp.kicquwp_XamlTypeInfo.XamlMember.<Getter>k__BackingField"
Dynamic,Field,"kicquwp.kicquwp_XamlTypeInfo.Setter kicquwp.kicquwp_XamlTypeInfo.XamlMember.<Setter>k__BackingField"
Dynamic,Field,"System.Int32 kicquwp.AccountInfoPage.<OnNavigatedTo>d__2.<>1__state"
Dynamic,Field,"System.Runtime.CompilerServices.AsyncVoidMethodBuilder kicquwp.AccountInfoPage.<OnNavigatedTo>d__2.<>t__builder"
Dynamic,Field,"kicquwp.AccountInfoPage kicquwp.AccountInfoPage.<OnNavigatedTo>d__2.<>4__this"
Dynamic,Field,"Windows.UI.Xaml.Navigation.NavigationEventArgs kicquwp.AccountInfoPage.<OnNavigatedTo>d__2.e"
Dynamic,Field,"System.Runtime.CompilerServices.TaskAwaiter kicquwp.AccountInfoPage.<OnNavigatedTo>d__2.<>u__1"
Dynamic,Field,"System.Int32 kicquwp.AccountInfoPage.<LoadUserInfo>d__4.<>1__state"
Dynamic,Field,"System.Runtime.CompilerServices.AsyncTaskMethodBuilder kicquwp.AccountInfoPage.<LoadUserInfo>d__4.<>t__builder"
Dynamic,Field,"kicquwp.AccountInfoPage kicquwp.AccountInfoPage.<LoadUserInfo>d__4.<>4__this"
Dynamic,Field,"System.Runtime.CompilerServices.TaskAwaiter<kicquwp.UserBasicInfo> kicquwp.AccountInfoPage.<LoadUserInfo>d__4.<>u__1"
Dynamic,Field,"System.Int32 kicquwp.AccountInfoPage.<SaveButton_Click>d__5.<>1__state"
Dynamic,Field,"System.Runtime.CompilerServices.AsyncVoidMethodBuilder kicquwp.AccountInfoPage.<SaveButton_Click>d__5.<>t__builder"
Dynamic,Field,"kicquwp.AccountInfoPage kicquwp.AccountInfoPage.<SaveButton_Click>d__5.<>4__this"
Dynamic,Field,"System.Runtime.CompilerServices.TaskAwaiter<System.Boolean> kicquwp.AccountInfoPage.<SaveButton_Click>d__5.<>u__1"
Dynamic,Field,"kicquwp.App.<>c kicquwp.App.<>c.<>9"
Dynamic,Field,"Windows.UI.Xaml.UnhandledExceptionEventHandler kicquwp.App.<>c.<>9__16_0"
Dynamic,Field,"System.EventHandler<System.Threading.Tasks.UnobservedTaskExceptionEventArgs> kicquwp.App.<>c.<>9__16_1"
Dynamic,Field,"System.Func<System.Threading.Tasks.Task> kicquwp.App.<>c.<>9__18_0"
Dynamic,Field,"kicquwp.UpdateCheckResult kicquwp.App.<>c__DisplayClass18_0.result"
Dynamic,Field,"kicquwp.GitHubUpdateService kicquwp.App.<>c__DisplayClass18_0.service"
Dynamic,Field,"Windows.ApplicationModel.Background.BackgroundTaskDeferral kicquwp.App.<>c__DisplayClass19_0.deferral"
Dynamic,Field,"System.Int32 kicquwp.App.<OnActivated>d__21.<>1__state"
Dynamic,Field,"System.Runtime.CompilerServices.AsyncVoidMethodBuilder kicquwp.App.<OnActivated>d__21.<>t__builder"
Dynamic,Field,"kicquwp.App kicquwp.App.<OnActivated>d__21.<>4__this"
Dynamic,Field,"Windows.ApplicationModel.Activation.IActivatedEventArgs kicquwp.App.<OnActivated>d__21.e"
Dynamic,Field,"System.Runtime.CompilerServices.TaskAwaiter kicquwp.App.<OnActivated>d__21.<>u__1"
Dynamic,Field,"System.String kicquwp.App.<>c__DisplayClass22_0.uin"
Dynamic,Field,"System.Int32 kicquwp.App.<OpenChatPageFromToastAsync>d__22.<>1__state"
Dynamic,Field,"System.Runtime.CompilerServices.AsyncTaskMethodBuilder kicquwp.App.<OpenChatPageFromToastAsync>d__22.<>t__builder"
Dynamic,Field,"System.String kicquwp.App.<OpenChatPageFromToastAsync>d__22.uin"
Dynamic,Field,"kicquwp.App kicquwp.App.<OpenChatPageFromToastAsync>d__22.<>4__this"
Dynamic,Field,"kicquwp.App.<>c__DisplayClass22_0 kicquwp.App.<OpenChatPageFromToastAsync>d__22.<>8__1"
Dynamic,Field,"Windows.UI.Xaml.Controls.Frame kicquwp.App.<OpenChatPageFromToastAsync>d__22.<rootFrame>5__2"
Dynamic,Field,"System.Int32 kicquwp.App.<OpenChatPageFromToastAsync>d__22.<retries>5__3"
Dynamic,Field,"System.Runtime.CompilerServices.TaskAwaiter kicquwp.App.<OpenChatPageFromToastAsync>d__22.<>u__1"
Dynamic,Field,"System.Int32 kicquwp.App.<OnResuming>d__25.<>1__state"
Dynamic,Field,"System.Runtime.CompilerServices.AsyncVoidMethodBuilder kicquwp.App.<OnResuming>d__25.<>t__builder"
Dynamic,Field,"kicquwp.App kicquwp.App.<OnResuming>d__25.<>4__this"
Dynamic,Field,"System.Runtime.CompilerServices.TaskAwaiter kicquwp.App.<OnResuming>d__25.<>u__1"
Dynamic,Field,"System.Int32 kicquwp.ChatPage.<OnNavigatedTo>d__15.<>1__state"
Dynamic,Field,"System.Runtime.CompilerServices.AsyncVoidMethodBuilder kicquwp.ChatPage.<OnNavigatedTo>d__15.<>t__builder"
Dynamic,Field,"kicquwp.ChatPage kicquwp.ChatPage.<OnNavigatedTo>d__15.<>4__this"
Dynamic,Field,"Windows.UI.Xaml.Navigation.NavigationEventArgs kicquwp.ChatPage.<OnNavigatedTo>d__15.e"
Dynamic,Field,"System.String kicquwp.ChatPage.<OnNavigatedTo>d__15.<forwardText>5__2"
Dynamic,Field,"System.Runtime.CompilerServices.TaskAwaiter kicquwp.ChatPage.<OnNavigatedTo>d__15.<>u__1"
Dynamic,Field,"System.Collections.Generic.List<System.String[]>.Enumerator kicquwp.ChatPage.<OnNavigatedTo>d__15.<>7__wrap2"
Dynamic,Field,"System.Int32 kicquwp.ChatPage.<OnChatConnectionLost>d__16.<>1__state"
Dynamic,Field,"System.Runtime.CompilerServices.AsyncVoidMethodBuilder kicquwp.ChatPage.<OnChatConnectionLost>d__16.<>t__builder"
Dynamic,Field,"kicquwp.ChatPage kicquwp.ChatPage.<OnChatConnectionLost>d__16.<>4__this"
Dynamic,Field,"System.Runtime.CompilerServices.TaskAwaiter kicquwp.ChatPage.<OnChatConnectionLost>d__16.<>u__1"
Dynamic,Field,"System.Int32 kicquwp.ChatPage.<AddToContacts_Click>d__20.<>1__state"
Dynamic,Field,"System.Runtime.CompilerServices.AsyncVoidMethodBuilder kicquwp.ChatPage.<AddToContacts_Click>d__20.<>t__builder"
Dynamic,Field,"kicquwp.ChatPage kicquwp.ChatPage.<AddToContacts_Click>d__20.<>4__this"
Dynamic,Field,"System.Object kicquwp.ChatPage.<AddToContacts_Click>d__20.<>7__wrap1"
Dynamic,Field,"System.Int32 kicquwp.ChatPage.<AddToContacts_Click>d__20.<>7__wrap2"
Dynamic,Field,"System.Runtime.CompilerServices.TaskAwaiter kicquwp.ChatPage.<AddToContacts_Click>d__20.<>u__1"
Dynamic,Field,"System.Int32 kicquwp.ChatPage.<ContactInfo_Click>d__22.<>1__state"
Dynamic,Field,"System.Runtime.CompilerServices.AsyncVoidMethodBuilder kicquwp.ChatPage.<ContactInfo_Click>d__22.<>t__builder"
Dynamic,Field,"kicquwp.ChatPage kicquwp.ChatPage.<ContactInfo_Click>d__22.<>4__this"
Dynamic,Field,"System.Text.StringBuilder kicquwp.ChatPage.<ContactInfo_Click>d__22.<sb>5__2"
Dynamic,Field,"kicquwp.OscarProtocol.UserFullInfo kicquwp.ChatPage.<ContactInfo_Click>d__22.<fullInfo>5__3"
Dynamic,Field,"System.Runtime.CompilerServices.TaskAwaiter<kicquwp.OscarProtocol.UserFullInfo> kicquwp.ChatPage.<ContactInfo_Click>d__22.<>u__1"
Dynamic,Field,"System.Runtime.CompilerServices.TaskAwaiter<Windows.UI.Xaml.Controls.ContentDialogResult> kicquwp.ChatPage.<ContactInfo_Click>d__22.<>u__2"
Dynamic,Field,"System.Int32 kicquwp.ChatPage.<RenameContact_Click>d__23.<>1__state"
Dynamic,Field,"System.Runtime.CompilerServices.AsyncVoidMethodBuilder kicquwp.ChatPage.<RenameContact_Click>d__23.<>t__builder"
Dynamic,Field,"kicquwp.ChatPage kicquwp.ChatPage.<RenameContact_Click>d__23.<>4__this"
Dynamic,Field,"System.Runtime.CompilerServices.TaskAwaiter kicquwp.ChatPage.<RenameContact_Click>d__23.<>u__1"
Dynamic,Field,"System.Int32 kicquwp.ChatPage.<DeleteContact_Click>d__24.<>1__state"
Dynamic,Field,"System.Runtime.CompilerServices.AsyncVoidMethodBuilder kicquwp.ChatPage.<DeleteContact_Click>d__24.<>t__builder"
Dynamic,Field,"kicquwp.ChatPage kicquwp.ChatPage.<DeleteContact_Click>d__24.<>4__this"
Dynamic,Field,"System.Runtime.CompilerServices.TaskAwaiter<Windows.UI.Xaml.Controls.ContentDialogResult> kicquwp.ChatPage.<DeleteContact_Click>d__24.<>u__1"
Dynamic,Field,"System.Object kicquwp.ChatPage.<DeleteContact_Click>d__24.<>7__wrap1"
Dynamic,Field,"System.Int32 kicquwp.ChatPage.<DeleteContact_Click>d__24.<>7__wrap2"
Dynamic,Field,"System.Runtime.CompilerServices.TaskAwaiter kicquwp.ChatPage.<DeleteContact_Click>d__24.<>u__2"
Dynamic,Field,"System.Int32 kicquwp.ChatPage.<ClearChat_Click>d__25.<>1__state"
Dynamic,Field,"System.Runtime.CompilerServices.AsyncVoidMethodBuilder kicquwp.ChatPage.<ClearChat_Click>d__25.<>t__builder"
Dynamic,Field,"kicquwp.ChatPage kicquwp.ChatPage.<ClearChat_Click>d__25.<>4__this"
Dynamic,Field,"System.Runtime.CompilerServices.TaskAwaiter<Windows.UI.Xaml.Controls.ContentDialogResult> kicquwp.ChatPage.<ClearChat_Click>d__25.<>u__1"
Dynamic,Field,"System.Runtime.CompilerServices.TaskAwaiter<Windows.Storage.StorageFile> kicquwp.ChatPage.<ClearChat_Click>d__25.<>u__2"
Dynamic,Field,"System.Runtime.CompilerServices.TaskAwaiter kicquwp.ChatPage.<ClearChat_Click>d__25.<>u__3"
Dynamic,Field,"Windows.UI.Xaml.Controls.TextBox kicquwp.ChatPage.<>c__DisplayClass26_0.input"
Dynamic,Field,"System.Int32 kicquwp.ChatPage.<ShowRenameDialogAsync>d__26.<>1__state"
Dynamic,Field,"System.Runtime.CompilerServices.AsyncTaskMethodBuilder kicquwp.ChatPage.<ShowRenameDialogAsync>d__26.<>t__builder"
Dynamic,Field,"Contact kicquwp.ChatPage.<ShowRenameDialogAsync>d__26.contact"
Dynamic,Field,"kicquwp.ChatPage.<>c__DisplayClass26_0 kicquwp.ChatPage.<ShowRenameDialogAsync>d__26.<>8__1"
Dynamic,Field,"System.Func<System.String, System.Threading.Tasks.Task> kicquwp.ChatPage.<ShowRenameDialogAsync>d__26.onSave"
Dynamic,Field,"kicquwp.ChatPage kicquwp.ChatPage.<ShowRenameDialogAsync>d__26.<>4__this"
Dynamic,Field,"System.Runtime.CompilerServices.TaskAwaiter<Windows.UI.Xaml.Controls.ContentDialogResult> kicquwp.ChatPage.<ShowRenameDialogAsync>d__26.<>u__1"
Dynamic,Field,"System.Object kicquwp.ChatPage.<ShowRenameDialogAsync>d__26.<>7__wrap1"
Dynamic,Field,"System.Int32 kicquwp.ChatPage.<ShowRenameDialogAsync>d__26.<>7__wrap2"
Dynamic,Field,"System.Runtime.CompilerServices.TaskAwaiter kicquwp.ChatPage.<ShowRenameDialogAsync>d__26.<>u__2"
Dynamic,Field,"System.String kicquwp.ChatPage.<>c__DisplayClass27_0.text"
Dynamic,Field,"kicquwp.ChatPage kicquwp.ChatPage.<>c__DisplayClass27_0.<>4__this"
Dynamic,Field,"System.Int32 kicquwp.ChatPage.<OnIncomingMessage>d__27.<>1__state"
Dynamic,Field,"System.Runtime.CompilerServices.AsyncVoidMethodBuilder kicquwp.ChatPage.<OnIncomingMessage>d__27.<>t__builder"
Dynamic,Field,"System.String kicquwp.ChatPage.<OnIncomingMessage>d__27.text"
Dynamic,Field,"kicquwp.ChatPage kicquwp.ChatPage.<OnIncomingMessage>d__27.<>4__this"
Dynamic,Field,"System.String kicquwp.ChatPage.<OnIncomingMessage>d__27.senderUin"
Dynamic,Field,"System.Runtime.CompilerServices.TaskAwaiter kicquwp.ChatPage.<OnIncomingMessage>d__27.<>u__1"
Dynamic,Field,"System.Int32 kicquwp.ChatPage.<SendMessage_Click>d__28.<>1__state"
Dynamic,Field,"System.Runtime.CompilerServices.AsyncVoidMethodBuilder kicquwp.ChatPage.<SendMessage_Click>d__28.<>t__builder"
Dynamic,Field,"kicquwp.ChatPage kicquwp.ChatPage.<SendMessage_Click>d__28.<>4__this"
Dynamic,Field,"System.Runtime.CompilerServices.TaskAwaiter kicquwp.ChatPage.<SendMessage_Click>d__28.<>u__1"
Dynamic,Field,"System.Int32 kicquwp.ChatPage.<MessageTextBox_KeyDown>d__29.<>1__state"
Dynamic,Field,"System.Runtime.CompilerServices.AsyncVoidMethodBuilder kicquwp.ChatPage.<MessageTextBox_KeyDown>d__29.<>t__builder"
Dynamic,Field,"Windows.UI.Xaml.Input.KeyRoutedEventArgs kicquwp.ChatPage.<MessageTextBox_KeyDown>d__29.e"
Dynamic,Field,"kicquwp.ChatPage kicquwp.ChatPage.<MessageTextBox_KeyDown>d__29.<>4__this"
Dynamic,Field,"System.Runtime.CompilerServices.TaskAwaiter kicquwp.ChatPage.<MessageTextBox_KeyDown>d__29.<>u__1"
Dynamic,Field,"kicquwp.ChatPage kicquwp.ChatPage.<>c__DisplayClass30_0.<>4__this"
Dynamic,Field,"System.String kicquwp.ChatPage.<>c__DisplayClass30_0.finalText"
Dynamic,Field,"kicquwp.ChatPage.<>c kicquwp.ChatPage.<>c.<>9"
Dynamic,Field,"System.Func<System.String, System.String> kicquwp.ChatPage.<>c.<>9__30_0"
Dynamic,Field,"System.Int32 kicquwp.ChatPage.<SendCurrentMessageAsync>d__30.<>1__state"
Dynamic,Field,"System.Runtime.CompilerServices.AsyncTaskMethodBuilder kicquwp.ChatPage.<SendCurrentMessageAsync>d__30.<>t__builder"
Dynamic,Field,"kicquwp.ChatPage kicquwp.ChatPage.<SendCurrentMessageAsync>d__30.<>4__this"
Dynamic,Field,"kicquwp.ChatPage.<>c__DisplayClass30_0 kicquwp.ChatPage.<SendCurrentMessageAsync>d__30.<>8__1"
Dynamic,Field,"System.Runtime.CompilerServices.TaskAwaiter kicquwp.ChatPage.<SendCurrentMessageAsync>d__30.<>u__1"
Dynamic,Field,"System.Object kicquwp.ChatPage.<SendCurrentMessageAsync>d__30.<>7__wrap1"
Dynamic,Field,"System.Int32 kicquwp.ChatPage.<SendCurrentMessageAsync>d__30.<>7__wrap2"
Dynamic,Field,"kicquwp.ChatPage kicquwp.ChatPage.<>c__DisplayClass31_0.<>4__this"
Dynamic,Field,"System.UInt16 kicquwp.ChatPage.<>c__DisplayClass31_0.type"
Dynamic,Field,"System.Int32 kicquwp.ChatPage.<OnTypingNotification>d__31.<>1__state"
Dynamic,Field,"System.Runtime.CompilerServices.AsyncVoidMethodBuilder kicquwp.ChatPage.<OnTypingNotification>d__31.<>t__builder"
Dynamic,Field,"kicquwp.ChatPage kicquwp.ChatPage.<OnTypingNotification>d__31.<>4__this"
Dynamic,Field,"System.UInt16 kicquwp.ChatPage.<OnTypingNotification>d__31.type"
Dynamic,Field,"System.String kicquwp.ChatPage.<OnTypingNotification>d__31.senderUin"
Dynamic,Field,"System.Runtime.CompilerServices.TaskAwaiter kicquwp.ChatPage.<OnTypingNotification>d__31.<>u__1"
Dynamic,Field,"System.Int32 kicquwp.ChatPage.<MessageTextBox_TextChanged>d__32.<>1__state"
Dynamic,Field,"System.Runtime.CompilerServices.AsyncVoidMethodBuilder kicquwp.ChatPage.<MessageTextBox_TextChanged>d__32.<>t__builder"
Dynamic,Field,"kicquwp.ChatPage kicquwp.ChatPage.<MessageTextBox_TextChanged>d__32.<>4__this"
Dynamic,Field,"System.Runtime.CompilerServices.TaskAwaiter kicquwp.ChatPage.<MessageTextBox_TextChanged>d__32.<>u__1"
Dynamic,Field,"System.Int32 kicquwp.ChatPage.<OnTypingTimerTick>d__33.<>1__state"
Dynamic,Field,"System.Runtime.CompilerServices.AsyncVoidMethodBuilder kicquwp.ChatPage.<OnTypingTimerTick>d__33.<>t__builder"
Dynamic,Field,"kicquwp.ChatPage kicquwp.ChatPage.<OnTypingTimerTick>d__33.<>4__this"
Dynamic,Field,"System.Runtime.CompilerServices.TaskAwaiter kicquwp.ChatPage.<OnTypingTimerTick>d__33.<>u__1"
Dynamic,Field,"kicquwp.ChatPage kicquwp.ChatPage.<>c__DisplayClass34_0.<>4__this"
Dynamic,Field,"kicquwp.ChatMessage kicquwp.ChatPage.<>c__DisplayClass34_0.msg"
Dynamic,Field,"System.Int32 kicquwp.ChatPage.<ForwardMessageAsync>d__38.<>1__state"
Dynamic,Field,"System.Runtime.CompilerServices.AsyncTaskMethodBuilder kicquwp.ChatPage.<ForwardMessageAsync>d__38.<>t__builder"
Dynamic,Field,"kicquwp.ChatPage kicquwp.ChatPage.<ForwardMessageAsync>d__38.<>4__this"
Dynamic,Field,"kicquwp.ChatMessage kicquwp.ChatPage.<ForwardMessageAsync>d__38.msg"
Dynamic,Field,"System.Runtime.CompilerServices.TaskAwaiter kicquwp.ChatPage.<ForwardMessageAsync>d__38.<>u__1"
Dynamic,Field,"System.Int32 kicquwp.ChatPage.<ShowForwardContactPickerAsync>d__39.<>1__state"
Dynamic,Field,"System.Runtime.CompilerServices.AsyncTaskMethodBuilder kicquwp.ChatPage.<ShowForwardContactPickerAsync>d__39.<>t__builder"
Dynamic,Field,"kicquwp.ChatPage kicquwp.ChatPage.<ShowForwardContactPickerAsync>d__39.<>4__this"
Dynamic,Field,"System.String kicquwp.ChatPage.<ShowForwardContactPickerAsync>d__39.textToForward"
Dynamic,Field,"Windows.UI.Xaml.Controls.ListBox kicquwp.ChatPage.<ShowForwardContactPickerAsync>d__39.<listBox>5__2"
Dynamic,Field,"System.Runtime.CompilerServices.TaskAwaiter<System.Collections.ObjectModel.ObservableCollection<Contact>> kicquwp.ChatPage.<ShowForwardContactPickerAsync>d__39.<>u__1"
Dynamic,Field,"System.Runtime.CompilerServices.TaskAwaiter kicquwp.ChatPage.<ShowForwardContactPickerAsync>d__39.<>u__2"
Dynamic,Field,"System.Runtime.CompilerServices.TaskAwaiter<Windows.UI.Xaml.Controls.ContentDialogResult> kicquwp.ChatPage.<ShowForwardContactPickerAsync>d__39.<>u__3"
Dynamic,Field,"System.Int32 kicquwp.ChatPage.<LoadEmojiAnimationsAsync>d__41.<>1__state"
Dynamic,Field,"System.Runtime.CompilerServices.AsyncVoidMethodBuilder kicquwp.ChatPage.<LoadEmojiAnimationsAsync>d__41.<>t__builder"
Dynamic,Field,"kicquwp.ChatPage kicquwp.ChatPage.<LoadEmojiAnimationsAsync>d__41.<>4__this"
Dynamic,Field,"System.Runtime.CompilerServices.TaskAwaiter kicquwp.ChatPage.<LoadEmojiAnimationsAsync>d__41.<>u__1"
Dynamic,Field,"System.Int32 kicquwp.ChatPage.<ApplyChatBackgroundAsync>d__47.<>1__state"
Dynamic,Field,"System.Runtime.CompilerServices.AsyncTaskMethodBuilder kicquwp.ChatPage.<ApplyChatBackgroundAsync>d__47.<>t__builder"
Dynamic,Field,"kicquwp.ChatPage kicquwp.ChatPage.<ApplyChatBackgroundAsync>d__47.<>4__this"
Dynamic,Field,"System.String kicquwp.ChatPage.<ApplyChatBackgroundAsync>d__47.<path>5__2"
Dynamic,Field,"System.Runtime.CompilerServices.TaskAwaiter<Windows.Storage.StorageFile> kicquwp.ChatPage.<ApplyChatBackgroundAsync>d__47.<>u__1"
Dynamic,Field,"Windows.Storage.Streams.IRandomAccessStreamWithContentType kicquwp.ChatPage.<ApplyChatBackgroundAsync>d__47.<stream>5__3"
Dynamic,Field,"System.Runtime.CompilerServices.TaskAwaiter<Windows.Storage.Streams.IRandomAccessStreamWithContentType> kicquwp.ChatPage.<ApplyChatBackgroundAsync>d__47.<>u__2"
Dynamic,Field,"Windows.UI.Xaml.Media.Imaging.BitmapImage kicquwp.ChatPage.<ApplyChatBackgroundAsync>d__47.<bitmap>5__4"
Dynamic,Field,"System.Runtime.CompilerServices.TaskAwaiter kicquwp.ChatPage.<ApplyChatBackgroundAsync>d__47.<>u__3"
Dynamic,Field,"System.Int32 kicquwp.ChatPage.<SaveMessageAsync>d__50.<>1__state"
Dynamic,Field,"System.Runtime.CompilerServices.AsyncTaskMethodBuilder kicquwp.ChatPage.<SaveMessageAsync>d__50.<>t__builder"
Dynamic,Field,"kicquwp.ChatMessage kicquwp.ChatPage.<SaveMessageAsync>d__50.msg"
Dynamic,Field,"kicquwp.ChatPage kicquwp.ChatPage.<SaveMessageAsync>d__50.<>4__this"
Dynamic,Field,"System.String kicquwp.ChatPage.<SaveMessageAsync>d__50.<line>5__2"
Dynamic,Field,"System.Runtime.CompilerServices.TaskAwaiter<Windows.Storage.StorageFile> kicquwp.ChatPage.<SaveMessageAsync>d__50.<>u__1"
Dynamic,Field,"System.Runtime.CompilerServices.TaskAwaiter kicquwp.ChatPage.<SaveMessageAsync>d__50.<>u__2"
Dynamic,Field,"System.Int32 kicquwp.ChatPage.<LoadHistoryAsync>d__51.<>1__state"
Dynamic,Field,"System.Runtime.CompilerServices.AsyncTaskMethodBuilder kicquwp.ChatPage.<LoadHistoryAsync>d__51.<>t__builder"
Dynamic,Field,"kicquwp.ChatPage kicquwp.ChatPage.<LoadHistoryAsync>d__51.<>4__this"
Dynamic,Field,"Windows.Storage.StorageFolder kicquwp.ChatPage.<LoadHistoryAsync>d__51.<folder>5__2"
Dynamic,Field,"System.Runtime.CompilerServices.TaskAwaiter<Windows.Storage.StorageFile> kicquwp.ChatPage.<LoadHistoryAsync>d__51.<>u__1"
Dynamic,Field,"System.Runtime.CompilerServices.TaskAwaiter<System.String> kicquwp.ChatPage.<LoadHistoryAsync>d__51.<>u__2"
Dynamic,Field,"System.Text.StringBuilder kicquwp.ChatPage.<LoadHistoryAsync>d__51.<sb>5__3"
Dynamic,Field,"System.Runtime.CompilerServices.TaskAwaiter kicquwp.ChatPage.<LoadHistoryAsync>d__51.<>u__3"
Dynamic,Field,"System.Int32 kicquwp.ChatPage.<ShowErrorDialogAsync>d__52.<>1__state"
Dynamic,Field,"System.Runtime.CompilerServices.AsyncTaskMethodBuilder kicquwp.ChatPage.<ShowErrorDialogAsync>d__52.<>t__builder"
Dynamic,Field,"System.String kicquwp.ChatPage.<ShowErrorDialogAsync>d__52.message"
Dynamic,Field,"System.Runtime.CompilerServices.TaskAwaiter<Windows.UI.Xaml.Controls.ContentDialogResult> kicquwp.ChatPage.<ShowErrorDialogAsync>d__52.<>u__1"
Dynamic,Field,"System.Int32 kicquwp.ChatPage.<ShowDialogAsync>d__53.<>1__state"
Dynamic,Field,"System.Runtime.CompilerServices.AsyncTaskMethodBuilder kicquwp.ChatPage.<ShowDialogAsync>d__53.<>t__builder"
Dynamic,Field,"System.String kicquwp.ChatPage.<ShowDialogAsync>d__53.message"
Dynamic,Field,"System.Runtime.CompilerServices.TaskAwaiter<Windows.UI.Xaml.Controls.ContentDialogResult> kicquwp.ChatPage.<ShowDialogAsync>d__53.<>u__1"
Dynamic,Field,"System.Int32 kicquwp.ChatPage.<ShowInfoDialogAsync>d__54.<>1__state"
Dynamic,Field,"System.Runtime.CompilerServices.AsyncTaskMethodBuilder kicquwp.ChatPage.<ShowInfoDialogAsync>d__54.<>t__builder"
Dynamic,Field,"System.String kicquwp.ChatPage.<ShowInfoDialogAsync>d__54.title"
Dynamic,Field,"System.String kicquwp.ChatPage.<ShowInfoDialogAsync>d__54.message"
Dynamic,Field,"System.Runtime.CompilerServices.TaskAwaiter<Windows.UI.Xaml.Controls.ContentDialogResult> kicquwp.ChatPage.<ShowInfoDialogAsync>d__54.<>u__1"
Dynamic,Field,"System.Int32 kicquwp.ChatPage.<<RenameContact_Click>b__23_0>d.<>1__state"
Dynamic,Field,"System.Runtime.CompilerServices.AsyncTaskMethodBuilder kicquwp.ChatPage.<<RenameContact_Click>b__23_0>d.<>t__builder"
Dynamic,Field,"kicquwp.ChatPage kicquwp.ChatPage.<<RenameContact_Click>b__23_0>d.<>4__this"
Dynamic,Field,"System.String kicquwp.ChatPage.<<RenameContact_Click>b__23_0>d.newName"
Dynamic,Field,"System.Runtime.CompilerServices.TaskAwaiter kicquwp.ChatPage.<<RenameContact_Click>b__23_0>d.<>u__1"
Dynamic,Field,"System.Int32 kicquwp.ContactStorage.<SaveContactsToFileAsync>d__0.<>1__state"
Dynamic,Field,"System.Runtime.CompilerServices.AsyncTaskMethodBuilder kicquwp.ContactStorage.<SaveContactsToFileAsync>d__0.<>t__builder"
Dynamic,Field,"System.String kicquwp.ContactStorage.<SaveContactsToFileAsync>d__0.uin"
Dynamic,Field,"System.Collections.ObjectModel.ObservableCollection<Contact> kicquwp.ContactStorage.<SaveContactsToFileAsync>d__0.contacts"
Dynamic,Field,"System.Runtime.Serialization.Json.DataContractJsonSerializer kicquwp.ContactStorage.<SaveContactsToFileAsync>d__0.<serializer>5__2"
Dynamic,Field,"System.Runtime.CompilerServices.TaskAwaiter<Windows.Storage.StorageFile> kicquwp.ContactStorage.<SaveContactsToFileAsync>d__0.<>u__1"
Dynamic,Field,"System.Runtime.CompilerServices.TaskAwaiter<System.IO.Stream> kicquwp.ContactStorage.<SaveContactsToFileAsync>d__0.<>u__2"
Dynamic,Field,"System.Int32 kicquwp.ContactStorage.<LoadContactsFromFileAsync>d__1.<>1__state"
Dynamic,Field,"System.Runtime.CompilerServices.AsyncTaskMethodBuilder<System.Collections.Generic.List<Contact>> kicquwp.ContactStorage.<LoadContactsFromFileAsync>d__1.<>t__builder"
Dynamic,Field,"System.String kicquwp.ContactStorage.<LoadContactsFromFileAsync>d__1.uin"
Dynamic,Field,"System.Runtime.CompilerServices.TaskAwaiter<Windows.Storage.StorageFile> kicquwp.ContactStorage.<LoadContactsFromFileAsync>d__1.<>u__1"
Dynamic,Field,"System.Runtime.CompilerServices.TaskAwaiter<System.IO.Stream> kicquwp.ContactStorage.<LoadContactsFromFileAsync>d__1.<>u__2"
Dynamic,Field,"System.Int32 kicquwp.ControlChannelService.<InitializeAsync>d__9.<>1__state"
Dynamic,Field,"System.Runtime.CompilerServices.AsyncTaskMethodBuilder<Windows.Networking.Sockets.ControlChannelTrigger> kicquwp.ControlChannelService.<InitializeAsync>d__9.<>t__builder"
Dynamic,Field,"kicquwp.ControlChannelService kicquwp.ControlChannelService.<InitializeAsync>d__9.<>4__this"
Dynamic,Field,"System.Runtime.CompilerServices.TaskAwaiter<Windows.ApplicationModel.Background.BackgroundAccessStatus> kicquwp.ControlChannelService.<InitializeAsync>d__9.<>u__1"
Dynamic,Field,"kicquwp.FeatureItem.<>c kicquwp.FeatureItem.<>c.<>9"
Dynamic,Field,"System.Int32 kicquwp.GitHubUpdateService.<CheckForUpdatesAsync>d__7.<>1__state"
Dynamic,Field,"System.Runtime.CompilerServices.AsyncTaskMethodBuilder<kicquwp.UpdateCheckResult> kicquwp.GitHubUpdateService.<CheckForUpdatesAsync>d__7.<>t__builder"
Dynamic,Field,"System.Boolean kicquwp.GitHubUpdateService.<CheckForUpdatesAsync>d__7.includePrerelease"
Dynamic,Field,"kicquwp.UpdateCheckResult kicquwp.GitHubUpdateService.<CheckForUpdatesAsync>d__7.<result>5__2"
Dynamic,Field,"System.Runtime.CompilerServices.TaskAwaiter<System.Net.Http.HttpResponseMessage> kicquwp.GitHubUpdateService.<CheckForUpdatesAsync>d__7.<>u__1"
Dynamic,Field,"System.Runtime.CompilerServices.TaskAwaiter<System.String> kicquwp.GitHubUpdateService.<CheckForUpdatesAsync>d__7.<>u__2"
Dynamic,Field,"System.Int32 kicquwp.GitHubUpdateService.<OpenReleasePageAsync>d__8.<>1__state"
Dynamic,Field,"System.Runtime.CompilerServices.AsyncTaskMethodBuilder<System.Boolean> kicquwp.GitHubUpdateService.<OpenReleasePageAsync>d__8.<>t__builder"
Dynamic,Field,"System.String kicquwp.GitHubUpdateService.<OpenReleasePageAsync>d__8.url"
Dynamic,Field,"System.Runtime.CompilerServices.TaskAwaiter<System.Boolean> kicquwp.GitHubUpdateService.<OpenReleasePageAsync>d__8.<>u__1"
Dynamic,Field,"kicquwp.LoginPage.<>c kicquwp.LoginPage.<>c.<>9"
Dynamic,Field,"System.Action kicquwp.LoginPage.<>c.<>9__3_0"
Dynamic,Field,"System.Action<kicquwp.OscarProtocol> kicquwp.LoginPage.<>c.<>9__3_1"
Dynamic,Field,"System.Int32 kicquwp.LoginPage.<LoginButton_Click>d__3.<>1__state"
Dynamic,Field,"System.Runtime.CompilerServices.AsyncVoidMethodBuilder kicquwp.LoginPage.<LoginButton_Click>d__3.<>t__builder"
Dynamic,Field,"kicquwp.LoginPage kicquwp.LoginPage.<LoginButton_Click>d__3.<>4__this"
Dynamic,Field,"System.Object kicquwp.LoginPage.<LoginButton_Click>d__3.sender"
Dynamic,Field,"System.UInt32 kicquwp.LoginPage.<LoginButton_Click>d__3.<statusCode>5__2"
Dynamic,Field,"System.String kicquwp.LoginPage.<LoginButton_Click>d__3.<login>5__3"
Dynamic,Field,"System.String kicquwp.LoginPage.<LoginButton_Click>d__3.<password>5__4"
Dynamic,Field,"Windows.UI.Xaml.Controls.Button kicquwp.LoginPage.<LoginButton_Click>d__3.<btn>5__5"
Dynamic,Field,"System.Runtime.CompilerServices.TaskAwaiter kicquwp.LoginPage.<LoginButton_Click>d__3.<>u__1"
Dynamic,Field,"System.Object kicquwp.LoginPage.<LoginButton_Click>d__3.<>7__wrap5"
Dynamic,Field,"System.Int32 kicquwp.LoginPage.<LoginButton_Click>d__3.<>7__wrap6"
Dynamic,Field,"System.Runtime.CompilerServices.TaskAwaiter<System.Boolean> kicquwp.LoginPage.<LoginButton_Click>d__3.<>u__2"
Dynamic,Field,"kicquwp.LoginPage kicquwp.LoginPage.<>c__DisplayClass4_0.<>4__this"
Dynamic,Field,"System.String kicquwp.LoginPage.<>c__DisplayClass4_0.text"
Dynamic,Field,"System.Int32 kicquwp.LoginPage.<UpdateStatusText>d__4.<>1__state"
Dynamic,Field,"System.Runtime.CompilerServices.AsyncVoidMethodBuilder kicquwp.LoginPage.<UpdateStatusText>d__4.<>t__builder"
Dynamic,Field,"kicquwp.LoginPage kicquwp.LoginPage.<UpdateStatusText>d__4.<>4__this"
Dynamic,Field,"System.String kicquwp.LoginPage.<UpdateStatusText>d__4.text"
Dynamic,Field,"System.Runtime.CompilerServices.TaskAwaiter kicquwp.LoginPage.<UpdateStatusText>d__4.<>u__1"
Dynamic,Field,"System.Int32 kicquwp.LoginPage.<RegButton_Click>d__6.<>1__state"
Dynamic,Field,"System.Runtime.CompilerServices.AsyncVoidMethodBuilder kicquwp.LoginPage.<RegButton_Click>d__6.<>t__builder"
Dynamic,Field,"kicquwp.LoginPage kicquwp.LoginPage.<RegButton_Click>d__6.<>4__this"
Dynamic,Field,"System.Runtime.CompilerServices.TaskAwaiter<Windows.UI.Xaml.Controls.ContentDialogResult> kicquwp.LoginPage.<RegButton_Click>d__6.<>u__1"
Dynamic,Field,"System.Int32 kicquwp.LoginPage.<RegisterDialog_PrimaryButtonClick>d__7.<>1__state"
Dynamic,Field,"System.Runtime.CompilerServices.AsyncVoidMethodBuilder kicquwp.LoginPage.<RegisterDialog_PrimaryButtonClick>d__7.<>t__builder"
Dynamic,Field,"kicquwp.LoginPage kicquwp.LoginPage.<RegisterDialog_PrimaryButtonClick>d__7.<>4__this"
Dynamic,Field,"Windows.UI.Xaml.Controls.ContentDialogButtonClickEventArgs kicquwp.LoginPage.<RegisterDialog_PrimaryButtonClick>d__7.args"
Dynamic,Field,"System.String kicquwp.LoginPage.<RegisterDialog_PrimaryButtonClick>d__7.<password>5__2"
Dynamic,Field,"Windows.UI.Xaml.Controls.ContentDialogButtonClickDeferral kicquwp.LoginPage.<RegisterDialog_PrimaryButtonClick>d__7.<deferral>5__3"
Dynamic,Field,"System.Object kicquwp.LoginPage.<RegisterDialog_PrimaryButtonClick>d__7.<>7__wrap3"
Dynamic,Field,"System.Int32 kicquwp.LoginPage.<RegisterDialog_PrimaryButtonClick>d__7.<>7__wrap4"
Dynamic,Field,"System.Runtime.CompilerServices.TaskAwaiter kicquwp.LoginPage.<RegisterDialog_PrimaryButtonClick>d__7.<>u__1"
Dynamic,Field,"System.Runtime.CompilerServices.TaskAwaiter<System.String> kicquwp.LoginPage.<RegisterDialog_PrimaryButtonClick>d__7.<>u__2"
Dynamic,Field,"System.Int32 kicquwp.LoginPage.<ShowErrorDialog>d__8.<>1__state"
Dynamic,Field,"System.Runtime.CompilerServices.AsyncTaskMethodBuilder kicquwp.LoginPage.<ShowErrorDialog>d__8.<>t__builder"
Dynamic,Field,"System.String kicquwp.LoginPage.<ShowErrorDialog>d__8.message"
Dynamic,Field,"System.Runtime.CompilerServices.TaskAwaiter<Windows.UI.Popups.IUICommand> kicquwp.LoginPage.<ShowErrorDialog>d__8.<>u__1"
Dynamic,Field,"System.Int32 kicquwp.LoginPage.<HelpButton_Click>d__10.<>1__state"
Dynamic,Field,"System.Runtime.CompilerServices.AsyncVoidMethodBuilder kicquwp.LoginPage.<HelpButton_Click>d__10.<>t__builder"
Dynamic,Field,"kicquwp.LoginPage kicquwp.LoginPage.<HelpButton_Click>d__10.<>4__this"
Dynamic,Field,"System.Int32 kicquwp.LoginPage.<ExitButton_Click>d__11.<>1__state"
Dynamic,Field,"System.Runtime.CompilerServices.AsyncVoidMethodBuilder kicquwp.LoginPage.<ExitButton_Click>d__11.<>t__builder"
Dynamic,Field,"System.String kicquwp.LoginPage.<>c__DisplayClass13_0.message"
Dynamic,Field,"System.Int32 kicquwp.LoginPage.<ShowMessageDialog>d__13.<>1__state"
Dynamic,Field,"System.Runtime.CompilerServices.AsyncTaskMethodBuilder kicquwp.LoginPage.<ShowMessageDialog>d__13.<>t__builder"
Dynamic,Field,"System.String kicquwp.LoginPage.<ShowMessageDialog>d__13.message"
Dynamic,Field,"System.Runtime.CompilerServices.TaskAwaiter kicquwp.LoginPage.<ShowMessageDialog>d__13.<>u__1"
Dynamic,Field,"System.Collections.Generic.List<Contact> kicquwp.MainPage.<>c__DisplayClass15_0.saved"
Dynamic,Field,"kicquwp.MainPage kicquwp.MainPage.<>c__DisplayClass15_0.<>4__this"
Dynamic,Field,"System.Int32 kicquwp.MainPage.<InitAsync>d__15.<>1__state"
Dynamic,Field,"System.Runtime.CompilerServices.AsyncTaskMethodBuilder kicquwp.MainPage.<InitAsync>d__15.<>t__builder"
Dynamic,Field,"kicquwp.MainPage kicquwp.MainPage.<InitAsync>d__15.<>4__this"
Dynamic,Field,"kicquwp.MainPage.<>c__DisplayClass15_0 kicquwp.MainPage.<InitAsync>d__15.<>8__1"
Dynamic,Field,"System.Runtime.CompilerServices.TaskAwaiter<System.String> kicquwp.MainPage.<InitAsync>d__15.<>u__1"
Dynamic,Field,"System.Runtime.CompilerServices.TaskAwaiter<System.Collections.Generic.List<Contact>> kicquwp.MainPage.<InitAsync>d__15.<>u__2"
Dynamic,Field,"System.Runtime.CompilerServices.TaskAwaiter kicquwp.MainPage.<InitAsync>d__15.<>u__3"
Dynamic,Field,"System.Int32 kicquwp.MainPage.<LoadLastUsedUinAsync>d__17.<>1__state"
Dynamic,Field,"System.Runtime.CompilerServices.AsyncTaskMethodBuilder<System.String> kicquwp.MainPage.<LoadLastUsedUinAsync>d__17.<>t__builder"
Dynamic,Field,"System.Runtime.CompilerServices.TaskAwaiter<Windows.Storage.StorageFile> kicquwp.MainPage.<LoadLastUsedUinAsync>d__17.<>u__1"
Dynamic,Field,"System.Runtime.CompilerServices.TaskAwaiter<System.String> kicquwp.MainPage.<LoadLastUsedUinAsync>d__17.<>u__2"
Dynamic,Field,"System.Int32 kicquwp.MainPage.<SaveLastUsedUinAsync>d__18.<>1__state"
Dynamic,Field,"System.Runtime.CompilerServices.AsyncTaskMethodBuilder kicquwp.MainPage.<SaveLastUsedUinAsync>d__18.<>t__builder"
Dynamic,Field,"System.String kicquwp.MainPage.<SaveLastUsedUinAsync>d__18.uin"
Dynamic,Field,"System.Runtime.CompilerServices.TaskAwaiter<Windows.Storage.StorageFile> kicquwp.MainPage.<SaveLastUsedUinAsync>d__18.<>u__1"
Dynamic,Field,"System.Runtime.CompilerServices.TaskAwaiter kicquwp.MainPage.<SaveLastUsedUinAsync>d__18.<>u__2"
Dynamic,Field,"System.Int32 kicquwp.MainPage.<ContactItem_Holding>d__23.<>1__state"
Dynamic,Field,"System.Runtime.CompilerServices.AsyncVoidMethodBuilder kicquwp.MainPage.<ContactItem_Holding>d__23.<>t__builder"
Dynamic,Field,"Windows.UI.Xaml.Input.HoldingRoutedEventArgs kicquwp.MainPage.<ContactItem_Holding>d__23.e"
Dynamic,Field,"System.Object kicquwp.MainPage.<ContactItem_Holding>d__23.sender"
Dynamic,Field,"kicquwp.MainPage kicquwp.MainPage.<ContactItem_Holding>d__23.<>4__this"
Dynamic,Field,"System.Runtime.CompilerServices.TaskAwaiter kicquwp.MainPage.<ContactItem_Holding>d__23.<>u__1"
Dynamic,Field,"System.Int32 kicquwp.MainPage.<OnConnectionLostHandler>d__24.<>1__state"
Dynamic,Field,"System.Runtime.CompilerServices.AsyncVoidMethodBuilder kicquwp.MainPage.<OnConnectionLostHandler>d__24.<>t__builder"
Dynamic,Field,"kicquwp.MainPage kicquwp.MainPage.<OnConnectionLostHandler>d__24.<>4__this"
Dynamic,Field,"System.Runtime.CompilerServices.TaskAwaiter kicquwp.MainPage.<OnConnectionLostHandler>d__24.<>u__1"
Dynamic,Field,"System.Int32 kicquwp.MainPage.<ShowContactContextMenuAsync>d__25.<>1__state"
Dynamic,Field,"System.Runtime.CompilerServices.AsyncTaskMethodBuilder kicquwp.MainPage.<ShowContactContextMenuAsync>d__25.<>t__builder"
Dynamic,Field,"Contact kicquwp.MainPage.<ShowContactContextMenuAsync>d__25.contact"
Dynamic,Field,"kicquwp.MainPage kicquwp.MainPage.<ShowContactContextMenuAsync>d__25.<>4__this"
Dynamic,Field,"System.Runtime.CompilerServices.TaskAwaiter kicquwp.MainPage.<ShowContactContextMenuAsync>d__25.<>u__1"
Dynamic,Field,"System.Int32 kicquwp.MainPage.<ShowTemporaryContactMenuAsync>d__26.<>1__state"
Dynamic,Field,"System.Runtime.CompilerServices.AsyncTaskMethodBuilder kicquwp.MainPage.<ShowTemporaryContactMenuAsync>d__26.<>t__builder"
Dynamic,Field,"Contact kicquwp.MainPage.<ShowTemporaryContactMenuAsync>d__26.contact"
Dynamic,Field,"kicquwp.MainPage kicquwp.MainPage.<ShowTemporaryContactMenuAsync>d__26.<>4__this"
Dynamic,Field,"System.Runtime.CompilerServices.TaskAwaiter<Windows.UI.Xaml.Controls.ContentDialogResult> kicquwp.MainPage.<ShowTemporaryContactMenuAsync>d__26.<>u__1"
Dynamic,Field,"System.Object kicquwp.MainPage.<ShowTemporaryContactMenuAsync>d__26.<>7__wrap1"
Dynamic,Field,"System.Int32 kicquwp.MainPage.<ShowTemporaryContactMenuAsync>d__26.<>7__wrap2"
Dynamic,Field,"System.Runtime.CompilerServices.TaskAwaiter kicquwp.MainPage.<ShowTemporaryContactMenuAsync>d__26.<>u__2"
Dynamic,Field,"System.Int32 kicquwp.MainPage.<ShowRegularContactMenuAsync>d__27.<>1__state"
Dynamic,Field,"System.Runtime.CompilerServices.AsyncTaskMethodBuilder kicquwp.MainPage.<ShowRegularContactMenuAsync>d__27.<>t__builder"
Dynamic,Field,"Contact kicquwp.MainPage.<ShowRegularContactMenuAsync>d__27.contact"
Dynamic,Field,"kicquwp.MainPage kicquwp.MainPage.<ShowRegularContactMenuAsync>d__27.<>4__this"
Dynamic,Field,"System.Runtime.CompilerServices.TaskAwaiter<Windows.UI.Xaml.Controls.ContentDialogResult> kicquwp.MainPage.<ShowRegularContactMenuAsync>d__27.<>u__1"
Dynamic,Field,"System.Runtime.CompilerServices.TaskAwaiter kicquwp.MainPage.<ShowRegularContactMenuAsync>d__27.<>u__2"
Dynamic,Field,"System.Int32 kicquwp.MainPage.<ShowEditDeleteMenuAsync>d__28.<>1__state"
Dynamic,Field,"System.Runtime.CompilerServices.AsyncTaskMethodBuilder kicquwp.MainPage.<ShowEditDeleteMenuAsync>d__28.<>t__builder"
Dynamic,Field,"Contact kicquwp.MainPage.<ShowEditDeleteMenuAsync>d__28.contact"
Dynamic,Field,"kicquwp.MainPage kicquwp.MainPage.<ShowEditDeleteMenuAsync>d__28.<>4__this"
Dynamic,Field,"System.Runtime.CompilerServices.TaskAwaiter<Windows.UI.Xaml.Controls.ContentDialogResult> kicquwp.MainPage.<ShowEditDeleteMenuAsync>d__28.<>u__1"
Dynamic,Field,"System.Runtime.CompilerServices.TaskAwaiter kicquwp.MainPage.<ShowEditDeleteMenuAsync>d__28.<>u__2"
Dynamic,Field,"Windows.UI.Xaml.Controls.TextBox kicquwp.MainPage.<>c__DisplayClass29_0.input"
Dynamic,Field,"System.Int32 kicquwp.MainPage.<ShowRenameDialogAsync>d__29.<>1__state"
Dynamic,Field,"System.Runtime.CompilerServices.AsyncTaskMethodBuilder kicquwp.MainPage.<ShowRenameDialogAsync>d__29.<>t__builder"
Dynamic,Field,"Contact kicquwp.MainPage.<ShowRenameDialogAsync>d__29.contact"
Dynamic,Field,"kicquwp.MainPage.<>c__DisplayClass29_0 kicquwp.MainPage.<ShowRenameDialogAsync>d__29.<>8__1"
Dynamic,Field,"kicquwp.MainPage kicquwp.MainPage.<ShowRenameDialogAsync>d__29.<>4__this"
Dynamic,Field,"System.Runtime.CompilerServices.TaskAwaiter<Windows.UI.Xaml.Controls.ContentDialogResult> kicquwp.MainPage.<ShowRenameDialogAsync>d__29.<>u__1"
Dynamic,Field,"System.Object kicquwp.MainPage.<ShowRenameDialogAsync>d__29.<>7__wrap1"
Dynamic,Field,"System.Int32 kicquwp.MainPage.<ShowRenameDialogAsync>d__29.<>7__wrap2"
Dynamic,Field,"System.Runtime.CompilerServices.TaskAwaiter kicquwp.MainPage.<ShowRenameDialogAsync>d__29.<>u__2"
Dynamic,Field,"System.Int32 kicquwp.MainPage.<ConfirmAndDeleteContactAsync>d__30.<>1__state"
Dynamic,Field,"System.Runtime.CompilerServices.AsyncTaskMethodBuilder kicquwp.MainPage.<ConfirmAndDeleteContactAsync>d__30.<>t__builder"
Dynamic,Field,"Contact kicquwp.MainPage.<ConfirmAndDeleteContactAsync>d__30.contact"
Dynamic,Field,"kicquwp.MainPage kicquwp.MainPage.<ConfirmAndDeleteContactAsync>d__30.<>4__this"
Dynamic,Field,"System.Runtime.CompilerServices.TaskAwaiter<Windows.UI.Xaml.Controls.ContentDialogResult> kicquwp.MainPage.<ConfirmAndDeleteContactAsync>d__30.<>u__1"
Dynamic,Field,"System.Object kicquwp.MainPage.<ConfirmAndDeleteContactAsync>d__30.<>7__wrap1"
Dynamic,Field,"System.Int32 kicquwp.MainPage.<ConfirmAndDeleteContactAsync>d__30.<>7__wrap2"
Dynamic,Field,"System.Runtime.CompilerServices.TaskAwaiter kicquwp.MainPage.<ConfirmAndDeleteContactAsync>d__30.<>u__2"
Dynamic,Field,"System.Int32 kicquwp.MainPage.<ShowContactInfoAsync>d__31.<>1__state"
Dynamic,Field,"System.Runtime.CompilerServices.AsyncTaskMethodBuilder kicquwp.MainPage.<ShowContactInfoAsync>d__31.<>t__builder"
Dynamic,Field,"Contact kicquwp.MainPage.<ShowContactInfoAsync>d__31.contact"
Dynamic,Field,"System.Runtime.CompilerServices.TaskAwaiter<Windows.UI.Xaml.Controls.ContentDialogResult> kicquwp.MainPage.<ShowContactInfoAsync>d__31.<>u__1"
Dynamic,Field,"Contact kicquwp.MainPage.<>c__DisplayClass32_0.contact"
Dynamic,Field,"kicquwp.MainPage.<>c kicquwp.MainPage.<>c.<>9"
Dynamic,Field,"System.Func<kicquwp.OscarProtocol.SsiGroup, System.String> kicquwp.MainPage.<>c.<>9__32_1"
Dynamic,Field,"System.Func<Contact, System.Int32> kicquwp.MainPage.<>c.<>9__45_0"
Dynamic,Field,"System.Func<Contact, System.String> kicquwp.MainPage.<>c.<>9__45_1"
Dynamic,Field,"System.Func<Contact, System.Boolean> kicquwp.MainPage.<>c.<>9__49_0"
Dynamic,Field,"System.Int32 kicquwp.MainPage.<ShowMoveToGroupDialogAsync>d__32.<>1__state"
Dynamic,Field,"System.Runtime.CompilerServices.AsyncTaskMethodBuilder kicquwp.MainPage.<ShowMoveToGroupDialogAsync>d__32.<>t__builder"
Dynamic,Field,"Contact kicquwp.MainPage.<ShowMoveToGroupDialogAsync>d__32.contact"
Dynamic,Field,"kicquwp.MainPage kicquwp.MainPage.<ShowMoveToGroupDialogAsync>d__32.<>4__this"
Dynamic,Field,"kicquwp.MainPage.<>c__DisplayClass32_0 kicquwp.MainPage.<ShowMoveToGroupDialogAsync>d__32.<>8__1"
Dynamic,Field,"System.Collections.Generic.List<kicquwp.OscarProtocol.SsiGroup> kicquwp.MainPage.<ShowMoveToGroupDialogAsync>d__32.<groups>5__2"
Dynamic,Field,"Windows.UI.Xaml.Controls.ListBox kicquwp.MainPage.<ShowMoveToGroupDialogAsync>d__32.<listBox>5__3"
Dynamic,Field,"System.Runtime.CompilerServices.TaskAwaiter kicquwp.MainPage.<ShowMoveToGroupDialogAsync>d__32.<>u__1"
Dynamic,Field,"System.Runtime.CompilerServices.TaskAwaiter<Windows.UI.Xaml.Controls.ContentDialogResult> kicquwp.MainPage.<ShowMoveToGroupDialogAsync>d__32.<>u__2"
Dynamic,Field,"System.Object kicquwp.MainPage.<ShowMoveToGroupDialogAsync>d__32.<>7__wrap3"
Dynamic,Field,"System.Int32 kicquwp.MainPage.<ShowMoveToGroupDialogAsync>d__32.<>7__wrap4"
Dynamic,Field,"kicquwp.MainPage kicquwp.MainPage.<>c__DisplayClass33_0.<>4__this"
Dynamic,Field,"Contact kicquwp.MainPage.<>c__DisplayClass33_0.contact"
Dynamic,Field,"System.Func<Contact, System.Boolean> kicquwp.MainPage.<>c__DisplayClass33_0.<>9__1"
Dynamic,Field,"kicquwp.MainPage kicquwp.MainPage.<>c__DisplayClass35_0.<>4__this"
Dynamic,Field,"System.String kicquwp.MainPage.<>c__DisplayClass35_0.uin"
Dynamic,Field,"System.Func<Contact, System.Boolean> kicquwp.MainPage.<>c__DisplayClass35_0.<>9__1"
Dynamic,Field,"kicquwp.MainPage kicquwp.MainPage.<>c__DisplayClass39_0.<>4__this"
Dynamic,Field,"System.String kicquwp.MainPage.<>c__DisplayClass39_0.reason"
Dynamic,Field,"System.Int32 kicquwp.MainPage.<OnKickedOut>d__39.<>1__state"
Dynamic,Field,"System.Runtime.CompilerServices.AsyncVoidMethodBuilder kicquwp.MainPage.<OnKickedOut>d__39.<>t__builder"
Dynamic,Field,"kicquwp.MainPage kicquwp.MainPage.<OnKickedOut>d__39.<>4__this"
Dynamic,Field,"System.String kicquwp.MainPage.<OnKickedOut>d__39.reason"
Dynamic,Field,"System.Runtime.CompilerServices.TaskAwaiter kicquwp.MainPage.<OnKickedOut>d__39.<>u__1"
Dynamic,Field,"System.Int32 kicquwp.MainPage.<SetStatus_Click>d__43.<>1__state"
Dynamic,Field,"System.Runtime.CompilerServices.AsyncVoidMethodBuilder kicquwp.MainPage.<SetStatus_Click>d__43.<>t__builder"
Dynamic,Field,"System.Object kicquwp.MainPage.<SetStatus_Click>d__43.sender"
Dynamic,Field,"kicquwp.MainPage kicquwp.MainPage.<SetStatus_Click>d__43.<>4__this"
Dynamic,Field,"System.UInt32 kicquwp.MainPage.<SetStatus_Click>d__43.<statusCode>5__2"
Dynamic,Field,"System.Runtime.CompilerServices.TaskAwaiter kicquwp.MainPage.<SetStatus_Click>d__43.<>u__1"
Dynamic,Field,"System.Int32 kicquwp.MainPage.<LoadContacts>d__46.<>1__state"
Dynamic,Field,"System.Runtime.CompilerServices.AsyncVoidMethodBuilder kicquwp.MainPage.<LoadContacts>d__46.<>t__builder"
Dynamic,Field,"kicquwp.MainPage kicquwp.MainPage.<LoadContacts>d__46.<>4__this"
Dynamic,Field,"System.UInt32 kicquwp.MainPage.<LoadContacts>d__46.statusCode"
Dynamic,Field,"System.Runtime.CompilerServices.TaskAwaiter<System.Collections.ObjectModel.ObservableCollection<Contact>> kicquwp.MainPage.<LoadContacts>d__46.<>u__1"
Dynamic,Field,"System.Int32 kicquwp.MainPage.<ApplySettings>d__47.<>1__state"
Dynamic,Field,"System.Runtime.CompilerServices.AsyncVoidMethodBuilder kicquwp.MainPage.<ApplySettings>d__47.<>t__builder"
Dynamic,Field,"kicquwp.MainPage kicquwp.MainPage.<ApplySettings>d__47.<>4__this"
Dynamic,Field,"System.Runtime.CompilerServices.TaskAwaiter kicquwp.MainPage.<ApplySettings>d__47.<>u__1"
Dynamic,Field,"System.Int32 kicquwp.MainPage.<ApplyBackgroundAsync>d__48.<>1__state"
Dynamic,Field,"System.Runtime.CompilerServices.AsyncTaskMethodBuilder kicquwp.MainPage.<ApplyBackgroundAsync>d__48.<>t__builder"
Dynamic,Field,"System.String kicquwp.MainPage.<ApplyBackgroundAsync>d__48.path"
Dynamic,Field,"kicquwp.MainPage kicquwp.MainPage.<ApplyBackgroundAsync>d__48.<>4__this"
Dynamic,Field,"System.Double kicquwp.MainPage.<ApplyBackgroundAsync>d__48.opacityPercent"
Dynamic,Field,"System.Runtime.CompilerServices.TaskAwaiter<Windows.Storage.StorageFile> kicquwp.MainPage.<ApplyBackgroundAsync>d__48.<>u__1"
Dynamic,Field,"Windows.Storage.Streams.IRandomAccessStreamWithContentType kicquwp.MainPage.<ApplyBackgroundAsync>d__48.<stream>5__2"
Dynamic,Field,"System.Runtime.CompilerServices.TaskAwaiter<Windows.Storage.Streams.IRandomAccessStreamWithContentType> kicquwp.MainPage.<ApplyBackgroundAsync>d__48.<>u__2"
Dynamic,Field,"Windows.UI.Xaml.Media.Imaging.BitmapImage kicquwp.MainPage.<ApplyBackgroundAsync>d__48.<bitmap>5__3"
Dynamic,Field,"System.Runtime.CompilerServices.TaskAwaiter kicquwp.MainPage.<ApplyBackgroundAsync>d__48.<>u__3"
Dynamic,Field,"System.Int32 kicquwp.MainPage.<LogoutButton_Click>d__50.<>1__state"
Dynamic,Field,"System.Runtime.CompilerServices.AsyncVoidMethodBuilder kicquwp.MainPage.<LogoutButton_Click>d__50.<>t__builder"
Dynamic,Field,"kicquwp.MainPage kicquwp.MainPage.<LogoutButton_Click>d__50.<>4__this"
Dynamic,Field,"System.Runtime.CompilerServices.TaskAwaiter kicquwp.MainPage.<LogoutButton_Click>d__50.<>u__1"
Dynamic,Field,"System.Int32 kicquwp.MainPage.<ShowErrorDialogAsync>d__58.<>1__state"
Dynamic,Field,"System.Runtime.CompilerServices.AsyncTaskMethodBuilder kicquwp.MainPage.<ShowErrorDialogAsync>d__58.<>t__builder"
Dynamic,Field,"System.String kicquwp.MainPage.<ShowErrorDialogAsync>d__58.message"
Dynamic,Field,"System.Runtime.CompilerServices.TaskAwaiter<Windows.UI.Xaml.Controls.ContentDialogResult> kicquwp.MainPage.<ShowErrorDialogAsync>d__58.<>u__1"
Dynamic,Field,"System.Int32 kicquwp.MainPage.<ShowInfoDialogAsync>d__59.<>1__state"
Dynamic,Field,"System.Runtime.CompilerServices.AsyncTaskMethodBuilder kicquwp.MainPage.<ShowInfoDialogAsync>d__59.<>t__builder"
Dynamic,Field,"System.String kicquwp.MainPage.<ShowInfoDialogAsync>d__59.title"
Dynamic,Field,"System.String kicquwp.MainPage.<ShowInfoDialogAsync>d__59.message"
Dynamic,Field,"System.Runtime.CompilerServices.TaskAwaiter<Windows.UI.Xaml.Controls.ContentDialogResult> kicquwp.MainPage.<ShowInfoDialogAsync>d__59.<>u__1"
Dynamic,Field,"System.Int32 kicquwp.MainPage.<<ApplySettings>b__47_0>d.<>1__state"
Dynamic,Field,"System.Runtime.CompilerServices.AsyncVoidMethodBuilder kicquwp.MainPage.<<ApplySettings>b__47_0>d.<>t__builder"
Dynamic,Field,"kicquwp.MainPage kicquwp.MainPage.<<ApplySettings>b__47_0>d.<>4__this"
Dynamic,Field,"Windows.Storage.ApplicationDataContainer kicquwp.MainPage.<<ApplySettings>b__47_0>d.<settings>5__2"
Dynamic,Field,"System.Double kicquwp.MainPage.<<ApplySettings>b__47_0>d.<cd>5__3"
Dynamic,Field,"System.Runtime.CompilerServices.TaskAwaiter kicquwp.MainPage.<<ApplySettings>b__47_0>d.<>u__1"
Dynamic,Field,"System.Int32 kicquwp.NotificationService.<OnMessageReceived>d__12.<>1__state"
Dynamic,Field,"System.Runtime.CompilerServices.AsyncTaskMethodBuilder kicquwp.NotificationService.<OnMessageReceived>d__12.<>t__builder"
Dynamic,Field,"kicquwp.NotificationService kicquwp.NotificationService.<OnMessageReceived>d__12.<>4__this"
Dynamic,Field,"System.String kicquwp.NotificationService.<OnMessageReceived>d__12.senderUin"
Dynamic,Field,"System.String kicquwp.NotificationService.<OnMessageReceived>d__12.senderName"
Dynamic,Field,"System.String kicquwp.NotificationService.<OnMessageReceived>d__12.text"
Dynamic,Field,"Windows.UI.Core.CoreDispatcher kicquwp.NotificationService.<OnMessageReceived>d__12.dispatcher"
Dynamic,Field,"Windows.Storage.ApplicationDataContainer kicquwp.NotificationService.<OnMessageReceived>d__12.<settings>5__2"
Dynamic,Field,"System.Runtime.CompilerServices.TaskAwaiter kicquwp.NotificationService.<OnMessageReceived>d__12.<>u__1"
Dynamic,Field,"kicquwp.NotificationService.<>c kicquwp.NotificationService.<>c.<>9"
Dynamic,Field,"Windows.UI.Core.DispatchedHandler kicquwp.NotificationService.<>c.<>9__19_0"
Dynamic,Field,"System.Int32 kicquwp.NotificationService.<PlaySound>d__19.<>1__state"
Dynamic,Field,"System.Runtime.CompilerServices.AsyncVoidMethodBuilder kicquwp.NotificationService.<PlaySound>d__19.<>t__builder"
Dynamic,Field,"Windows.UI.Core.CoreDispatcher kicquwp.NotificationService.<PlaySound>d__19.dispatcher"
Dynamic,Field,"System.Runtime.CompilerServices.TaskAwaiter kicquwp.NotificationService.<PlaySound>d__19.<>u__1"
Dynamic,Field,"System.UInt16 kicquwp.OscarProtocol.SsiGroup.<GroupId>k__BackingField"
Dynamic,Field,"System.UInt16 kicquwp.OscarProtocol.SsiGroup.<ItemId>k__BackingField"
Dynamic,Field,"System.String kicquwp.OscarProtocol.SsiGroup.<Name>k__BackingField"
Dynamic,Field,"System.Collections.Generic.List<System.UInt16> kicquwp.OscarProtocol.SsiGroup.<MemberIds>k__BackingField"
Dynamic,Field,"System.String kicquwp.OscarProtocol.UserFullInfo.<Nickname>k__BackingField"
Dynamic,Field,"System.String kicquwp.OscarProtocol.UserFullInfo.<FirstName>k__BackingField"
Dynamic,Field,"System.String kicquwp.OscarProtocol.UserFullInfo.<LastName>k__BackingField"
Dynamic,Field,"System.String kicquwp.OscarProtocol.UserFullInfo.<Email>k__BackingField"
Dynamic,Field,"System.String kicquwp.OscarProtocol.UserFullInfo.<HomeCity>k__BackingField"
Dynamic,Field,"System.String kicquwp.OscarProtocol.UserFullInfo.<HomeState>k__BackingField"
Dynamic,Field,"System.String kicquwp.OscarProtocol.UserFullInfo.<HomePhone>k__BackingField"
Dynamic,Field,"System.String kicquwp.OscarProtocol.UserFullInfo.<HomeFax>k__BackingField"
Dynamic,Field,"System.String kicquwp.OscarProtocol.UserFullInfo.<HomeAddress>k__BackingField"
Dynamic,Field,"System.String kicquwp.OscarProtocol.UserFullInfo.<CellPhone>k__BackingField"
Dynamic,Field,"System.String kicquwp.OscarProtocol.UserFullInfo.<HomeZip>k__BackingField"
Dynamic,Field,"System.UInt16 kicquwp.OscarProtocol.UserFullInfo.<HomeCountryCode>k__BackingField"
Dynamic,Field,"System.Byte kicquwp.OscarProtocol.UserFullInfo.<GmtOffset>k__BackingField"
Dynamic,Field,"System.Byte kicquwp.OscarProtocol.UserFullInfo.<AuthFlag>k__BackingField"
Dynamic,Field,"System.Byte kicquwp.OscarProtocol.UserFullInfo.<WebAware>k__BackingField"
Dynamic,Field,"System.Byte kicquwp.OscarProtocol.UserFullInfo.<DirectConnectPerm>k__BackingField"
Dynamic,Field,"System.Byte kicquwp.OscarProtocol.UserFullInfo.<PublishEmail>k__BackingField"
Dynamic,Field,"System.UInt16 kicquwp.OscarProtocol.SnacFlags.MoreData"
Dynamic,Field,"System.UInt16 kicquwp.OscarProtocol.SnacFlags.ServerBusy"
Dynamic,Field,"System.UInt16 kicquwp.OscarProtocol.SnacFlags.Error"
Dynamic,Field,"System.UInt16 kicquwp.OscarProtocol.SnacPacket.<Family>k__BackingField"
Dynamic,Field,"System.UInt16 kicquwp.OscarProtocol.SnacPacket.<Subtype>k__BackingField"
Dynamic,Field,"System.UInt16 kicquwp.OscarProtocol.SnacPacket.<Flags>k__BackingField"
Dynamic,Field,"System.UInt32 kicquwp.OscarProtocol.SnacPacket.<RequestId>k__BackingField"
Dynamic,Field,"System.Byte[] kicquwp.OscarProtocol.SnacPacket.<Data>k__BackingField"
Dynamic,Field,"System.Byte kicquwp.OscarProtocol.FlapFrame.<StartMarker>k__BackingField"
Dynamic,Field,"System.Byte kicquwp.OscarProtocol.FlapFrame.<Channel>k__BackingField"
Dynamic,Field,"System.UInt16 kicquwp.OscarProtocol.FlapFrame.<Sequence>k__BackingField"
Dynamic,Field,"System.UInt16 kicquwp.OscarProtocol.FlapFrame.<DataLength>k__BackingField"
Dynamic,Field,"System.Byte[] kicquwp.OscarProtocol.FlapFrame.<Data>k__BackingField"
Dynamic,Field,"System.UInt16 kicquwp.OscarProtocol.UserStatus.Online"
Dynamic,Field,"System.UInt16 kicquwp.OscarProtocol.UserStatus.Away"
Dynamic,Field,"System.UInt16 kicquwp.OscarProtocol.UserStatus.Dnd"
Dynamic,Field,"System.UInt16 kicquwp.OscarProtocol.UserStatus.Na"
Dynamic,Field,"System.UInt16 kicquwp.OscarProtocol.UserStatus.Occupied"
Dynamic,Field,"System.UInt16 kicquwp.OscarProtocol.UserStatus.Free4Chat"
Dynamic,Field,"System.UInt16 kicquwp.OscarProtocol.UserStatus.Invisible"
Dynamic,Field,"System.UInt16 kicquwp.OscarProtocol.UserStatus.Evil"
Dynamic,Field,"System.UInt16 kicquwp.OscarProtocol.UserStatus.Depressed"
Dynamic,Field,"System.UInt16 kicquwp.OscarProtocol.UserStatus.AtHome"
Dynamic,Field,"System.UInt16 kicquwp.OscarProtocol.UserStatus.AtWork"
Dynamic,Field,"System.UInt16 kicquwp.OscarProtocol.UserStatus.Lunch"
Dynamic,Field,"System.UInt16 kicquwp.OscarProtocol.UserStatus.Offline"
Dynamic,Field,"System.UInt16 kicquwp.OscarProtocol.UserFlags.WebAware"
Dynamic,Field,"System.UInt16 kicquwp.OscarProtocol.UserFlags.ShowIp"
Dynamic,Field,"System.UInt16 kicquwp.OscarProtocol.UserFlags.Birthday"
Dynamic,Field,"System.UInt16 kicquwp.OscarProtocol.UserFlags.WebFront"
Dynamic,Field,"System.UInt16 kicquwp.OscarProtocol.UserFlags.DcDisabled"
Dynamic,Field,"System.UInt16 kicquwp.OscarProtocol.UserFlags.HomePage"
Dynamic,Field,"System.UInt16 kicquwp.OscarProtocol.UserFlags.DcAuth"
Dynamic,Field,"System.UInt16 kicquwp.OscarProtocol.UserFlags.DcCont"
Dynamic,Field,"System.UInt16 kicquwp.OscarProtocol.TLV.<Type>k__BackingField"
Dynamic,Field,"System.Byte[] kicquwp.OscarProtocol.TLV.<Value>k__BackingField"
Dynamic,Field,"System.Int32 kicquwp.OscarProtocol.<ConnectAsync>d__76.<>1__state"
Dynamic,Field,"System.Runtime.CompilerServices.AsyncTaskMethodBuilder kicquwp.OscarProtocol.<ConnectAsync>d__76.<>t__builder"
Dynamic,Field,"kicquwp.OscarProtocol kicquwp.OscarProtocol.<ConnectAsync>d__76.<>4__this"
Dynamic,Field,"Windows.Networking.HostName kicquwp.OscarProtocol.<ConnectAsync>d__76.<hostName>5__2"
Dynamic,Field,"Windows.Networking.Sockets.ControlChannelTrigger kicquwp.OscarProtocol.<ConnectAsync>d__76.<trigger>5__3"
Dynamic,Field,"System.Runtime.CompilerServices.TaskAwaiter<Windows.Networking.Sockets.ControlChannelTrigger> kicquwp.OscarProtocol.<ConnectAsync>d__76.<>u__1"
Dynamic,Field,"System.Runtime.CompilerServices.TaskAwaiter kicquwp.OscarProtocol.<ConnectAsync>d__76.<>u__2"
Dynamic,Field,"System.Int32 kicquwp.OscarProtocol.<AuthenticateAsync>d__80.<>1__state"
Dynamic,Field,"System.Runtime.CompilerServices.AsyncTaskMethodBuilder<System.Boolean> kicquwp.OscarProtocol.<AuthenticateAsync>d__80.<>t__builder"
Dynamic,Field,"kicquwp.OscarProtocol kicquwp.OscarProtocol.<AuthenticateAsync>d__80.<>4__this"
Dynamic,Field,"System.UInt32 kicquwp.OscarProtocol.<AuthenticateAsync>d__80.statusCode"
Dynamic,Field,"System.Runtime.CompilerServices.TaskAwaiter kicquwp.OscarProtocol.<AuthenticateAsync>d__80.<>u__1"
Dynamic,Field,"System.Runtime.CompilerServices.TaskAwaiter<kicquwp.OscarProtocol.FlapFrame> kicquwp.OscarProtocol.<AuthenticateAsync>d__80.<>u__2"
Dynamic,Field,"System.Runtime.CompilerServices.TaskAwaiter<System.Boolean> kicquwp.OscarProtocol.<AuthenticateAsync>d__80.<>u__3"
Dynamic,Field,"System.Int32 kicquwp.OscarProtocol.<DirectAuth>d__81.<>1__state"
Dynamic,Field,"System.Runtime.CompilerServices.AsyncTaskMethodBuilder<System.Boolean> kicquwp.OscarProtocol.<DirectAuth>d__81.<>t__builder"
Dynamic,Field,"kicquwp.OscarProtocol kicquwp.OscarProtocol.<DirectAuth>d__81.<>4__this"
Dynamic,Field,"System.IO.MemoryStream kicquwp.OscarProtocol.<DirectAuth>d__81.<ms>5__2"
Dynamic,Field,"System.IO.BinaryWriter kicquwp.OscarProtocol.<DirectAuth>d__81.<writer>5__3"
Dynamic,Field,"System.Runtime.CompilerServices.TaskAwaiter kicquwp.OscarProtocol.<DirectAuth>d__81.<>u__1"
Dynamic,Field,"System.Runtime.CompilerServices.TaskAwaiter<kicquwp.OscarProtocol.FlapFrame> kicquwp.OscarProtocol.<DirectAuth>d__81.<>u__2"
Dynamic,Field,"System.Runtime.CompilerServices.TaskAwaiter<System.Boolean> kicquwp.OscarProtocol.<DirectAuth>d__81.<>u__3"
Dynamic,Field,"System.Int32 kicquwp.OscarProtocol.<RegisterNewAccountAsync>d__82.<>1__state"
Dynamic,Field,"System.Runtime.CompilerServices.AsyncTaskMethodBuilder<System.String> kicquwp.OscarProtocol.<RegisterNewAccountAsync>d__82.<>t__builder"
Dynamic,Field,"System.String kicquwp.OscarProtocol.<RegisterNewAccountAsync>d__82.password"
Dynamic,Field,"kicquwp.OscarProtocol kicquwp.OscarProtocol.<RegisterNewAccountAsync>d__82.<>4__this"
Dynamic,Field,"System.Random kicquwp.OscarProtocol.<RegisterNewAccountAsync>d__82.<rng>5__2"
Dynamic,Field,"System.UInt32 kicquwp.OscarProtocol.<RegisterNewAccountAsync>d__82.<cookie>5__3"
Dynamic,Field,"Windows.Networking.Sockets.StreamSocket kicquwp.OscarProtocol.<RegisterNewAccountAsync>d__82.<regSocket>5__4"
Dynamic,Field,"Windows.Storage.Streams.DataWriter kicquwp.OscarProtocol.<RegisterNewAccountAsync>d__82.<regWriter>5__5"
Dynamic,Field,"Windows.Storage.Streams.DataReader kicquwp.OscarProtocol.<RegisterNewAccountAsync>d__82.<regReader>5__6"
Dynamic,Field,"System.UInt16 kicquwp.OscarProtocol.<RegisterNewAccountAsync>d__82.<hDataLen>5__7"
Dynamic,Field,"System.DateTime kicquwp.OscarProtocol.<RegisterNewAccountAsync>d__82.<deadline>5__8"
Dynamic,Field,"System.Runtime.CompilerServices.TaskAwaiter kicquwp.OscarProtocol.<RegisterNewAccountAsync>d__82.<>u__1"
Dynamic,Field,"System.Runtime.CompilerServices.TaskAwaiter<System.UInt32> kicquwp.OscarProtocol.<RegisterNewAccountAsync>d__82.<>u__2"
Dynamic,Field,"System.IO.MemoryStream kicquwp.OscarProtocol.<RegisterNewAccountAsync>d__82.<ms>5__9"
Dynamic,Field,"System.IO.MemoryStream kicquwp.OscarProtocol.<RegisterNewAccountAsync>d__82.<snacMs>5__10"
Dynamic,Field,"System.UInt16 kicquwp.OscarProtocol.<RegisterNewAccountAsync>d__82.<rDataLen>5__11"
Dynamic,Field,"System.Int32 kicquwp.OscarProtocol.<SendLoginWithChallenge>d__85.<>1__state"
Dynamic,Field,"System.Runtime.CompilerServices.AsyncTaskMethodBuilder<System.Boolean> kicquwp.OscarProtocol.<SendLoginWithChallenge>d__85.<>t__builder"
Dynamic,Field,"kicquwp.OscarProtocol kicquwp.OscarProtocol.<SendLoginWithChallenge>d__85.<>4__this"
Dynamic,Field,"System.Byte[] kicquwp.OscarProtocol.<SendLoginWithChallenge>d__85.challenge"
Dynamic,Field,"System.Runtime.CompilerServices.TaskAwaiter kicquwp.OscarProtocol.<SendLoginWithChallenge>d__85.<>u__1"
Dynamic,Field,"System.Runtime.CompilerServices.TaskAwaiter<kicquwp.OscarProtocol.FlapFrame> kicquwp.OscarProtocol.<SendLoginWithChallenge>d__85.<>u__2"
Dynamic,Field,"System.Int32 kicquwp.OscarProtocol.<SendTlvLogin>d__86.<>1__state"
Dynamic,Field,"System.Runtime.CompilerServices.AsyncTaskMethodBuilder kicquwp.OscarProtocol.<SendTlvLogin>d__86.<>t__builder"
Dynamic,Field,"kicquwp.OscarProtocol kicquwp.OscarProtocol.<SendTlvLogin>d__86.<>4__this"
Dynamic,Field,"System.Collections.Generic.List<kicquwp.OscarProtocol.TLV> kicquwp.OscarProtocol.<SendTlvLogin>d__86.tlvs"
Dynamic,Field,"System.Runtime.CompilerServices.TaskAwaiter<System.UInt32> kicquwp.OscarProtocol.<SendTlvLogin>d__86.<>u__1"
Dynamic,Field,"System.Runtime.CompilerServices.TaskAwaiter kicquwp.OscarProtocol.<SendTlvLogin>d__86.<>u__2"
Dynamic,Field,"System.Int32 kicquwp.OscarProtocol.<SendFlapAsync>d__90.<>1__state"
Dynamic,Field,"System.Runtime.CompilerServices.AsyncTaskMethodBuilder kicquwp.OscarProtocol.<SendFlapAsync>d__90.<>t__builder"
Dynamic,Field,"kicquwp.OscarProtocol kicquwp.OscarProtocol.<SendFlapAsync>d__90.<>4__this"
Dynamic,Field,"System.Byte[] kicquwp.OscarProtocol.<SendFlapAsync>d__90.data"
Dynamic,Field,"System.Byte kicquwp.OscarProtocol.<SendFlapAsync>d__90.channel"
Dynamic,Field,"System.Runtime.CompilerServices.TaskAwaiter<System.UInt32> kicquwp.OscarProtocol.<SendFlapAsync>d__90.<>u__1"
Dynamic,Field,"System.Int32 kicquwp.OscarProtocol.<SendServiceVersionsRequestAsync>d__92.<>1__state"
Dynamic,Field,"System.Runtime.CompilerServices.AsyncTaskMethodBuilder kicquwp.OscarProtocol.<SendServiceVersionsRequestAsync>d__92.<>t__builder"
Dynamic,Field,"System.UInt16[] kicquwp.OscarProtocol.<SendServiceVersionsRequestAsync>d__92.supportedFamilies"
Dynamic,Field,"kicquwp.OscarProtocol kicquwp.OscarProtocol.<SendServiceVersionsRequestAsync>d__92.<>4__this"
Dynamic,Field,"System.IO.MemoryStream kicquwp.OscarProtocol.<SendServiceVersionsRequestAsync>d__92.<ms>5__2"
Dynamic,Field,"System.IO.BinaryWriter kicquwp.OscarProtocol.<SendServiceVersionsRequestAsync>d__92.<writer>5__3"
Dynamic,Field,"System.Runtime.CompilerServices.TaskAwaiter kicquwp.OscarProtocol.<SendServiceVersionsRequestAsync>d__92.<>u__1"
Dynamic,Field,"System.Int32 kicquwp.OscarProtocol.<SendSnacAsync>d__95.<>1__state"
Dynamic,Field,"System.Runtime.CompilerServices.AsyncTaskMethodBuilder kicquwp.OscarProtocol.<SendSnacAsync>d__95.<>t__builder"
Dynamic,Field,"kicquwp.OscarProtocol kicquwp.OscarProtocol.<SendSnacAsync>d__95.<>4__this"
Dynamic,Field,"System.UInt16 kicquwp.OscarProtocol.<SendSnacAsync>d__95.family"
Dynamic,Field,"System.UInt16 kicquwp.OscarProtocol.<SendSnacAsync>d__95.subtype"
Dynamic,Field,"System.UInt16 kicquwp.OscarProtocol.<SendSnacAsync>d__95.flags"
Dynamic,Field,"System.UInt32 kicquwp.OscarProtocol.<SendSnacAsync>d__95.requestId"
Dynamic,Field,"System.Byte[] kicquwp.OscarProtocol.<SendSnacAsync>d__95.data"
Dynamic,Field,"System.IO.MemoryStream kicquwp.OscarProtocol.<SendSnacAsync>d__95.<ms>5__2"
Dynamic,Field,"System.IO.BinaryWriter kicquwp.OscarProtocol.<SendSnacAsync>d__95.<writer>5__3"
Dynamic,Field,"System.Runtime.CompilerServices.TaskAwaiter kicquwp.OscarProtocol.<SendSnacAsync>d__95.<>u__1"
Dynamic,Field,"System.Int32 kicquwp.OscarProtocol.<SendClientReadyAsync>d__96.<>1__state"
Dynamic,Field,"System.Runtime.CompilerServices.AsyncTaskMethodBuilder kicquwp.OscarProtocol.<SendClientReadyAsync>d__96.<>t__builder"
Dynamic,Field,"kicquwp.OscarProtocol kicquwp.OscarProtocol.<SendClientReadyAsync>d__96.<>4__this"
Dynamic,Field,"System.IO.MemoryStream kicquwp.OscarProtocol.<SendClientReadyAsync>d__96.<ms>5__2"
Dynamic,Field,"System.IO.BinaryWriter kicquwp.OscarProtocol.<SendClientReadyAsync>d__96.<writer>5__3"
Dynamic,Field,"System.Runtime.CompilerServices.TaskAwaiter kicquwp.OscarProtocol.<SendClientReadyAsync>d__96.<>u__1"
Dynamic,Field,"System.Int32 kicquwp.OscarProtocol.<WaitForServerFamiliesAsync>d__97.<>1__state"
Dynamic,Field,"System.Runtime.CompilerServices.AsyncTaskMethodBuilder kicquwp.OscarProtocol.<WaitForServerFamiliesAsync>d__97.<>t__builder"
Dynamic,Field,"kicquwp.OscarProtocol kicquwp.OscarProtocol.<WaitForServerFamiliesAsync>d__97.<>4__this"
Dynamic,Field,"System.Runtime.CompilerServices.TaskAwaiter<kicquwp.OscarProtocol.FlapFrame> kicquwp.OscarProtocol.<WaitForServerFamiliesAsync>d__97.<>u__1"
Dynamic,Field,"System.Runtime.CompilerServices.TaskAwaiter kicquwp.OscarProtocol.<WaitForServerFamiliesAsync>d__97.<>u__2"
Dynamic,Field,"kicquwp.OscarProtocol kicquwp.OscarProtocol.<>c__DisplayClass103_0.<>4__this"
Dynamic,Field,"Windows.Storage.Streams.DataReader kicquwp.OscarProtocol.<>c__DisplayClass103_0.reader"
Dynamic,Field,"kicquwp.OscarProtocol kicquwp.OscarProtocol.<>c__DisplayClass104_0.<>4__this"
Dynamic,Field,"Windows.Storage.Streams.DataReader kicquwp.OscarProtocol.<>c__DisplayClass104_0.reader"
Dynamic,Field,"kicquwp.OscarProtocol.FlapFrame kicquwp.OscarProtocol.<>c__DisplayClass104_1.flap"
Dynamic,Field,"kicquwp.OscarProtocol.<>c__DisplayClass104_0 kicquwp.OscarProtocol.<>c__DisplayClass104_1.CS$<>8__locals1"
Dynamic,Field,"System.Threading.Tasks.TaskCompletionSource<System.Boolean> kicquwp.OscarProtocol.<>c__DisplayClass108_0.waitTcs"
Dynamic,Field,"System.Int32 kicquwp.OscarProtocol.<ReceiveFlapAsync>d__108.<>1__state"
Dynamic,Field,"System.Runtime.CompilerServices.AsyncTaskMethodBuilder<kicquwp.OscarProtocol.FlapFrame> kicquwp.OscarProtocol.<ReceiveFlapAsync>d__108.<>t__builder"
Dynamic,Field,"kicquwp.OscarProtocol kicquwp.OscarProtocol.<ReceiveFlapAsync>d__108.<>4__this"
Dynamic,Field,"System.Threading.CancellationToken kicquwp.OscarProtocol.<ReceiveFlapAsync>d__108.cancellationToken"
Dynamic,Field,"System.Threading.CancellationTokenRegistration kicquwp.OscarProtocol.<ReceiveFlapAsync>d__108.<>7__wrap1"
Dynamic,Field,"System.Runtime.CompilerServices.TaskAwaiter<System.Boolean> kicquwp.OscarProtocol.<ReceiveFlapAsync>d__108.<>u__1"
Dynamic,Field,"System.Int32 kicquwp.OscarProtocol.<ReceiveFlapWithTimeout>d__110.<>1__state"
Dynamic,Field,"System.Runtime.CompilerServices.AsyncTaskMethodBuilder<kicquwp.OscarProtocol.FlapFrame> kicquwp.OscarProtocol.<ReceiveFlapWithTimeout>d__110.<>t__builder"
Dynamic,Field,"System.TimeSpan kicquwp.OscarProtocol.<ReceiveFlapWithTimeout>d__110.timeout"
Dynamic,Field,"kicquwp.OscarProtocol kicquwp.OscarProtocol.<ReceiveFlapWithTimeout>d__110.<>4__this"
Dynamic,Field,"System.Threading.CancellationTokenSource kicquwp.OscarProtocol.<ReceiveFlapWithTimeout>d__110.<cts>5__2"
Dynamic,Field,"System.Runtime.CompilerServices.TaskAwaiter<kicquwp.OscarProtocol.FlapFrame> kicquwp.OscarProtocol.<ReceiveFlapWithTimeout>d__110.<>u__1"
Dynamic,Field,"System.Int32 kicquwp.OscarProtocol.<WaitForServiceVersionsAsync>d__111.<>1__state"
Dynamic,Field,"System.Runtime.CompilerServices.AsyncTaskMethodBuilder kicquwp.OscarProtocol.<WaitForServiceVersionsAsync>d__111.<>t__builder"
Dynamic,Field,"kicquwp.OscarProtocol kicquwp.OscarProtocol.<WaitForServiceVersionsAsync>d__111.<>4__this"
Dynamic,Field,"System.Int32 kicquwp.OscarProtocol.<WaitForServiceVersionsAsync>d__111.<i>5__2"
Dynamic,Field,"System.Runtime.CompilerServices.TaskAwaiter<kicquwp.OscarProtocol.FlapFrame> kicquwp.OscarProtocol.<WaitForServiceVersionsAsync>d__111.<>u__1"
Dynamic,Field,"System.Int32 kicquwp.OscarProtocol.<InitializeOscarSessionAsync>d__113.<>1__state"
Dynamic,Field,"System.Runtime.CompilerServices.AsyncTaskMethodBuilder kicquwp.OscarProtocol.<InitializeOscarSessionAsync>d__113.<>t__builder"
Dynamic,Field,"kicquwp.OscarProtocol kicquwp.OscarProtocol.<InitializeOscarSessionAsync>d__113.<>4__this"
Dynamic,Field,"System.UInt32 kicquwp.OscarProtocol.<InitializeOscarSessionAsync>d__113.statusCode"
Dynamic,Field,"System.Runtime.CompilerServices.TaskAwaiter<kicquwp.OscarProtocol.SnacPacket> kicquwp.OscarProtocol.<InitializeOscarSessionAsync>d__113.<>u__1"
Dynamic,Field,"System.Runtime.CompilerServices.TaskAwaiter kicquwp.OscarProtocol.<InitializeOscarSessionAsync>d__113.<>u__2"
Dynamic,Field,"kicquwp.OscarProtocol kicquwp.OscarProtocol.<>c__DisplayClass114_0.<>4__this"
Dynamic,Field,"System.Collections.ObjectModel.ObservableCollection<Contact> kicquwp.OscarProtocol.<>c__DisplayClass114_0.parsedContacts"
Dynamic,Field,"System.Int32 kicquwp.OscarProtocol.<InitServicesAsync>d__114.<>1__state"
Dynamic,Field,"System.Runtime.CompilerServices.AsyncTaskMethodBuilder kicquwp.OscarProtocol.<InitServicesAsync>d__114.<>t__builder"
Dynamic,Field,"kicquwp.OscarProtocol kicquwp.OscarProtocol.<InitServicesAsync>d__114.<>4__this"
Dynamic,Field,"kicquwp.OscarProtocol.<>c__DisplayClass114_0 kicquwp.OscarProtocol.<InitServicesAsync>d__114.<>8__1"
Dynamic,Field,"System.DateTime kicquwp.OscarProtocol.<InitServicesAsync>d__114.<deadline>5__2"
Dynamic,Field,"System.Runtime.CompilerServices.TaskAwaiter kicquwp.OscarProtocol.<InitServicesAsync>d__114.<>u__1"
Dynamic,Field,"System.Runtime.CompilerServices.TaskAwaiter<kicquwp.OscarProtocol.FlapFrame> kicquwp.OscarProtocol.<InitServicesAsync>d__114.<>u__2"
Dynamic,Field,"System.Int32 kicquwp.OscarProtocol.<SendRateLimitsAckAsync>d__115.<>1__state"
Dynamic,Field,"System.Runtime.CompilerServices.AsyncTaskMethodBuilder kicquwp.OscarProtocol.<SendRateLimitsAckAsync>d__115.<>t__builder"
Dynamic,Field,"System.Byte[] kicquwp.OscarProtocol.<SendRateLimitsAckAsync>d__115.data"
Dynamic,Field,"kicquwp.OscarProtocol kicquwp.OscarProtocol.<SendRateLimitsAckAsync>d__115.<>4__this"
Dynamic,Field,"System.IO.MemoryStream kicquwp.OscarProtocol.<SendRateLimitsAckAsync>d__115.<ms>5__2"
Dynamic,Field,"System.IO.BinaryWriter kicquwp.OscarProtocol.<SendRateLimitsAckAsync>d__115.<writer>5__3"
Dynamic,Field,"System.Runtime.CompilerServices.TaskAwaiter kicquwp.OscarProtocol.<SendRateLimitsAckAsync>d__115.<>u__1"
Dynamic,Field,"System.Int32 kicquwp.OscarProtocol.<SendIcbmParametersAsync>d__116.<>1__state"
Dynamic,Field,"System.Runtime.CompilerServices.AsyncTaskMethodBuilder kicquwp.OscarProtocol.<SendIcbmParametersAsync>d__116.<>t__builder"
Dynamic,Field,"kicquwp.OscarProtocol kicquwp.OscarProtocol.<SendIcbmParametersAsync>d__116.<>4__this"
Dynamic,Field,"System.IO.MemoryStream kicquwp.OscarProtocol.<SendIcbmParametersAsync>d__116.<ms>5__2"
Dynamic,Field,"System.Runtime.CompilerServices.TaskAwaiter kicquwp.OscarProtocol.<SendIcbmParametersAsync>d__116.<>u__1"
Dynamic,Field,"System.Int32 kicquwp.OscarProtocol.<ClientIdentAsync>d__117.<>1__state"
Dynamic,Field,"System.Runtime.CompilerServices.AsyncTaskMethodBuilder kicquwp.OscarProtocol.<ClientIdentAsync>d__117.<>t__builder"
Dynamic,Field,"System.Int32 kicquwp.OscarProtocol.<ReceiveSnacAsync>d__121.<>1__state"
Dynamic,Field,"System.Runtime.CompilerServices.AsyncTaskMethodBuilder<kicquwp.OscarProtocol.FlapFrame> kicquwp.OscarProtocol.<ReceiveSnacAsync>d__121.<>t__builder"
Dynamic,Field,"kicquwp.OscarProtocol kicquwp.OscarProtocol.<ReceiveSnacAsync>d__121.<>4__this"
Dynamic,Field,"System.UInt16 kicquwp.OscarProtocol.<ReceiveSnacAsync>d__121.expectedFamily"
Dynamic,Field,"System.UInt16 kicquwp.OscarProtocol.<ReceiveSnacAsync>d__121.expectedSubtype"
Dynamic,Field,"System.Runtime.CompilerServices.TaskAwaiter<kicquwp.OscarProtocol.FlapFrame> kicquwp.OscarProtocol.<ReceiveSnacAsync>d__121.<>u__1"
Dynamic,Field,"System.Int32 kicquwp.OscarProtocol.<ReceiveSnacWithTimeout>d__123.<>1__state"
Dynamic,Field,"System.Runtime.CompilerServices.AsyncTaskMethodBuilder<kicquwp.OscarProtocol.SnacPacket> kicquwp.OscarProtocol.<ReceiveSnacWithTimeout>d__123.<>t__builder"
Dynamic,Field,"System.TimeSpan kicquwp.OscarProtocol.<ReceiveSnacWithTimeout>d__123.timeout"
Dynamic,Field,"kicquwp.OscarProtocol kicquwp.OscarProtocol.<ReceiveSnacWithTimeout>d__123.<>4__this"
Dynamic,Field,"System.UInt16 kicquwp.OscarProtocol.<ReceiveSnacWithTimeout>d__123.expectedFamily"
Dynamic,Field,"System.UInt16 kicquwp.OscarProtocol.<ReceiveSnacWithTimeout>d__123.expectedSubtype"
Dynamic,Field,"System.DateTime kicquwp.OscarProtocol.<ReceiveSnacWithTimeout>d__123.<deadline>5__2"
Dynamic,Field,"System.Runtime.CompilerServices.TaskAwaiter<kicquwp.OscarProtocol.FlapFrame> kicquwp.OscarProtocol.<ReceiveSnacWithTimeout>d__123.<>u__1"
Dynamic,Field,"System.Int32 kicquwp.OscarProtocol.<GetContactsAsync>d__124.<>1__state"
Dynamic,Field,"System.Runtime.CompilerServices.AsyncTaskMethodBuilder<System.Collections.ObjectModel.ObservableCollection<Contact>> kicquwp.OscarProtocol.<GetContactsAsync>d__124.<>t__builder"
Dynamic,Field,"kicquwp.OscarProtocol kicquwp.OscarProtocol.<GetContactsAsync>d__124.<>4__this"
Dynamic,Field,"System.Int32 kicquwp.OscarProtocol.<SendClientCapabilitiesAsync>d__125.<>1__state"
Dynamic,Field,"System.Runtime.CompilerServices.AsyncTaskMethodBuilder kicquwp.OscarProtocol.<SendClientCapabilitiesAsync>d__125.<>t__builder"
Dynamic,Field,"kicquwp.OscarProtocol kicquwp.OscarProtocol.<SendClientCapabilitiesAsync>d__125.<>4__this"
Dynamic,Field,"System.IO.MemoryStream kicquwp.OscarProtocol.<SendClientCapabilitiesAsync>d__125.<ms>5__2"
Dynamic,Field,"System.IO.MemoryStream kicquwp.OscarProtocol.<SendClientCapabilitiesAsync>d__125.<caps>5__3"
Dynamic,Field,"System.Runtime.CompilerServices.TaskAwaiter kicquwp.OscarProtocol.<SendClientCapabilitiesAsync>d__125.<>u__1"
Dynamic,Field,"Contact kicquwp.OscarProtocol.<>c__DisplayClass129_0.contact"
Dynamic,Field,"kicquwp.OscarProtocol kicquwp.OscarProtocol.<>c__DisplayClass129_0.<>4__this"
Dynamic,Field,"Contact kicquwp.OscarProtocol.<>c__DisplayClass129_1.c"
Dynamic,Field,"kicquwp.OscarProtocol.<>c__DisplayClass129_0 kicquwp.OscarProtocol.<>c__DisplayClass129_1.CS$<>8__locals1"
Dynamic,Field,"System.Int32 kicquwp.OscarProtocol.<RemoveContactAsync>d__129.<>1__state"
Dynamic,Field,"System.Runtime.CompilerServices.AsyncTaskMethodBuilder kicquwp.OscarProtocol.<RemoveContactAsync>d__129.<>t__builder"
Dynamic,Field,"Contact kicquwp.OscarProtocol.<RemoveContactAsync>d__129.contact"
Dynamic,Field,"kicquwp.OscarProtocol kicquwp.OscarProtocol.<RemoveContactAsync>d__129.<>4__this"
Dynamic,Field,"kicquwp.OscarProtocol.<>c__DisplayClass129_0 kicquwp.OscarProtocol.<RemoveContactAsync>d__129.<>8__1"
Dynamic,Field,"System.Runtime.CompilerServices.TaskAwaiter kicquwp.OscarProtocol.<RemoveContactAsync>d__129.<>u__1"
Dynamic,Field,"System.Runtime.CompilerServices.TaskAwaiter<System.UInt16> kicquwp.OscarProtocol.<RemoveContactAsync>d__129.<>u__2"
Dynamic,Field,"kicquwp.OscarProtocol.SsiGroup kicquwp.OscarProtocol.<RemoveContactAsync>d__129.<group>5__2"
Dynamic,Field,"System.Byte[] kicquwp.OscarProtocol.<RemoveContactAsync>d__129.<c8Data>5__3"
Dynamic,Field,"Contact kicquwp.OscarProtocol.<>c__DisplayClass130_0.contact"
Dynamic,Field,"System.String kicquwp.OscarProtocol.<>c__DisplayClass130_0.newName"
Dynamic,Field,"Contact kicquwp.OscarProtocol.<>c__DisplayClass130_1.c"
Dynamic,Field,"kicquwp.OscarProtocol.<>c__DisplayClass130_0 kicquwp.OscarProtocol.<>c__DisplayClass130_1.CS$<>8__locals1"
Dynamic,Field,"System.Int32 kicquwp.OscarProtocol.<RenameContactAsync>d__130.<>1__state"
Dynamic,Field,"System.Runtime.CompilerServices.AsyncTaskMethodBuilder kicquwp.OscarProtocol.<RenameContactAsync>d__130.<>t__builder"
Dynamic,Field,"Contact kicquwp.OscarProtocol.<RenameContactAsync>d__130.contact"
Dynamic,Field,"System.String kicquwp.OscarProtocol.<RenameContactAsync>d__130.newName"
Dynamic,Field,"kicquwp.OscarProtocol kicquwp.OscarProtocol.<RenameContactAsync>d__130.<>4__this"
Dynamic,Field,"kicquwp.OscarProtocol.<>c__DisplayClass130_0 kicquwp.OscarProtocol.<RenameContactAsync>d__130.<>8__1"
Dynamic,Field,"System.Byte[] kicquwp.OscarProtocol.<RenameContactAsync>d__130.<nameTlv>5__2"
Dynamic,Field,"System.Runtime.CompilerServices.TaskAwaiter kicquwp.OscarProtocol.<RenameContactAsync>d__130.<>u__1"
Dynamic,Field,"System.Runtime.CompilerServices.TaskAwaiter<System.UInt16> kicquwp.OscarProtocol.<RenameContactAsync>d__130.<>u__2"
Dynamic,Field,"System.Int32 kicquwp.OscarProtocol.<MoveContactAsync>d__131.<>1__state"
Dynamic,Field,"System.Runtime.CompilerServices.AsyncTaskMethodBuilder kicquwp.OscarProtocol.<MoveContactAsync>d__131.<>t__builder"
Dynamic,Field,"kicquwp.OscarProtocol kicquwp.OscarProtocol.<MoveContactAsync>d__131.<>4__this"
Dynamic,Field,"System.UInt16 kicquwp.OscarProtocol.<MoveContactAsync>d__131.newGroupId"
Dynamic,Field,"Contact kicquwp.OscarProtocol.<MoveContactAsync>d__131.contact"
Dynamic,Field,"kicquwp.OscarProtocol.SsiGroup kicquwp.OscarProtocol.<MoveContactAsync>d__131.<oldGroup>5__2"
Dynamic,Field,"kicquwp.OscarProtocol.SsiGroup kicquwp.OscarProtocol.<MoveContactAsync>d__131.<newGroup>5__3"
Dynamic,Field,"System.Runtime.CompilerServices.TaskAwaiter kicquwp.OscarProtocol.<MoveContactAsync>d__131.<>u__1"
Dynamic,Field,"System.Runtime.CompilerServices.TaskAwaiter<kicquwp.OscarProtocol.SnacPacket> kicquwp.OscarProtocol.<MoveContactAsync>d__131.<>u__2"
Dynamic,Field,"System.Int32 kicquwp.OscarProtocol.<SendSetStatusAsync>d__134.<>1__state"
Dynamic,Field,"System.Runtime.CompilerServices.AsyncTaskMethodBuilder kicquwp.OscarProtocol.<SendSetStatusAsync>d__134.<>t__builder"
Dynamic,Field,"kicquwp.OscarProtocol kicquwp.OscarProtocol.<SendSetStatusAsync>d__134.<>4__this"
Dynamic,Field,"System.UInt32 kicquwp.OscarProtocol.<SendSetStatusAsync>d__134.statusCode"
Dynamic,Field,"System.IO.MemoryStream kicquwp.OscarProtocol.<SendSetStatusAsync>d__134.<ms>5__2"
Dynamic,Field,"System.IO.BinaryWriter kicquwp.OscarProtocol.<SendSetStatusAsync>d__134.<writer>5__3"
Dynamic,Field,"System.Runtime.CompilerServices.TaskAwaiter kicquwp.OscarProtocol.<SendSetStatusAsync>d__134.<>u__1"
Dynamic,Field,"System.Int32 kicquwp.OscarProtocol.<ConnectToBosAsync>d__135.<>1__state"
Dynamic,Field,"System.Runtime.CompilerServices.AsyncTaskMethodBuilder<System.Boolean> kicquwp.OscarProtocol.<ConnectToBosAsync>d__135.<>t__builder"
Dynamic,Field,"kicquwp.OscarProtocol kicquwp.OscarProtocol.<ConnectToBosAsync>d__135.<>4__this"
Dynamic,Field,"System.String kicquwp.OscarProtocol.<ConnectToBosAsync>d__135.bosHostPort"
Dynamic,Field,"System.Byte[] kicquwp.OscarProtocol.<ConnectToBosAsync>d__135.cookieBytes"
Dynamic,Field,"System.Runtime.CompilerServices.TaskAwaiter kicquwp.OscarProtocol.<ConnectToBosAsync>d__135.<>u__1"
Dynamic,Field,"System.Runtime.CompilerServices.TaskAwaiter<kicquwp.OscarProtocol.FlapFrame> kicquwp.OscarProtocol.<ConnectToBosAsync>d__135.<>u__2"
Dynamic,Field,"System.Int32 kicquwp.OscarProtocol.<ConnectToBosSocketAsync>d__136.<>1__state"
Dynamic,Field,"System.Runtime.CompilerServices.AsyncTaskMethodBuilder kicquwp.OscarProtocol.<ConnectToBosSocketAsync>d__136.<>t__builder"
Dynamic,Field,"kicquwp.OscarProtocol kicquwp.OscarProtocol.<ConnectToBosSocketAsync>d__136.<>4__this"
Dynamic,Field,"System.String kicquwp.OscarProtocol.<ConnectToBosSocketAsync>d__136.host"
Dynamic,Field,"System.String kicquwp.OscarProtocol.<ConnectToBosSocketAsync>d__136.port"
Dynamic,Field,"System.Boolean kicquwp.OscarProtocol.<ConnectToBosSocketAsync>d__136.<backgroundEnabled>5__2"
Dynamic,Field,"System.Runtime.CompilerServices.TaskAwaiter<Windows.Networking.Sockets.ControlChannelTrigger> kicquwp.OscarProtocol.<ConnectToBosSocketAsync>d__136.<>u__1"
Dynamic,Field,"System.Runtime.CompilerServices.TaskAwaiter kicquwp.OscarProtocol.<ConnectToBosSocketAsync>d__136.<>u__2"
Dynamic,Field,"System.Int32 kicquwp.OscarProtocol.<HandleBosRedirectAsync>d__137.<>1__state"
Dynamic,Field,"System.Runtime.CompilerServices.AsyncTaskMethodBuilder<System.Boolean> kicquwp.OscarProtocol.<HandleBosRedirectAsync>d__137.<>t__builder"
Dynamic,Field,"kicquwp.OscarProtocol kicquwp.OscarProtocol.<HandleBosRedirectAsync>d__137.<>4__this"
Dynamic,Field,"System.Byte[] kicquwp.OscarProtocol.<HandleBosRedirectAsync>d__137.data"
Dynamic,Field,"System.UInt32 kicquwp.OscarProtocol.<HandleBosRedirectAsync>d__137.statusCode"
Dynamic,Field,"System.Runtime.CompilerServices.TaskAwaiter<System.Boolean> kicquwp.OscarProtocol.<HandleBosRedirectAsync>d__137.<>u__1"
Dynamic,Field,"System.Int32 kicquwp.OscarProtocol.<SendIcbmAsync>d__141.<>1__state"
Dynamic,Field,"System.Runtime.CompilerServices.AsyncTaskMethodBuilder kicquwp.OscarProtocol.<SendIcbmAsync>d__141.<>t__builder"
Dynamic,Field,"kicquwp.OscarProtocol kicquwp.OscarProtocol.<SendIcbmAsync>d__141.<>4__this"
Dynamic,Field,"System.String kicquwp.OscarProtocol.<SendIcbmAsync>d__141.text"
Dynamic,Field,"System.String kicquwp.OscarProtocol.<SendIcbmAsync>d__141.toUin"
Dynamic,Field,"System.Runtime.CompilerServices.TaskAwaiter kicquwp.OscarProtocol.<SendIcbmAsync>d__141.<>u__1"
Dynamic,Field,"System.Collections.Generic.List<System.String>.Enumerator kicquwp.OscarProtocol.<SendIcbmAsync>d__141.<>7__wrap1"
Dynamic,Field,"System.Int32 kicquwp.OscarProtocol.<SendSingleIcbmAsync>d__142.<>1__state"
Dynamic,Field,"System.Runtime.CompilerServices.AsyncTaskMethodBuilder kicquwp.OscarProtocol.<SendSingleIcbmAsync>d__142.<>t__builder"
Dynamic,Field,"System.String kicquwp.OscarProtocol.<SendSingleIcbmAsync>d__142.text"
Dynamic,Field,"kicquwp.OscarProtocol kicquwp.OscarProtocol.<SendSingleIcbmAsync>d__142.<>4__this"
Dynamic,Field,"System.String kicquwp.OscarProtocol.<SendSingleIcbmAsync>d__142.toUin"
Dynamic,Field,"System.IO.MemoryStream kicquwp.OscarProtocol.<SendSingleIcbmAsync>d__142.<ms>5__2"
Dynamic,Field,"System.Runtime.CompilerServices.TaskAwaiter kicquwp.OscarProtocol.<SendSingleIcbmAsync>d__142.<>u__1"
Dynamic,Field,"System.Int32 kicquwp.OscarProtocol.<WaitForRedirectOrBosAsync>d__147.<>1__state"
Dynamic,Field,"System.Runtime.CompilerServices.AsyncTaskMethodBuilder<System.Boolean> kicquwp.OscarProtocol.<WaitForRedirectOrBosAsync>d__147.<>t__builder"
Dynamic,Field,"kicquwp.OscarProtocol kicquwp.OscarProtocol.<WaitForRedirectOrBosAsync>d__147.<>4__this"
Dynamic,Field,"System.UInt32 kicquwp.OscarProtocol.<WaitForRedirectOrBosAsync>d__147.statusCode"
Dynamic,Field,"System.Runtime.CompilerServices.TaskAwaiter<kicquwp.OscarProtocol.FlapFrame> kicquwp.OscarProtocol.<WaitForRedirectOrBosAsync>d__147.<>u__1"
Dynamic,Field,"System.Runtime.CompilerServices.TaskAwaiter<System.Boolean> kicquwp.OscarProtocol.<WaitForRedirectOrBosAsync>d__147.<>u__2"
Dynamic,Field,"System.String kicquwp.OscarProtocol.<>c__DisplayClass148_0.message"
Dynamic,Field,"System.Int32 kicquwp.OscarProtocol.<ShowMessageDialog>d__148.<>1__state"
Dynamic,Field,"System.Runtime.CompilerServices.AsyncTaskMethodBuilder kicquwp.OscarProtocol.<ShowMessageDialog>d__148.<>t__builder"
Dynamic,Field,"System.String kicquwp.OscarProtocol.<ShowMessageDialog>d__148.message"
Dynamic,Field,"System.Runtime.CompilerServices.TaskAwaiter kicquwp.OscarProtocol.<ShowMessageDialog>d__148.<>u__1"
Dynamic,Field,"System.Int32 kicquwp.OscarProtocol.<AuthenticateAndInitializeAsync>d__149.<>1__state"
Dynamic,Field,"System.Runtime.CompilerServices.AsyncTaskMethodBuilder<System.Boolean> kicquwp.OscarProtocol.<AuthenticateAndInitializeAsync>d__149.<>t__builder"
Dynamic,Field,"kicquwp.OscarProtocol kicquwp.OscarProtocol.<AuthenticateAndInitializeAsync>d__149.<>4__this"
Dynamic,Field,"System.UInt32 kicquwp.OscarProtocol.<AuthenticateAndInitializeAsync>d__149.statusCode"
Dynamic,Field,"System.Runtime.CompilerServices.TaskAwaiter<System.Boolean> kicquwp.OscarProtocol.<AuthenticateAndInitializeAsync>d__149.<>u__1"
Dynamic,Field,"System.Runtime.CompilerServices.TaskAwaiter kicquwp.OscarProtocol.<AuthenticateAndInitializeAsync>d__149.<>u__2"
Dynamic,Field,"System.Int32 kicquwp.OscarProtocol.<SendCapabilitiesAsync>d__150.<>1__state"
Dynamic,Field,"System.Runtime.CompilerServices.AsyncTaskMethodBuilder kicquwp.OscarProtocol.<SendCapabilitiesAsync>d__150.<>t__builder"
Dynamic,Field,"kicquwp.OscarProtocol kicquwp.OscarProtocol.<SendCapabilitiesAsync>d__150.<>4__this"
Dynamic,Field,"System.IO.MemoryStream kicquwp.OscarProtocol.<SendCapabilitiesAsync>d__150.<ms>5__2"
Dynamic,Field,"System.IO.BinaryWriter kicquwp.OscarProtocol.<SendCapabilitiesAsync>d__150.<writer>5__3"
Dynamic,Field,"System.Runtime.CompilerServices.TaskAwaiter kicquwp.OscarProtocol.<SendCapabilitiesAsync>d__150.<>u__1"
Dynamic,Field,"System.String kicquwp.OscarProtocol.<>c__DisplayClass152_0.senderUin"
Dynamic,Field,"kicquwp.OscarProtocol kicquwp.OscarProtocol.<>c__DisplayClass152_0.<>4__this"
Dynamic,Field,"Contact kicquwp.OscarProtocol.<>c__DisplayClass152_1.tempContact"
Dynamic,Field,"kicquwp.OscarProtocol.<>c__DisplayClass152_0 kicquwp.OscarProtocol.<>c__DisplayClass152_1.CS$<>8__locals1"
Dynamic,Field,"System.Int32 kicquwp.OscarProtocol.<HandleIncomingIcbm>d__152.<>1__state"
Dynamic,Field,"System.Runtime.CompilerServices.AsyncVoidMethodBuilder kicquwp.OscarProtocol.<HandleIncomingIcbm>d__152.<>t__builder"
Dynamic,Field,"kicquwp.OscarProtocol kicquwp.OscarProtocol.<HandleIncomingIcbm>d__152.<>4__this"
Dynamic,Field,"System.Byte[] kicquwp.OscarProtocol.<HandleIncomingIcbm>d__152.data"
Dynamic,Field,"kicquwp.OscarProtocol.<>c__DisplayClass152_0 kicquwp.OscarProtocol.<HandleIncomingIcbm>d__152.<>8__1"
Dynamic,Field,"System.String kicquwp.OscarProtocol.<HandleIncomingIcbm>d__152.<text>5__2"
Dynamic,Field,"System.Runtime.CompilerServices.TaskAwaiter kicquwp.OscarProtocol.<HandleIncomingIcbm>d__152.<>u__1"
Dynamic,Field,"kicquwp.OscarProtocol kicquwp.OscarProtocol.<>c__DisplayClass155_0.<>4__this"
Dynamic,Field,"System.Action<kicquwp.UserBasicInfo> kicquwp.OscarProtocol.<>c__DisplayClass155_0.handler"
Dynamic,Field,"System.Threading.Tasks.TaskCompletionSource<kicquwp.UserBasicInfo> kicquwp.OscarProtocol.<>c__DisplayClass155_0.tcs"
Dynamic,Field,"System.Int32 kicquwp.OscarProtocol.<RequestFullUserInfoAsync>d__155.<>1__state"
Dynamic,Field,"System.Runtime.CompilerServices.AsyncTaskMethodBuilder<kicquwp.UserBasicInfo> kicquwp.OscarProtocol.<RequestFullUserInfoAsync>d__155.<>t__builder"
Dynamic,Field,"kicquwp.OscarProtocol kicquwp.OscarProtocol.<RequestFullUserInfoAsync>d__155.<>4__this"
Dynamic,Field,"System.String kicquwp.OscarProtocol.<RequestFullUserInfoAsync>d__155.uin"
Dynamic,Field,"System.UInt16 kicquwp.OscarProtocol.<RequestFullUserInfoAsync>d__155.seq"
Dynamic,Field,"kicquwp.OscarProtocol.<>c__DisplayClass155_0 kicquwp.OscarProtocol.<RequestFullUserInfoAsync>d__155.<>8__1"
Dynamic,Field,"System.IO.MemoryStream kicquwp.OscarProtocol.<RequestFullUserInfoAsync>d__155.<body>5__2"
Dynamic,Field,"System.Runtime.CompilerServices.TaskAwaiter kicquwp.OscarProtocol.<RequestFullUserInfoAsync>d__155.<>u__1"
Dynamic,Field,"System.Runtime.CompilerServices.TaskAwaiter<kicquwp.UserBasicInfo> kicquwp.OscarProtocol.<RequestFullUserInfoAsync>d__155.<>u__2"
Dynamic,Field,"kicquwp.OscarProtocol kicquwp.OscarProtocol.<>c__DisplayClass157_0.<>4__this"
Dynamic,Field,"System.Threading.Tasks.TaskCompletionSource<System.Boolean> kicquwp.OscarProtocol.<>c__DisplayClass157_0.innerTcs"
Dynamic,Field,"System.Int32 kicquwp.OscarProtocol.<SetBasicUserInfoAsync>d__157.<>1__state"
Dynamic,Field,"System.Runtime.CompilerServices.AsyncTaskMethodBuilder<System.Boolean> kicquwp.OscarProtocol.<SetBasicUserInfoAsync>d__157.<>t__builder"
Dynamic,Field,"kicquwp.OscarProtocol kicquwp.OscarProtocol.<SetBasicUserInfoAsync>d__157.<>4__this"
Dynamic,Field,"kicquwp.UserBasicInfo kicquwp.OscarProtocol.<SetBasicUserInfoAsync>d__157.info"
Dynamic,Field,"System.UInt16 kicquwp.OscarProtocol.<SetBasicUserInfoAsync>d__157.seq"
Dynamic,Field,"kicquwp.OscarProtocol.<>c__DisplayClass157_0 kicquwp.OscarProtocol.<SetBasicUserInfoAsync>d__157.<>8__1"
Dynamic,Field,"System.IO.MemoryStream kicquwp.OscarProtocol.<SetBasicUserInfoAsync>d__157.<body>5__2"
Dynamic,Field,"System.Runtime.CompilerServices.TaskAwaiter kicquwp.OscarProtocol.<SetBasicUserInfoAsync>d__157.<>u__1"
Dynamic,Field,"System.Runtime.CompilerServices.TaskAwaiter<System.Boolean> kicquwp.OscarProtocol.<SetBasicUserInfoAsync>d__157.<>u__2"
Dynamic,Field,"System.Int32 kicquwp.OscarProtocol.<SetStatusAsync>d__165.<>1__state"
Dynamic,Field,"System.Runtime.CompilerServices.AsyncTaskMethodBuilder kicquwp.OscarProtocol.<SetStatusAsync>d__165.<>t__builder"
Dynamic,Field,"kicquwp.OscarProtocol kicquwp.OscarProtocol.<SetStatusAsync>d__165.<>4__this"
Dynamic,Field,"System.UInt32 kicquwp.OscarProtocol.<SetStatusAsync>d__165.statusCode"
Dynamic,Field,"System.IO.MemoryStream kicquwp.OscarProtocol.<SetStatusAsync>d__165.<ms>5__2"
Dynamic,Field,"System.IO.BinaryWriter kicquwp.OscarProtocol.<SetStatusAsync>d__165.<writer>5__3"
Dynamic,Field,"System.Runtime.CompilerServices.TaskAwaiter kicquwp.OscarProtocol.<SetStatusAsync>d__165.<>u__1"
Dynamic,Field,"System.Int32 kicquwp.OscarProtocol.<ReceiveLoopAsync>d__167.<>1__state"
Dynamic,Field,"System.Runtime.CompilerServices.AsyncTaskMethodBuilder kicquwp.OscarProtocol.<ReceiveLoopAsync>d__167.<>t__builder"
Dynamic,Field,"kicquwp.OscarProtocol kicquwp.OscarProtocol.<ReceiveLoopAsync>d__167.<>4__this"
Dynamic,Field,"System.Runtime.CompilerServices.TaskAwaiter<kicquwp.OscarProtocol.FlapFrame> kicquwp.OscarProtocol.<ReceiveLoopAsync>d__167.<>u__1"
Dynamic,Field,"System.Runtime.CompilerServices.TaskAwaiter kicquwp.OscarProtocol.<ReceiveLoopAsync>d__167.<>u__2"
Dynamic,Field,"System.Int32 kicquwp.OscarProtocol.<HandleFlapAsync>d__168.<>1__state"
Dynamic,Field,"System.Runtime.CompilerServices.AsyncTaskMethodBuilder kicquwp.OscarProtocol.<HandleFlapAsync>d__168.<>t__builder"
Dynamic,Field,"kicquwp.OscarProtocol.FlapFrame kicquwp.OscarProtocol.<HandleFlapAsync>d__168.flap"
Dynamic,Field,"kicquwp.OscarProtocol kicquwp.OscarProtocol.<HandleFlapAsync>d__168.<>4__this"
Dynamic,Field,"System.Runtime.CompilerServices.TaskAwaiter kicquwp.OscarProtocol.<HandleFlapAsync>d__168.<>u__1"
Dynamic,Field,"System.Threading.Tasks.TaskCompletionSource<System.UInt16> kicquwp.OscarProtocol.<>c__DisplayClass169_0.tcs"
Dynamic,Field,"System.Int32 kicquwp.OscarProtocol.<SendTypingNotificationAsync>d__170.<>1__state"
Dynamic,Field,"System.Runtime.CompilerServices.AsyncTaskMethodBuilder kicquwp.OscarProtocol.<SendTypingNotificationAsync>d__170.<>t__builder"
Dynamic,Field,"kicquwp.OscarProtocol kicquwp.OscarProtocol.<SendTypingNotificationAsync>d__170.<>4__this"
Dynamic,Field,"System.String kicquwp.OscarProtocol.<SendTypingNotificationAsync>d__170.toUin"
Dynamic,Field,"System.UInt16 kicquwp.OscarProtocol.<SendTypingNotificationAsync>d__170.notificationType"
Dynamic,Field,"System.IO.MemoryStream kicquwp.OscarProtocol.<SendTypingNotificationAsync>d__170.<ms>5__2"
Dynamic,Field,"System.Runtime.CompilerServices.TaskAwaiter kicquwp.OscarProtocol.<SendTypingNotificationAsync>d__170.<>u__1"
Dynamic,Field,"System.String kicquwp.OscarProtocol.<>c__DisplayClass171_0.uin"
Dynamic,Field,"System.String kicquwp.OscarProtocol.<>c__DisplayClass171_0.iconPath"
Dynamic,Field,"kicquwp.OscarProtocol kicquwp.OscarProtocol.<>c__DisplayClass171_0.<>4__this"
Dynamic,Field,"System.Func<Contact, System.Boolean> kicquwp.OscarProtocol.<>c__DisplayClass171_0.<>9__1"
Dynamic,Field,"System.String kicquwp.OscarProtocol.<>c__DisplayClass174_0.uin"
Dynamic,Field,"kicquwp.OscarProtocol kicquwp.OscarProtocol.<>c__DisplayClass174_0.<>4__this"
Dynamic,Field,"System.Func<Contact, System.Boolean> kicquwp.OscarProtocol.<>c__DisplayClass174_0.<>9__1"
Dynamic,Field,"System.Int32 kicquwp.OscarProtocol.<HandleUserOfflineAsync>d__174.<>1__state"
Dynamic,Field,"System.Runtime.CompilerServices.AsyncTaskMethodBuilder kicquwp.OscarProtocol.<HandleUserOfflineAsync>d__174.<>t__builder"
Dynamic,Field,"kicquwp.OscarProtocol kicquwp.OscarProtocol.<HandleUserOfflineAsync>d__174.<>4__this"
Dynamic,Field,"System.Byte[] kicquwp.OscarProtocol.<HandleUserOfflineAsync>d__174.data"
Dynamic,Field,"System.Int32 kicquwp.OscarProtocol.<HandleUserOfflineAsync>d__174.<offset>5__2"
Dynamic,Field,"System.Runtime.CompilerServices.TaskAwaiter kicquwp.OscarProtocol.<HandleUserOfflineAsync>d__174.<>u__1"
Dynamic,Field,"kicquwp.OscarProtocol.<>c kicquwp.OscarProtocol.<>c.<>9"
Dynamic,Field,"System.Func<System.UInt16, System.Boolean> kicquwp.OscarProtocol.<>c.<>9__175_0"
Dynamic,Field,"System.Int32 kicquwp.OscarProtocol.<HandleServiceFamilies>d__175.<>1__state"
Dynamic,Field,"System.Runtime.CompilerServices.AsyncTaskMethodBuilder kicquwp.OscarProtocol.<HandleServiceFamilies>d__175.<>t__builder"
Dynamic,Field,"System.UInt16[] kicquwp.OscarProtocol.<HandleServiceFamilies>d__175.families"
Dynamic,Field,"kicquwp.OscarProtocol kicquwp.OscarProtocol.<HandleServiceFamilies>d__175.<>4__this"
Dynamic,Field,"System.Runtime.CompilerServices.TaskAwaiter kicquwp.OscarProtocol.<HandleServiceFamilies>d__175.<>u__1"
Dynamic,Field,"System.Int32 kicquwp.OscarProtocol.<SearchByUinAsync>d__180.<>1__state"
Dynamic,Field,"System.Runtime.CompilerServices.AsyncTaskMethodBuilder<System.Collections.Generic.List<kicquwp.SearchResult>> kicquwp.OscarProtocol.<SearchByUinAsync>d__180.<>t__builder"
Dynamic,Field,"System.String kicquwp.OscarProtocol.<SearchByUinAsync>d__180.uin"
Dynamic,Field,"kicquwp.OscarProtocol kicquwp.OscarProtocol.<SearchByUinAsync>d__180.<>4__this"
Dynamic,Field,"System.UInt16 kicquwp.OscarProtocol.<SearchByUinAsync>d__180.seq"
Dynamic,Field,"System.IO.MemoryStream kicquwp.OscarProtocol.<SearchByUinAsync>d__180.<body>5__2"
Dynamic,Field,"System.Runtime.CompilerServices.TaskAwaiter kicquwp.OscarProtocol.<SearchByUinAsync>d__180.<>u__1"
Dynamic,Field,"System.Runtime.CompilerServices.TaskAwaiter<System.Collections.Generic.List<kicquwp.SearchResult>> kicquwp.OscarProtocol.<SearchByUinAsync>d__180.<>u__2"
Dynamic,Field,"kicquwp.OscarProtocol kicquwp.OscarProtocol.<>c__DisplayClass181_0.<>4__this"
Dynamic,Field,"System.Action<kicquwp.OscarProtocol.UserFullInfo> kicquwp.OscarProtocol.<>c__DisplayClass181_0.handler"
Dynamic,Field,"System.Threading.Tasks.TaskCompletionSource<kicquwp.OscarProtocol.UserFullInfo> kicquwp.OscarProtocol.<>c__DisplayClass181_0.tcs"
Dynamic,Field,"System.String kicquwp.OscarProtocol.<>c__DisplayClass181_0.uin"
Dynamic,Field,"System.UInt16 kicquwp.OscarProtocol.<>c__DisplayClass181_0.seq"
Dynamic,Field,"System.Int32 kicquwp.OscarProtocol.<SearchByDetailsAsync>d__183.<>1__state"
Dynamic,Field,"System.Runtime.CompilerServices.AsyncTaskMethodBuilder<System.Collections.Generic.List<kicquwp.SearchResult>> kicquwp.OscarProtocol.<SearchByDetailsAsync>d__183.<>t__builder"
Dynamic,Field,"kicquwp.OscarProtocol kicquwp.OscarProtocol.<SearchByDetailsAsync>d__183.<>4__this"
Dynamic,Field,"System.String kicquwp.OscarProtocol.<SearchByDetailsAsync>d__183.nick"
Dynamic,Field,"System.String kicquwp.OscarProtocol.<SearchByDetailsAsync>d__183.firstName"
Dynamic,Field,"System.String kicquwp.OscarProtocol.<SearchByDetailsAsync>d__183.lastName"
Dynamic,Field,"System.UInt16 kicquwp.OscarProtocol.<SearchByDetailsAsync>d__183.seq"
Dynamic,Field,"System.IO.MemoryStream kicquwp.OscarProtocol.<SearchByDetailsAsync>d__183.<body>5__2"
Dynamic,Field,"System.Runtime.CompilerServices.TaskAwaiter kicquwp.OscarProtocol.<SearchByDetailsAsync>d__183.<>u__1"
Dynamic,Field,"System.Runtime.CompilerServices.TaskAwaiter<System.Collections.Generic.List<kicquwp.SearchResult>> kicquwp.OscarProtocol.<SearchByDetailsAsync>d__183.<>u__2"
Dynamic,Field,"System.Int32 kicquwp.OscarProtocol.<SearchByEmailAsync>d__184.<>1__state"
Dynamic,Field,"System.Runtime.CompilerServices.AsyncTaskMethodBuilder<System.Collections.Generic.List<kicquwp.SearchResult>> kicquwp.OscarProtocol.<SearchByEmailAsync>d__184.<>t__builder"
Dynamic,Field,"System.String kicquwp.OscarProtocol.<SearchByEmailAsync>d__184.email"
Dynamic,Field,"kicquwp.OscarProtocol kicquwp.OscarProtocol.<SearchByEmailAsync>d__184.<>4__this"
Dynamic,Field,"System.UInt16 kicquwp.OscarProtocol.<SearchByEmailAsync>d__184.seq"
Dynamic,Field,"System.IO.MemoryStream kicquwp.OscarProtocol.<SearchByEmailAsync>d__184.<body>5__2"
Dynamic,Field,"System.Runtime.CompilerServices.TaskAwaiter kicquwp.OscarProtocol.<SearchByEmailAsync>d__184.<>u__1"
Dynamic,Field,"System.Runtime.CompilerServices.TaskAwaiter<System.Collections.Generic.List<kicquwp.SearchResult>> kicquwp.OscarProtocol.<SearchByEmailAsync>d__184.<>u__2"
Dynamic,Field,"System.Int32 kicquwp.OscarProtocol.<ReceiveSearchResults>d__185.<>1__state"
Dynamic,Field,"System.Runtime.CompilerServices.AsyncTaskMethodBuilder<System.Collections.Generic.List<kicquwp.SearchResult>> kicquwp.OscarProtocol.<ReceiveSearchResults>d__185.<>t__builder"
Dynamic,Field,"System.TimeSpan kicquwp.OscarProtocol.<ReceiveSearchResults>d__185.timeout"
Dynamic,Field,"kicquwp.OscarProtocol kicquwp.OscarProtocol.<ReceiveSearchResults>d__185.<>4__this"
Dynamic,Field,"System.Collections.Generic.List<kicquwp.SearchResult> kicquwp.OscarProtocol.<ReceiveSearchResults>d__185.<results>5__2"
Dynamic,Field,"System.DateTime kicquwp.OscarProtocol.<ReceiveSearchResults>d__185.<deadline>5__3"
Dynamic,Field,"System.Runtime.CompilerServices.TaskAwaiter<kicquwp.OscarProtocol.FlapFrame> kicquwp.OscarProtocol.<ReceiveSearchResults>d__185.<>u__1"
Dynamic,Field,"System.Runtime.CompilerServices.TaskAwaiter kicquwp.OscarProtocol.<ReceiveSearchResults>d__185.<>u__2"
Dynamic,Field,"System.Collections.Generic.List<kicquwp.SearchResult> kicquwp.OscarProtocol.<>c__DisplayClass186_0.allResults"
Dynamic,Field,"kicquwp.OscarProtocol kicquwp.OscarProtocol.<>c__DisplayClass186_0.<>4__this"
Dynamic,Field,"System.Action<System.Collections.Generic.List<kicquwp.SearchResult>, System.Boolean> kicquwp.OscarProtocol.<>c__DisplayClass186_0.handler"
Dynamic,Field,"System.Threading.Tasks.TaskCompletionSource<System.Collections.Generic.List<kicquwp.SearchResult>> kicquwp.OscarProtocol.<>c__DisplayClass186_0.tcs"
Dynamic,Field,"System.Int32 kicquwp.OscarProtocol.<DeleteAccountAsync>d__191.<>1__state"
Dynamic,Field,"System.Runtime.CompilerServices.AsyncTaskMethodBuilder<System.Boolean> kicquwp.OscarProtocol.<DeleteAccountAsync>d__191.<>t__builder"
Dynamic,Field,"System.String kicquwp.OscarProtocol.<DeleteAccountAsync>d__191.password"
Dynamic,Field,"kicquwp.OscarProtocol kicquwp.OscarProtocol.<DeleteAccountAsync>d__191.<>4__this"
Dynamic,Field,"System.Threading.Tasks.TaskCompletionSource<System.Boolean> kicquwp.OscarProtocol.<DeleteAccountAsync>d__191.<tcs>5__2"
Dynamic,Field,"System.Threading.Tasks.Task kicquwp.OscarProtocol.<DeleteAccountAsync>d__191.<timeoutTask>5__3"
Dynamic,Field,"System.Runtime.CompilerServices.TaskAwaiter kicquwp.OscarProtocol.<DeleteAccountAsync>d__191.<>u__1"
Dynamic,Field,"System.Runtime.CompilerServices.TaskAwaiter<System.Threading.Tasks.Task> kicquwp.OscarProtocol.<DeleteAccountAsync>d__191.<>u__2"
Dynamic,Field,"System.Runtime.CompilerServices.TaskAwaiter<System.Boolean> kicquwp.OscarProtocol.<DeleteAccountAsync>d__191.<>u__3"
Dynamic,Field,"System.Int32 kicquwp.OscarProtocol.<DisconnectAfterDeleteAsync>d__194.<>1__state"
Dynamic,Field,"System.Runtime.CompilerServices.AsyncTaskMethodBuilder kicquwp.OscarProtocol.<DisconnectAfterDeleteAsync>d__194.<>t__builder"
Dynamic,Field,"kicquwp.OscarProtocol kicquwp.OscarProtocol.<DisconnectAfterDeleteAsync>d__194.<>4__this"
Dynamic,Field,"System.Runtime.CompilerServices.TaskAwaiter kicquwp.OscarProtocol.<DisconnectAfterDeleteAsync>d__194.<>u__1"
Dynamic,Field,"System.String kicquwp.OscarProtocol.<>c__DisplayClass198_0.uin"
Dynamic,Field,"kicquwp.OscarProtocol kicquwp.OscarProtocol.<>c__DisplayClass198_0.<>4__this"
Dynamic,Field,"Contact kicquwp.OscarProtocol.<>c__DisplayClass198_0.newContact"
Dynamic,Field,"Contact kicquwp.OscarProtocol.<>c__DisplayClass198_1.temp"
Dynamic,Field,"kicquwp.OscarProtocol.<>c__DisplayClass198_0 kicquwp.OscarProtocol.<>c__DisplayClass198_1.CS$<>8__locals1"
Dynamic,Field,"System.Int32 kicquwp.OscarProtocol.<AddContactAsync>d__198.<>1__state"
Dynamic,Field,"System.Runtime.CompilerServices.AsyncTaskMethodBuilder kicquwp.OscarProtocol.<AddContactAsync>d__198.<>t__builder"
Dynamic,Field,"System.String kicquwp.OscarProtocol.<AddContactAsync>d__198.uin"
Dynamic,Field,"kicquwp.OscarProtocol kicquwp.OscarProtocol.<AddContactAsync>d__198.<>4__this"
Dynamic,Field,"System.String kicquwp.OscarProtocol.<AddContactAsync>d__198.displayName"
Dynamic,Field,"kicquwp.OscarProtocol.<>c__DisplayClass198_0 kicquwp.OscarProtocol.<AddContactAsync>d__198.<>8__1"
Dynamic,Field,"System.UInt16 kicquwp.OscarProtocol.<AddContactAsync>d__198.<newItemId>5__2"
Dynamic,Field,"System.UInt16 kicquwp.OscarProtocol.<AddContactAsync>d__198.<targetGroupId>5__3"
Dynamic,Field,"System.String kicquwp.OscarProtocol.<AddContactAsync>d__198.<targetGroupName>5__4"
Dynamic,Field,"System.Runtime.CompilerServices.TaskAwaiter kicquwp.OscarProtocol.<AddContactAsync>d__198.<>u__1"
Dynamic,Field,"System.IO.MemoryStream kicquwp.OscarProtocol.<AddContactAsync>d__198.<tlvMs>5__5"
Dynamic,Field,"System.Byte[] kicquwp.OscarProtocol.<AddContactAsync>d__198.<contactTlv>5__6"
Dynamic,Field,"System.Runtime.CompilerServices.TaskAwaiter<System.UInt16> kicquwp.OscarProtocol.<AddContactAsync>d__198.<>u__2"
Dynamic,Field,"System.Int32 kicquwp.OscarProtocol.<RequestUserInfoAsync>d__200.<>1__state"
Dynamic,Field,"System.Runtime.CompilerServices.AsyncTaskMethodBuilder kicquwp.OscarProtocol.<RequestUserInfoAsync>d__200.<>t__builder"
Dynamic,Field,"System.String kicquwp.OscarProtocol.<RequestUserInfoAsync>d__200.uin"
Dynamic,Field,"kicquwp.OscarProtocol kicquwp.OscarProtocol.<RequestUserInfoAsync>d__200.<>4__this"
Dynamic,Field,"System.IO.MemoryStream kicquwp.OscarProtocol.<RequestUserInfoAsync>d__200.<ms>5__2"
Dynamic,Field,"System.Runtime.CompilerServices.TaskAwaiter kicquwp.OscarProtocol.<RequestUserInfoAsync>d__200.<>u__1"
Dynamic,Field,"System.Int32 kicquwp.OscarProtocol.<HandleServiceVersionsResponse>d__201.<>1__state"
Dynamic,Field,"System.Runtime.CompilerServices.AsyncTaskMethodBuilder kicquwp.OscarProtocol.<HandleServiceVersionsResponse>d__201.<>t__builder"
Dynamic,Field,"System.Byte[] kicquwp.OscarProtocol.<HandleServiceVersionsResponse>d__201.data"
Dynamic,Field,"System.Int32 kicquwp.OscarProtocol.<TeardownForReconnectAsync>d__202.<>1__state"
Dynamic,Field,"System.Runtime.CompilerServices.AsyncTaskMethodBuilder kicquwp.OscarProtocol.<TeardownForReconnectAsync>d__202.<>t__builder"
Dynamic,Field,"kicquwp.OscarProtocol kicquwp.OscarProtocol.<TeardownForReconnectAsync>d__202.<>4__this"
Dynamic,Field,"System.Runtime.CompilerServices.TaskAwaiter kicquwp.OscarProtocol.<TeardownForReconnectAsync>d__202.<>u__1"
Dynamic,Field,"System.Int32 kicquwp.OscarProtocol.<DisconnectAsync>d__203.<>1__state"
Dynamic,Field,"System.Runtime.CompilerServices.AsyncTaskMethodBuilder kicquwp.OscarProtocol.<DisconnectAsync>d__203.<>t__builder"
Dynamic,Field,"kicquwp.OscarProtocol kicquwp.OscarProtocol.<DisconnectAsync>d__203.<>4__this"
Dynamic,Field,"System.Runtime.CompilerServices.TaskAwaiter kicquwp.OscarProtocol.<DisconnectAsync>d__203.<>u__1"
Dynamic,Field,"System.String kicquwp.OscarProtocol.<>c__DisplayClass205_0.uin"
Dynamic,Field,"System.UInt32 kicquwp.OscarProtocol.<>c__DisplayClass205_0.status"
Dynamic,Field,"ContactInfo kicquwp.OscarProtocol.<>c__DisplayClass205_0.info"
Dynamic,Field,"kicquwp.OscarProtocol kicquwp.OscarProtocol.<>c__DisplayClass205_0.<>4__this"
Dynamic,Field,"System.Func<Contact, System.Boolean> kicquwp.OscarProtocol.<>c__DisplayClass205_0.<>9__1"
Dynamic,Field,"Contact kicquwp.OscarProtocol.<>c__DisplayClass205_1.contact"
Dynamic,Field,"kicquwp.OscarProtocol.<>c__DisplayClass205_0 kicquwp.OscarProtocol.<>c__DisplayClass205_1.CS$<>8__locals1"
Dynamic,Field,"Windows.UI.Core.DispatchedHandler kicquwp.OscarProtocol.<>c__DisplayClass205_1.<>9__3"
Dynamic,Field,"System.Int32 kicquwp.OscarProtocol.<HandleUserOnlineAsync>d__205.<>1__state"
Dynamic,Field,"System.Runtime.CompilerServices.AsyncTaskMethodBuilder kicquwp.OscarProtocol.<HandleUserOnlineAsync>d__205.<>t__builder"
Dynamic,Field,"kicquwp.OscarProtocol kicquwp.OscarProtocol.<HandleUserOnlineAsync>d__205.<>4__this"
Dynamic,Field,"System.Byte[] kicquwp.OscarProtocol.<HandleUserOnlineAsync>d__205.data"
Dynamic,Field,"System.Int32 kicquwp.OscarProtocol.<HandleUserOnlineAsync>d__205.<offset>5__2"
Dynamic,Field,"System.Runtime.CompilerServices.TaskAwaiter kicquwp.OscarProtocol.<HandleUserOnlineAsync>d__205.<>u__1"
Dynamic,Field,"System.Int32 kicquwp.OscarProtocol.<ReceiveServerSnacsAsync>d__211.<>1__state"
Dynamic,Field,"System.Runtime.CompilerServices.AsyncTaskMethodBuilder kicquwp.OscarProtocol.<ReceiveServerSnacsAsync>d__211.<>t__builder"
Dynamic,Field,"kicquwp.OscarProtocol kicquwp.OscarProtocol.<ReceiveServerSnacsAsync>d__211.<>4__this"
Dynamic,Field,"System.Runtime.CompilerServices.TaskAwaiter<kicquwp.OscarProtocol.FlapFrame> kicquwp.OscarProtocol.<ReceiveServerSnacsAsync>d__211.<>u__1"
Dynamic,Field,"System.Runtime.CompilerServices.TaskAwaiter kicquwp.OscarProtocol.<ReceiveServerSnacsAsync>d__211.<>u__2"
Dynamic,Field,"System.Int32 kicquwp.OscarProtocol.<KeepAliveLoopAsync>d__212.<>1__state"
Dynamic,Field,"System.Runtime.CompilerServices.AsyncTaskMethodBuilder kicquwp.OscarProtocol.<KeepAliveLoopAsync>d__212.<>t__builder"
Dynamic,Field,"System.Threading.CancellationToken kicquwp.OscarProtocol.<KeepAliveLoopAsync>d__212.token"
Dynamic,Field,"kicquwp.OscarProtocol kicquwp.OscarProtocol.<KeepAliveLoopAsync>d__212.<>4__this"
Dynamic,Field,"System.Runtime.CompilerServices.TaskAwaiter kicquwp.OscarProtocol.<KeepAliveLoopAsync>d__212.<>u__1"
Dynamic,Field,"System.Threading.Tasks.Task kicquwp.OscarProtocol.<KeepAliveLoopAsync>d__212.<sendTask>5__2"
Dynamic,Field,"System.Threading.Tasks.Task kicquwp.OscarProtocol.<KeepAliveLoopAsync>d__212.<timeout>5__3"
Dynamic,Field,"System.Runtime.CompilerServices.TaskAwaiter<System.Threading.Tasks.Task> kicquwp.OscarProtocol.<KeepAliveLoopAsync>d__212.<>u__2"
Dynamic,Field,"System.Int32 kicquwp.ReconnectService.<OnNetworkStatusChanged>d__33.<>1__state"
Dynamic,Field,"System.Runtime.CompilerServices.AsyncVoidMethodBuilder kicquwp.ReconnectService.<OnNetworkStatusChanged>d__33.<>t__builder"
Dynamic,Field,"kicquwp.ReconnectService kicquwp.ReconnectService.<OnNetworkStatusChanged>d__33.<>4__this"
Dynamic,Field,"System.Runtime.CompilerServices.TaskAwaiter kicquwp.ReconnectService.<OnNetworkStatusChanged>d__33.<>u__1"
Dynamic,Field,"System.Int32 kicquwp.ReconnectService.<MonitorLoopAsync>d__35.<>1__state"
Dynamic,Field,"System.Runtime.CompilerServices.AsyncTaskMethodBuilder kicquwp.ReconnectService.<MonitorLoopAsync>d__35.<>t__builder"
Dynamic,Field,"kicquwp.ReconnectService kicquwp.ReconnectService.<MonitorLoopAsync>d__35.<>4__this"
Dynamic,Field,"System.Threading.CancellationToken kicquwp.ReconnectService.<MonitorLoopAsync>d__35.token"
Dynamic,Field,"System.Runtime.CompilerServices.TaskAwaiter kicquwp.ReconnectService.<MonitorLoopAsync>d__35.<>u__1"
Dynamic,Field,"System.Runtime.CompilerServices.TaskAwaiter<System.Boolean> kicquwp.ReconnectService.<MonitorLoopAsync>d__35.<>u__2"
Dynamic,Field,"System.Int32 kicquwp.ReconnectService.<ForceReconnectAsync>d__36.<>1__state"
Dynamic,Field,"System.Runtime.CompilerServices.AsyncTaskMethodBuilder kicquwp.ReconnectService.<ForceReconnectAsync>d__36.<>t__builder"
Dynamic,Field,"kicquwp.ReconnectService kicquwp.ReconnectService.<ForceReconnectAsync>d__36.<>4__this"
Dynamic,Field,"System.Int32 kicquwp.ReconnectService.<ForceReconnectAsync>d__36.<attempt>5__2"
Dynamic,Field,"System.Runtime.CompilerServices.TaskAwaiter<System.Boolean> kicquwp.ReconnectService.<ForceReconnectAsync>d__36.<>u__1"
Dynamic,Field,"System.Runtime.CompilerServices.TaskAwaiter kicquwp.ReconnectService.<ForceReconnectAsync>d__36.<>u__2"
Dynamic,Field,"System.Int32 kicquwp.ReconnectService.<TryReconnectAsync>d__37.<>1__state"
Dynamic,Field,"System.Runtime.CompilerServices.AsyncTaskMethodBuilder<System.Boolean> kicquwp.ReconnectService.<TryReconnectAsync>d__37.<>t__builder"
Dynamic,Field,"kicquwp.ReconnectService kicquwp.ReconnectService.<TryReconnectAsync>d__37.<>4__this"
Dynamic,Field,"System.Runtime.CompilerServices.TaskAwaiter kicquwp.ReconnectService.<TryReconnectAsync>d__37.<>u__1"
Dynamic,Field,"System.Runtime.CompilerServices.TaskAwaiter<System.Boolean> kicquwp.ReconnectService.<TryReconnectAsync>d__37.<>u__2"
Dynamic,Field,"kicquwp.OscarProtocol kicquwp.ReconnectService.<>c__DisplayClass39_0.oscar"
Dynamic,Field,"kicquwp.ReconnectService kicquwp.ReconnectService.<>c__DisplayClass39_0.<>4__this"
Dynamic,Field,"System.Int32 kicquwp.ReconnectService.<OnIncomingMessage>d__40.<>1__state"
Dynamic,Field,"System.Runtime.CompilerServices.AsyncVoidMethodBuilder kicquwp.ReconnectService.<OnIncomingMessage>d__40.<>t__builder"
Dynamic,Field,"System.Int32 kicquwp.SearchPage.<SearchButton_Click>d__8.<>1__state"
Dynamic,Field,"System.Runtime.CompilerServices.AsyncVoidMethodBuilder kicquwp.SearchPage.<SearchButton_Click>d__8.<>t__builder"
Dynamic,Field,"kicquwp.SearchPage kicquwp.SearchPage.<SearchButton_Click>d__8.<>4__this"
Dynamic,Field,"System.Runtime.CompilerServices.TaskAwaiter<System.Collections.Generic.List<kicquwp.SearchResult>> kicquwp.SearchPage.<SearchButton_Click>d__8.<>u__1"
Dynamic,Field,"System.Int32 kicquwp.SearchPage.<AddContact_Click>d__9.<>1__state"
Dynamic,Field,"System.Runtime.CompilerServices.AsyncVoidMethodBuilder kicquwp.SearchPage.<AddContact_Click>d__9.<>t__builder"
Dynamic,Field,"System.Object kicquwp.SearchPage.<AddContact_Click>d__9.sender"
Dynamic,Field,"kicquwp.SearchPage kicquwp.SearchPage.<AddContact_Click>d__9.<>4__this"
Dynamic,Field,"Windows.UI.Xaml.Controls.Button kicquwp.SearchPage.<AddContact_Click>d__9.<btn>5__2"
Dynamic,Field,"System.String kicquwp.SearchPage.<AddContact_Click>d__9.<displayName>5__3"
Dynamic,Field,"System.Runtime.CompilerServices.TaskAwaiter kicquwp.SearchPage.<AddContact_Click>d__9.<>u__1"
Dynamic,Field,"System.Int32 kicquwp.SettingsPage.<PickBackground_Click>d__2.<>1__state"
Dynamic,Field,"System.Runtime.CompilerServices.AsyncVoidMethodBuilder kicquwp.SettingsPage.<PickBackground_Click>d__2.<>t__builder"
Dynamic,Field,"kicquwp.SettingsPage kicquwp.SettingsPage.<PickBackground_Click>d__2.<>4__this"
Dynamic,Field,"System.Object kicquwp.SettingsPage.<PickBackground_Click>d__2.<>7__wrap1"
Dynamic,Field,"System.Int32 kicquwp.SettingsPage.<PickBackground_Click>d__2.<>7__wrap2"
Dynamic,Field,"System.Runtime.CompilerServices.TaskAwaiter<Windows.Storage.StorageFile> kicquwp.SettingsPage.<PickBackground_Click>d__2.<>u__1"
Dynamic,Field,"System.Runtime.CompilerServices.TaskAwaiter<Windows.UI.Xaml.Controls.ContentDialogResult> kicquwp.SettingsPage.<PickBackground_Click>d__2.<>u__2"
Dynamic,Field,"System.Int32 kicquwp.SettingsPage.<PickChatBackground_Click>d__3.<>1__state"
Dynamic,Field,"System.Runtime.CompilerServices.AsyncVoidMethodBuilder kicquwp.SettingsPage.<PickChatBackground_Click>d__3.<>t__builder"
Dynamic,Field,"System.Object kicquwp.SettingsPage.<PickChatBackground_Click>d__3.<>7__wrap1"
Dynamic,Field,"System.Int32 kicquwp.SettingsPage.<PickChatBackground_Click>d__3.<>7__wrap2"
Dynamic,Field,"System.Runtime.CompilerServices.TaskAwaiter<Windows.Storage.StorageFile> kicquwp.SettingsPage.<PickChatBackground_Click>d__3.<>u__1"
Dynamic,Field,"System.Runtime.CompilerServices.TaskAwaiter<Windows.UI.Xaml.Controls.ContentDialogResult> kicquwp.SettingsPage.<PickChatBackground_Click>d__3.<>u__2"
Dynamic,Field,"System.Int32 kicquwp.SettingsPage.<ClearChatBackground_Click>d__11.<>1__state"
Dynamic,Field,"System.Runtime.CompilerServices.AsyncVoidMethodBuilder kicquwp.SettingsPage.<ClearChatBackground_Click>d__11.<>t__builder"
Dynamic,Field,"System.Runtime.CompilerServices.TaskAwaiter<Windows.Storage.StorageFile> kicquwp.SettingsPage.<ClearChatBackground_Click>d__11.<>u__1"
Dynamic,Field,"System.Runtime.CompilerServices.TaskAwaiter kicquwp.SettingsPage.<ClearChatBackground_Click>d__11.<>u__2"
Dynamic,Field,"System.Int32 kicquwp.SettingsPage.<ClearBackground_Click>d__15.<>1__state"
Dynamic,Field,"System.Runtime.CompilerServices.AsyncVoidMethodBuilder kicquwp.SettingsPage.<ClearBackground_Click>d__15.<>t__builder"
Dynamic,Field,"kicquwp.SettingsPage kicquwp.SettingsPage.<ClearBackground_Click>d__15.<>4__this"
Dynamic,Field,"System.Runtime.CompilerServices.TaskAwaiter<Windows.Storage.StorageFile> kicquwp.SettingsPage.<ClearBackground_Click>d__15.<>u__1"
Dynamic,Field,"System.Runtime.CompilerServices.TaskAwaiter kicquwp.SettingsPage.<ClearBackground_Click>d__15.<>u__2"
Dynamic,Field,"System.Int32 kicquwp.SettingsPage.<CheckUpdate_Click>d__18.<>1__state"
Dynamic,Field,"System.Runtime.CompilerServices.AsyncVoidMethodBuilder kicquwp.SettingsPage.<CheckUpdate_Click>d__18.<>t__builder"
Dynamic,Field,"kicquwp.SettingsPage kicquwp.SettingsPage.<CheckUpdate_Click>d__18.<>4__this"
Dynamic,Field,"System.Runtime.CompilerServices.TaskAwaiter kicquwp.SettingsPage.<CheckUpdate_Click>d__18.<>u__1"
Dynamic,Field,"System.Int32 kicquwp.SettingsPage.<OpenReleases_Click>d__19.<>1__state"
Dynamic,Field,"System.Runtime.CompilerServices.AsyncVoidMethodBuilder kicquwp.SettingsPage.<OpenReleases_Click>d__19.<>t__builder"
Dynamic,Field,"System.Runtime.CompilerServices.TaskAwaiter<System.Boolean> kicquwp.SettingsPage.<OpenReleases_Click>d__19.<>u__1"
Dynamic,Field,"System.Int32 kicquwp.SettingsPage.<CheckForUpdatesAsync>d__21.<>1__state"
Dynamic,Field,"System.Runtime.CompilerServices.AsyncTaskMethodBuilder kicquwp.SettingsPage.<CheckForUpdatesAsync>d__21.<>t__builder"
Dynamic,Field,"kicquwp.SettingsPage kicquwp.SettingsPage.<CheckForUpdatesAsync>d__21.<>4__this"
Dynamic,Field,"System.Boolean kicquwp.SettingsPage.<CheckForUpdatesAsync>d__21.silent"
Dynamic,Field,"System.Object kicquwp.SettingsPage.<CheckForUpdatesAsync>d__21.<>7__wrap1"
Dynamic,Field,"System.Int32 kicquwp.SettingsPage.<CheckForUpdatesAsync>d__21.<>7__wrap2"
Dynamic,Field,"kicquwp.GitHubUpdateService kicquwp.SettingsPage.<CheckForUpdatesAsync>d__21.<service>5__4"
Dynamic,Field,"kicquwp.UpdateCheckResult kicquwp.SettingsPage.<CheckForUpdatesAsync>d__21.<result>5__5"
Dynamic,Field,"System.Runtime.CompilerServices.TaskAwaiter<kicquwp.UpdateCheckResult> kicquwp.SettingsPage.<CheckForUpdatesAsync>d__21.<>u__1"
Dynamic,Field,"System.Runtime.CompilerServices.TaskAwaiter<Windows.UI.Xaml.Controls.ContentDialogResult> kicquwp.SettingsPage.<CheckForUpdatesAsync>d__21.<>u__2"
Dynamic,Field,"System.Runtime.CompilerServices.TaskAwaiter<System.Boolean> kicquwp.SettingsPage.<CheckForUpdatesAsync>d__21.<>u__3"
Dynamic,Field,"System.String kicquwp.SettingsPage.<>c__DisplayClass23_0.capturedPwd"
Dynamic,Field,"Windows.UI.Xaml.Controls.PasswordBox kicquwp.SettingsPage.<>c__DisplayClass23_0.pwdBox"
Dynamic,Field,"Windows.UI.Xaml.Controls.TextBlock kicquwp.SettingsPage.<>c__DisplayClass23_0.errText"
Dynamic,Field,"kicquwp.SettingsPage kicquwp.SettingsPage.<>c__DisplayClass23_0.<>4__this"
Dynamic,Field,"System.Int32 kicquwp.SettingsPage.<DeleteAccount_Click>d__23.<>1__state"
Dynamic,Field,"System.Runtime.CompilerServices.AsyncVoidMethodBuilder kicquwp.SettingsPage.<DeleteAccount_Click>d__23.<>t__builder"
Dynamic,Field,"kicquwp.SettingsPage kicquwp.SettingsPage.<DeleteAccount_Click>d__23.<>4__this"
Dynamic,Field,"kicquwp.SettingsPage.<>c__DisplayClass23_0 kicquwp.SettingsPage.<DeleteAccount_Click>d__23.<>8__1"
Dynamic,Field,"System.Object kicquwp.SettingsPage.<DeleteAccount_Click>d__23.sender"
Dynamic,Field,"Windows.UI.Xaml.Controls.Button kicquwp.SettingsPage.<DeleteAccount_Click>d__23.<btn>5__2"
Dynamic,Field,"System.Runtime.CompilerServices.TaskAwaiter<Windows.UI.Xaml.Controls.ContentDialogResult> kicquwp.SettingsPage.<DeleteAccount_Click>d__23.<>u__1"
Dynamic,Field,"System.Object kicquwp.SettingsPage.<DeleteAccount_Click>d__23.<>7__wrap2"
Dynamic,Field,"System.Int32 kicquwp.SettingsPage.<DeleteAccount_Click>d__23.<>7__wrap3"
Dynamic,Field,"kicquwp.OscarProtocol kicquwp.SettingsPage.<DeleteAccount_Click>d__23.<protocol>5__5"
Dynamic,Field,"System.Boolean kicquwp.SettingsPage.<DeleteAccount_Click>d__23.<success>5__6"
Dynamic,Field,"System.Runtime.CompilerServices.TaskAwaiter<System.Boolean> kicquwp.SettingsPage.<DeleteAccount_Click>d__23.<>u__2"
Dynamic,Field,"System.Runtime.CompilerServices.TaskAwaiter kicquwp.SettingsPage.<DeleteAccount_Click>d__23.<>u__3"
Dynamic,Field,"System.Int32 kicquwp.SettingsPage.<DeleteAccount_Click>d__23.<>7__wrap6"
Dynamic,Field,"System.Exception kicquwp.SettingsPage.<DeleteAccount_Click>d__23.<ex>5__8"
Dynamic,Field,"System.Int32 kicquwp.SoundService.<PlayMessage>d__4.<>1__state"
Dynamic,Field,"System.Runtime.CompilerServices.AsyncVoidMethodBuilder kicquwp.SoundService.<PlayMessage>d__4.<>t__builder"
Dynamic,Field,"System.Runtime.CompilerServices.TaskAwaiter kicquwp.SoundService.<PlayMessage>d__4.<>u__1"
Dynamic,Field,"System.Int32 kicquwp.SoundService.<PlayOnline>d__5.<>1__state"
Dynamic,Field,"System.Runtime.CompilerServices.AsyncVoidMethodBuilder kicquwp.SoundService.<PlayOnline>d__5.<>t__builder"
Dynamic,Field,"System.Runtime.CompilerServices.TaskAwaiter kicquwp.SoundService.<PlayOnline>d__5.<>u__1"
Dynamic,Field,"System.Int32 kicquwp.SoundService.<PlayOffline>d__6.<>1__state"
Dynamic,Field,"System.Runtime.CompilerServices.AsyncVoidMethodBuilder kicquwp.SoundService.<PlayOffline>d__6.<>t__builder"
Dynamic,Field,"System.Runtime.CompilerServices.TaskAwaiter kicquwp.SoundService.<PlayOffline>d__6.<>u__1"
Dynamic,Field,"System.Int32 kicquwp.SoundService.<PlayError>d__7.<>1__state"
Dynamic,Field,"System.Runtime.CompilerServices.AsyncVoidMethodBuilder kicquwp.SoundService.<PlayError>d__7.<>t__builder"
Dynamic,Field,"System.Runtime.CompilerServices.TaskAwaiter kicquwp.SoundService.<PlayError>d__7.<>u__1"
Dynamic,Field,"System.Int32 kicquwp.SoundService.<PlayNotification>d__8.<>1__state"
Dynamic,Field,"System.Runtime.CompilerServices.AsyncVoidMethodBuilder kicquwp.SoundService.<PlayNotification>d__8.<>t__builder"
Dynamic,Field,"System.Runtime.CompilerServices.TaskAwaiter kicquwp.SoundService.<PlayNotification>d__8.<>u__1"
Dynamic,Field,"kicquwp.SoundService.<>c kicquwp.SoundService.<>c.<>9"
Dynamic,Field,"Windows.UI.Core.DispatchedHandler kicquwp.SoundService.<>c.<>9__9_0"
Dynamic,Field,"System.Int32 kicquwp.SoundService.<Play>d__9.<>1__state"
Dynamic,Field,"System.Runtime.CompilerServices.AsyncTaskMethodBuilder kicquwp.SoundService.<Play>d__9.<>t__builder"
Dynamic,Field,"System.String kicquwp.SoundService.<Play>d__9.uri"
Dynamic,Field,"System.Runtime.CompilerServices.TaskAwaiter kicquwp.SoundService.<Play>d__9.<>u__1"
Dynamic,Field,"kicquwp.Program.<>c kicquwp.Program.<>c.<>9"
Dynamic,Field,"Windows.UI.Xaml.ApplicationInitializationCallback kicquwp.Program.<>c.<>9__0_0"
Dynamic,Field,"System.Int32 kicquwp.App.<>c.<<CheckUpdateOnStartup>b__18_0>d.<>1__state"
Dynamic,Field,"System.Runtime.CompilerServices.AsyncTaskMethodBuilder kicquwp.App.<>c.<<CheckUpdateOnStartup>b__18_0>d.<>t__builder"
Dynamic,Field,"kicquwp.App.<>c__DisplayClass18_0 kicquwp.App.<>c.<<CheckUpdateOnStartup>b__18_0>d.<>8__1"
Dynamic,Field,"System.Runtime.CompilerServices.TaskAwaiter kicquwp.App.<>c.<<CheckUpdateOnStartup>b__18_0>d.<>u__1"
Dynamic,Field,"System.Runtime.CompilerServices.TaskAwaiter<kicquwp.UpdateCheckResult> kicquwp.App.<>c.<<CheckUpdateOnStartup>b__18_0>d.<>u__2"
Dynamic,Field,"System.Int32 kicquwp.App.<>c__DisplayClass18_0.<<CheckUpdateOnStartup>b__1>d.<>1__state"
Dynamic,Field,"System.Runtime.CompilerServices.AsyncVoidMethodBuilder kicquwp.App.<>c__DisplayClass18_0.<<CheckUpdateOnStartup>b__1>d.<>t__builder"
Dynamic,Field,"kicquwp.App.<>c__DisplayClass18_0 kicquwp.App.<>c__DisplayClass18_0.<<CheckUpdateOnStartup>b__1>d.<>4__this"
Dynamic,Field,"System.Runtime.CompilerServices.TaskAwaiter<Windows.UI.Xaml.Controls.ContentDialogResult> kicquwp.App.<>c__DisplayClass18_0.<<CheckUpdateOnStartup>b__1>d.<>u__1"
Dynamic,Field,"System.Runtime.CompilerServices.TaskAwaiter<System.Boolean> kicquwp.App.<>c__DisplayClass18_0.<<CheckUpdateOnStartup>b__1>d.<>u__2"
Dynamic,Field,"System.Int32 kicquwp.ChatPage.<>c__DisplayClass27_0.<<OnIncomingMessage>b__0>d.<>1__state"
Dynamic,Field,"System.Runtime.CompilerServices.AsyncVoidMethodBuilder kicquwp.ChatPage.<>c__DisplayClass27_0.<<OnIncomingMessage>b__0>d.<>t__builder"
Dynamic,Field,"kicquwp.ChatPage.<>c__DisplayClass27_0 kicquwp.ChatPage.<>c__DisplayClass27_0.<<OnIncomingMessage>b__0>d.<>4__this"
Dynamic,Field,"System.Runtime.CompilerServices.TaskAwaiter kicquwp.ChatPage.<>c__DisplayClass27_0.<<OnIncomingMessage>b__0>d.<>u__1"
Dynamic,Field,"System.Int32 kicquwp.ChatPage.<>c__DisplayClass30_0.<<SendCurrentMessageAsync>b__2>d.<>1__state"
Dynamic,Field,"System.Runtime.CompilerServices.AsyncVoidMethodBuilder kicquwp.ChatPage.<>c__DisplayClass30_0.<<SendCurrentMessageAsync>b__2>d.<>t__builder"
Dynamic,Field,"kicquwp.ChatPage.<>c__DisplayClass30_0 kicquwp.ChatPage.<>c__DisplayClass30_0.<<SendCurrentMessageAsync>b__2>d.<>4__this"
Dynamic,Field,"System.Runtime.CompilerServices.TaskAwaiter kicquwp.ChatPage.<>c__DisplayClass30_0.<<SendCurrentMessageAsync>b__2>d.<>u__1"
Dynamic,Field,"System.Int32 kicquwp.LoginPage.<>c__DisplayClass13_0.<<ShowMessageDialog>b__0>d.<>1__state"
Dynamic,Field,"System.Runtime.CompilerServices.AsyncVoidMethodBuilder kicquwp.LoginPage.<>c__DisplayClass13_0.<<ShowMessageDialog>b__0>d.<>t__builder"
Dynamic,Field,"kicquwp.LoginPage.<>c__DisplayClass13_0 kicquwp.LoginPage.<>c__DisplayClass13_0.<<ShowMessageDialog>b__0>d.<>4__this"
Dynamic,Field,"System.Runtime.CompilerServices.TaskAwaiter<Windows.UI.Xaml.Controls.ContentDialogResult> kicquwp.LoginPage.<>c__DisplayClass13_0.<<ShowMessageDialog>b__0>d.<>u__1"
Dynamic,Field,"System.Int32 kicquwp.MainPage.<>c__DisplayClass39_0.<<OnKickedOut>b__0>d.<>1__state"
Dynamic,Field,"System.Runtime.CompilerServices.AsyncVoidMethodBuilder kicquwp.MainPage.<>c__DisplayClass39_0.<<OnKickedOut>b__0>d.<>t__builder"
Dynamic,Field,"kicquwp.MainPage.<>c__DisplayClass39_0 kicquwp.MainPage.<>c__DisplayClass39_0.<<OnKickedOut>b__0>d.<>4__this"
Dynamic,Field,"System.Runtime.CompilerServices.TaskAwaiter kicquwp.MainPage.<>c__DisplayClass39_0.<<OnKickedOut>b__0>d.<>u__1"
Dynamic,Field,"System.Int32 kicquwp.OscarProtocol.<>c__DisplayClass148_0.<<ShowMessageDialog>b__0>d.<>1__state"
Dynamic,Field,"System.Runtime.CompilerServices.AsyncVoidMethodBuilder kicquwp.OscarProtocol.<>c__DisplayClass148_0.<<ShowMessageDialog>b__0>d.<>t__builder"
Dynamic,Field,"kicquwp.OscarProtocol.<>c__DisplayClass148_0 kicquwp.OscarProtocol.<>c__DisplayClass148_0.<<ShowMessageDialog>b__0>d.<>4__this"
Dynamic,Field,"System.Runtime.CompilerServices.TaskAwaiter<Windows.UI.Xaml.Controls.ContentDialogResult> kicquwp.OscarProtocol.<>c__DisplayClass148_0.<<ShowMessageDialog>b__0>d.<>u__1"
Dynamic,Field,"System.Int32 kicquwp.OscarProtocol.<>c__DisplayClass181_0.<<RequestFullUserInfoDetailedAsync>b__1>d.<>1__state"
Dynamic,Field,"System.Runtime.CompilerServices.AsyncTaskMethodBuilder kicquwp.OscarProtocol.<>c__DisplayClass181_0.<<RequestFullUserInfoDetailedAsync>b__1>d.<>t__builder"
Dynamic,Field,"kicquwp.OscarProtocol.<>c__DisplayClass181_0 kicquwp.OscarProtocol.<>c__DisplayClass181_0.<<RequestFullUserInfoDetailedAsync>b__1>d.<>4__this"
Dynamic,Field,"System.IO.MemoryStream kicquwp.OscarProtocol.<>c__DisplayClass181_0.<<RequestFullUserInfoDetailedAsync>b__1>d.<body>5__2"
Dynamic,Field,"System.Runtime.CompilerServices.TaskAwaiter kicquwp.OscarProtocol.<>c__DisplayClass181_0.<<RequestFullUserInfoDetailedAsync>b__1>d.<>u__1"
Dynamic,Field,"System.Int32 kicquwp.ReconnectService.<>c__DisplayClass39_0.<<ForceReconnect>b__0>d.<>1__state"
Dynamic,Field,"System.Runtime.CompilerServices.AsyncTaskMethodBuilder kicquwp.ReconnectService.<>c__DisplayClass39_0.<<ForceReconnect>b__0>d.<>t__builder"
Dynamic,Field,"kicquwp.ReconnectService.<>c__DisplayClass39_0 kicquwp.ReconnectService.<>c__DisplayClass39_0.<<ForceReconnect>b__0>d.<>4__this"
Dynamic,Field,"System.Runtime.CompilerServices.TaskAwaiter kicquwp.ReconnectService.<>c__DisplayClass39_0.<<ForceReconnect>b__0>d.<>u__1"
Dynamic,Field,"System.String System.Diagnostics.Tracing.EventSourceAttribute.<Name>k__BackingField"
Dynamic,Field,"System.String System.Diagnostics.Tracing.EventSourceAttribute.<Guid>k__BackingField"
Dynamic,Field,"System.String System.Diagnostics.Tracing.EventSourceAttribute.<LocalizationResources>k__BackingField"
Dynamic,Field,"System.Int32 System.Diagnostics.Tracing.EventAttribute.<EventId>k__BackingField"
Dynamic,Field,"System.Diagnostics.Tracing.EventLevel System.Diagnostics.Tracing.EventAttribute.<Level>k__BackingField"
Dynamic,Field,"System.Diagnostics.Tracing.EventKeywords System.Diagnostics.Tracing.EventAttribute.<Keywords>k__BackingField"
Dynamic,Field,"System.Diagnostics.Tracing.EventTask System.Diagnostics.Tracing.EventAttribute.<Task>k__BackingField"
Dynamic,Field,"System.Byte System.Diagnostics.Tracing.EventAttribute.<Version>k__BackingField"
Dynamic,Field,"System.String System.Diagnostics.Tracing.EventAttribute.<Message>k__BackingField"
Dynamic,Field,"System.Diagnostics.Tracing.EventTags System.Diagnostics.Tracing.EventAttribute.<Tags>k__BackingField"
Dynamic,Field,"System.Diagnostics.Tracing.EventActivityOptions System.Diagnostics.Tracing.EventAttribute.<ActivityOptions>k__BackingField"
Dynamic,Field,"System.Diagnostics.Tracing.EventOpcode System.Diagnostics.Tracing.EventAttribute.m_opcode"
Dynamic,Field,"System.Boolean System.Diagnostics.Tracing.EventAttribute.m_opcodeSet"
Dynamic,Field,"System.Diagnostics.Tracing.EventLevel System.Diagnostics.Tracing.EventDataAttribute.level"
Dynamic,Field,"System.Diagnostics.Tracing.EventOpcode System.Diagnostics.Tracing.EventDataAttribute.opcode"
Dynamic,Field,"System.String System.Diagnostics.Tracing.EventDataAttribute.<Name>k__BackingField"
Dynamic,Field,"System.Diagnostics.Tracing.EventKeywords System.Diagnostics.Tracing.EventDataAttribute.<Keywords>k__BackingField"
Dynamic,Field,"System.Diagnostics.Tracing.EventTags System.Diagnostics.Tracing.EventDataAttribute.<Tags>k__BackingField"
Dynamic,Field,"Windows.ApplicationModel.Background.BackgroundTaskDeferral Background.BackgroundTask.BackgroundTask._deferral"
Dynamic,Field,"System.Int32 Background.BackgroundTask.BackgroundTask.<Run>d__1.<>1__state"
Dynamic,Field,"System.Runtime.CompilerServices.AsyncVoidMethodBuilder Background.BackgroundTask.BackgroundTask.<Run>d__1.<>t__builder"
Dynamic,Field,"Background.BackgroundTask.BackgroundTask Background.BackgroundTask.BackgroundTask.<Run>d__1.<>4__this"
Dynamic,Field,"Windows.ApplicationModel.Background.IBackgroundTaskInstance Background.BackgroundTask.BackgroundTask.<Run>d__1.taskInstance"
Dynamic,Field,"System.Runtime.CompilerServices.TaskAwaiter Background.BackgroundTask.BackgroundTask.<Run>d__1.<>u__1"
Dynamic,Field,"System.Diagnostics.DiagnosticSourceEventSource System.Diagnostics.DiagnosticSourceEventSource.Logger"
Dynamic,Field,"System.Boolean System.Diagnostics.DiagnosticSourceEventSource._false"
Dynamic,Field,"System.Diagnostics.DiagnosticSourceEventSource.FilterAndTransform System.Diagnostics.DiagnosticSourceEventSource._specs"
Dynamic,Field,"System.UInt16 Windows.UI.Text.FontWeight.Weight"
Dynamic,Field,"System.String Windows.UI.Xaml.Markup.XmlnsDefinition.XmlNamespace"
Dynamic,Field,"System.String Windows.UI.Xaml.Markup.XmlnsDefinition.Namespace"
Dynamic,Field,"System.Object System.Diagnostics.Tracing.PropertyValue._reference"
Dynamic,Field,"System.Diagnostics.Tracing.PropertyValue.Scalar System.Diagnostics.Tracing.PropertyValue._scalar"
Dynamic,Field,"System.Int32 System.Diagnostics.Tracing.PropertyValue._scalarLength"
Dynamic,Field,"System.Int32 Windows.UI.Xaml.DurationType.value__"
Dynamic,Field,"System.Double Windows.UI.Xaml.Media.Animation.RepeatBehavior._Count"
Dynamic,Field,"System.TimeSpan Windows.UI.Xaml.Media.Animation.RepeatBehavior._Duration"
Dynamic,Field,"Windows.UI.Xaml.Media.Animation.RepeatBehaviorType Windows.UI.Xaml.Media.Animation.RepeatBehavior._Type"
Dynamic,Field,"System.Single System.Numerics.Vector3.X"
Dynamic,Field,"System.Single System.Numerics.Vector3.Y"
Dynamic,Field,"System.Single System.Numerics.Vector3.Z"
Dynamic,Field,"System.Int32 System.Xml.XmlNodeType.value__"
Dynamic,Field,"K System.Runtime.Serialization.KeyValue<K, V>._key"
Dynamic,Field,"V System.Runtime.Serialization.KeyValue<K, V>._value"
Dynamic,Field,"System.Object System.Runtime.Serialization.KeyValue<System.Object, System.Object>._key"
Dynamic,Field,"System.Object System.Runtime.Serialization.KeyValue<System.Object, System.Object>._value"
Dynamic,Field,"System.Int32 System.Xml.XmlDateTimeSerializationMode.value__"
Dynamic,Field,"System.Int32 Windows.UI.Xaml.Media.Animation.RepeatBehaviorType.value__"
Dynamic,Field,"System.String Windows.UI.Xaml.Markup.ContentPropertyAttribute.Name"
Dynamic,Field,"System.Int32 System.Diagnostics.Tracing.EventSource.EventParameterType.value__"
Dynamic,Field,"System.Diagnostics.Tracing.EventSource.EventParameterType System.Diagnostics.Tracing.EventSource.EventParameterType.Boolean"
Dynamic,Field,"System.Diagnostics.Tracing.EventSource.EventParameterType System.Diagnostics.Tracing.EventSource.EventParameterType.Byte"
Dynamic,Field,"System.Diagnostics.Tracing.EventSource.EventParameterType System.Diagnostics.Tracing.EventSource.EventParameterType.SByte"
Dynamic,Field,"System.Diagnostics.Tracing.EventSource.EventParameterType System.Diagnostics.Tracing.EventSource.EventParameterType.Char"
Dynamic,Field,"System.Diagnostics.Tracing.EventSource.EventParameterType System.Diagnostics.Tracing.EventSource.EventParameterType.Int16"
Dynamic,Field,"System.Diagnostics.Tracing.EventSource.EventParameterType System.Diagnostics.Tracing.EventSource.EventParameterType.UInt16"
Dynamic,Field,"System.Diagnostics.Tracing.EventSource.EventParameterType System.Diagnostics.Tracing.EventSource.EventParameterType.Int32"
Dynamic,Field,"System.Diagnostics.Tracing.EventSource.EventParameterType System.Diagnostics.Tracing.EventSource.EventParameterType.UInt32"
Dynamic,Field,"System.Diagnostics.Tracing.EventSource.EventParameterType System.Diagnostics.Tracing.EventSource.EventParameterType.Int64"
Dynamic,Field,"System.Diagnostics.Tracing.EventSource.EventParameterType System.Diagnostics.Tracing.EventSource.EventParameterType.UInt64"
Dynamic,Field,"System.Diagnostics.Tracing.EventSource.EventParameterType System.Diagnostics.Tracing.EventSource.EventParameterType.IntPtr"
Dynamic,Field,"System.Diagnostics.Tracing.EventSource.EventParameterType System.Diagnostics.Tracing.EventSource.EventParameterType.Single"
Dynamic,Field,"System.Diagnostics.Tracing.EventSource.EventParameterType System.Diagnostics.Tracing.EventSource.EventParameterType.Double"
Dynamic,Field,"System.Diagnostics.Tracing.EventSource.EventParameterType System.Diagnostics.Tracing.EventSource.EventParameterType.Decimal"
Dynamic,Field,"System.Diagnostics.Tracing.EventSource.EventParameterType System.Diagnostics.Tracing.EventSource.EventParameterType.Guid"
Dynamic,Field,"System.Diagnostics.Tracing.EventSource.EventParameterType System.Diagnostics.Tracing.EventSource.EventParameterType.String"
Dynamic,Field,"System.String System.Diagnostics.Tracing.EventSource.EventMessage.message"
Dynamic,Field,"System.Diagnostics.Tracing.EventDescriptor System.Diagnostics.Tracing.EventSource.EventMetadata.Descriptor"
Dynamic,Field,"System.Diagnostics.Tracing.EventTags System.Diagnostics.Tracing.EventSource.EventMetadata.Tags"
Dynamic,Field,"System.Boolean System.Diagnostics.Tracing.EventSource.EventMetadata.EnabledForAnyListener"
Dynamic,Field,"System.Boolean System.Diagnostics.Tracing.EventSource.EventMetadata.EnabledForETW"
Dynamic,Field,"System.Byte System.Diagnostics.Tracing.EventSource.EventMetadata.TriggersActivityTracking"
Dynamic,Field,"System.String System.Diagnostics.Tracing.EventSource.EventMetadata.Name"
Dynamic,Field,"System.String System.Diagnostics.Tracing.EventSource.EventMetadata.Message"
Dynamic,Field,"System.Reflection.ParameterInfo[] System.Diagnostics.Tracing.EventSource.EventMetadata.Parameters"
Dynamic,Field,"System.Diagnostics.Tracing.TraceLoggingEventTypes System.Diagnostics.Tracing.EventSource.EventMetadata.TraceLoggingEventTypes"
Dynamic,Field,"System.Diagnostics.Tracing.EventActivityOptions System.Diagnostics.Tracing.EventSource.EventMetadata.ActivityOptions"
Dynamic,Field,"System.Diagnostics.Tracing.EventSource.EventParameterType[] System.Diagnostics.Tracing.EventSource.EventMetadata.ParameterTypes"
Dynamic,Field,"System.Diagnostics.Tracing.EventKeywords System.Diagnostics.DiagnosticSourceEventSource.Keywords.Messages"
Dynamic,Field,"System.Diagnostics.Tracing.EventKeywords System.Diagnostics.DiagnosticSourceEventSource.Keywords.Events"
Dynamic,Field,"System.Xml.XmlNode System.Xml.DebuggerDisplayXmlNodeProxy._node"
Dynamic,Field,"System.Boolean System.Diagnostics.Tracing.PropertyValue.Scalar.AsBoolean"
Dynamic,Field,"System.Byte System.Diagnostics.Tracing.PropertyValue.Scalar.AsByte"
Dynamic,Field,"System.SByte System.Diagnostics.Tracing.PropertyValue.Scalar.AsSByte"
Dynamic,Field,"System.Char System.Diagnostics.Tracing.PropertyValue.Scalar.AsChar"
Dynamic,Field,"System.Int16 System.Diagnostics.Tracing.PropertyValue.Scalar.AsInt16"
Dynamic,Field,"System.UInt16 System.Diagnostics.Tracing.PropertyValue.Scalar.AsUInt16"
Dynamic,Field,"System.Int32 System.Diagnostics.Tracing.PropertyValue.Scalar.AsInt32"
Dynamic,Field,"System.UInt32 System.Diagnostics.Tracing.PropertyValue.Scalar.AsUInt32"
Dynamic,Field,"System.Int64 System.Diagnostics.Tracing.PropertyValue.Scalar.AsInt64"
Dynamic,Field,"System.UInt64 System.Diagnostics.Tracing.PropertyValue.Scalar.AsUInt64"
Dynamic,Field,"System.IntPtr System.Diagnostics.Tracing.PropertyValue.Scalar.AsIntPtr"
Dynamic,Field,"System.UIntPtr System.Diagnostics.Tracing.PropertyValue.Scalar.AsUIntPtr"
Dynamic,Field,"System.Single System.Diagnostics.Tracing.PropertyValue.Scalar.AsSingle"
Dynamic,Field,"System.Double System.Diagnostics.Tracing.PropertyValue.Scalar.AsDouble"
Dynamic,Field,"System.Guid System.Diagnostics.Tracing.PropertyValue.Scalar.AsGuid"
Dynamic,Field,"System.DateTime System.Diagnostics.Tracing.PropertyValue.Scalar.AsDateTime"
Dynamic,Field,"System.DateTimeOffset System.Diagnostics.Tracing.PropertyValue.Scalar.AsDateTimeOffset"
Dynamic,Field,"System.TimeSpan System.Diagnostics.Tracing.PropertyValue.Scalar.AsTimeSpan"
Dynamic,Field,"System.Decimal System.Diagnostics.Tracing.PropertyValue.Scalar.AsDecimal"
Dynamic,Field,"System.Diagnostics.DiagnosticSourceEventSource.FilterAndTransform System.Diagnostics.DiagnosticSourceEventSource.FilterAndTransform.Next"
Dynamic,Field,"System.UInt32 Windows.Foundation.Metadata.MuseAttribute.Version"
Dynamic,Field,"System.UInt32 Windows.Foundation.Metadata.DualApiPartitionAttribute.version"
Dynamic,Field,"System.Int64 System.Diagnostics.Tracing.EventSource.EventData.m_Ptr"
Dynamic,Field,"System.Int32 System.Diagnostics.Tracing.EventSource.EventData.m_Size"
Dynamic,Field,"System.Int32 System.Diagnostics.Tracing.EventSource.EventData.m_Reserved"
Dynamic,Field,"System.Int32 System.AttributeTargets.value__"
Dynamic,Field,"System.Int32 System.Collections.Specialized.NotifyCollectionChangedAction.value__"
Dynamic,Field,"System.Int32 Windows.UI.Xaml.GridUnitType.value__"
Dynamic,Field,"System.Int32 System.Diagnostics.DebuggableAttribute.DebuggingModes.value__"
Dynamic,Field,"System.Int32 System.DayOfWeek.value__"
Dynamic,Field,"System.Int32 System.Globalization.DateTimeStyles.value__"
Dynamic,Field,"System.Int32 System.Globalization.TimeSpanStyles.value__"
Dynamic,Field,"System.Int32 System.UriKind.value__"
Dynamic,Field,"System.Int32 System.UriHostNameType.value__"
Dynamic,Field,"System.Int32 System.UriComponents.value__"
Dynamic,Field,"System.Int32 System.UriFormat.value__"
Dynamic,Field,"System.Int32 System.StringComparison.value__"
Dynamic,Field,"System.Int32 System.TypeCode.value__"
Dynamic,Field,"System.Int32 System.Globalization.NumberStyles.value__"
Dynamic,Field,"System.Int32 System.Runtime.InteropServices.VarEnum.value__"
Dynamic,Field,"System.Int32 System.Runtime.Serialization.SerializationMode.value__"
Dynamic,Field,"System.Byte System.Runtime.Serialization.CollectionKind.value__"
Dynamic,Field,"System.Int32 System.Xml.XmlNamespaceScope.value__"
Dynamic,Field,"System.Int32 System.Xml.WriteState.value__"
Dynamic,Field,"System.Int32 System.Xml.XmlSpace.value__"
Dynamic,Field,"System.Int32 System.Xml.ExceptionType.value__"
Dynamic,Field,"System.Int32 System.StringSplitOptions.value__"
Dynamic,Field,"System.Int32 System.DateTimeKind.value__"
Dynamic,Field,"System.Int32 System.Runtime.Serialization.EmitTypeInformation.value__"
Dynamic,Field,"System.Int32 System.Diagnostics.Tracing.EventLevel.value__"
Dynamic,Field,"System.Int64 System.Diagnostics.Tracing.EventKeywords.value__"
Dynamic,Field,"System.Int32 System.Diagnostics.Tracing.EventOpcode.value__"
Dynamic,Field,"System.Int32 System.Diagnostics.Tracing.EventTask.value__"
Dynamic,Field,"System.Int32 System.Diagnostics.Tracing.EventTags.value__"
Dynamic,Field,"System.Int32 System.Diagnostics.Tracing.EventActivityOptions.value__"
Dynamic,Field,"System.Byte System.Diagnostics.Tracing.EventChannel.value__"
Dynamic,Field,"System.Int32 System.Diagnostics.Tracing.EventSourceSettings.value__"
Dynamic,Field,"System.Int32 System.Diagnostics.Tracing.EventManifestOptions.value__"
Dynamic,Field,"System.Int32 System.Diagnostics.Tracing.EventCommand.value__"
Dynamic,Field,"System.Int32 System.Reflection.MethodAttributes.value__"
Dynamic,Field,"System.Int32 System.Reflection.CallingConventions.value__"
Dynamic,Field,"System.Int32 System.Reflection.MethodImplAttributes.value__"
Dynamic,Field,"System.Int32 System.Runtime.InteropServices.CustomQueryInterfaceMode.value__"
Dynamic,Field,"System.Int32 System.Threading.Tasks.TaskCreationOptions.value__"
Dynamic,Field,"System.Int32 System.Threading.Tasks.TaskStatus.value__"
Dynamic,Field,"System.Int32 System.Threading.Tasks.TaskContinuationOptions.value__"
Dynamic,Field,"System.Int32 System.Runtime.InteropServices.CallingConvention.value__"
Dynamic,Field,"System.Int32 System.Runtime.GCLatencyMode.value__"
Dynamic,Field,"System.Int32 System.Runtime.InteropServices.GCHandleType.value__"
Dynamic,Field,"System.Int32 System.ComponentModel.EditorBrowsableState.value__"
Dynamic,Field,"System.Int32 System.Runtime.InteropServices.ComInterfaceType.value__"
Dynamic,Field,"System.Int32 System.Diagnostics.DebuggerBrowsableState.value__"
Dynamic,Field,"System.Diagnostics.Tracing.EventKeywords System.Diagnostics.Tracing.EventSourceOptions.keywords"
Dynamic,Field,"System.Diagnostics.Tracing.EventTags System.Diagnostics.Tracing.EventSourceOptions.tags"
Dynamic,Field,"System.Diagnostics.Tracing.EventActivityOptions System.Diagnostics.Tracing.EventSourceOptions.activityOptions"
Dynamic,Field,"System.Byte System.Diagnostics.Tracing.EventSourceOptions.level"
Dynamic,Field,"System.Byte System.Diagnostics.Tracing.EventSourceOptions.opcode"
Dynamic,Field,"System.Byte System.Diagnostics.Tracing.EventSourceOptions.valuesSet"
Dynamic,Field,"System.Int32 System.Diagnostics.Tracing.EventDescriptor.m_traceloggingId"
Dynamic,Field,"System.UInt16 System.Diagnostics.Tracing.EventDescriptor.m_id"
Dynamic,Field,"System.Byte System.Diagnostics.Tracing.EventDescriptor.m_version"
Dynamic,Field,"System.Byte System.Diagnostics.Tracing.EventDescriptor.m_channel"
Dynamic,Field,"System.Byte System.Diagnostics.Tracing.EventDescriptor.m_level"
Dynamic,Field,"System.Byte System.Diagnostics.Tracing.EventDescriptor.m_opcode"
Dynamic,Field,"System.UInt16 System.Diagnostics.Tracing.EventDescriptor.m_task"
Dynamic,Field,"System.Int64 System.Diagnostics.Tracing.EventDescriptor.m_keywords"
Dynamic,Field,"System.UInt16 Windows.ApplicationModel.PackageVersion.Major"
Dynamic,Field,"System.UInt16 Windows.ApplicationModel.PackageVersion.Minor"
Dynamic,Field,"System.UInt16 Windows.ApplicationModel.PackageVersion.Build"
Dynamic,Field,"System.UInt16 Windows.ApplicationModel.PackageVersion.Revision"
Dynamic,Field,"System.Int32 System.Xml.Schema.XsdDateTimeFlags.value__"
Dynamic,Field,"System.IDisposable System.Diagnostics.DiagnosticSourceEventSource.Subscriptions.Subscription"
Dynamic,Field,"System.Diagnostics.DiagnosticSourceEventSource.Subscriptions System.Diagnostics.DiagnosticSourceEventSource.Subscriptions.Next"
Dynamic,Field,"System.DateTime System.Runtime.Serialization.DateTimeOffsetAdapter._utcDateTime"
Dynamic,Field,"System.Int16 System.Runtime.Serialization.DateTimeOffsetAdapter._offsetMinutes"
Dynamic,Field,"System.Int32 System.Runtime.InteropServices.CharSet.value__"
Dynamic,Field,"System.Int32 System.Diagnostics.Tracing.ControllerCommand.value__"
Dynamic,Field,"System.Int32 System.Reflection.PropertyAttributes.value__"
Dynamic,Field,"System.Int32 System.Reflection.FieldAttributes.value__"
Dynamic,Field,"System.Int32 System.IO.SeekOrigin.value__"
Dynamic,Field,"System.Int32 System.Reflection.ParameterAttributes.value__"
Dynamic,Field,"System.Int32 System.Runtime.InteropServices.ComTypes.IMPLTYPEFLAGS.value__"
Dynamic,Field,"System.Int32 System.Runtime.InteropServices.ComTypes.INVOKEKIND.value__"
Dynamic,Field,"System.Int32 System.Reflection.BindingFlags.value__"
Dynamic,Field,"System.Int32 System.Xml.DtdProcessing.value__"
Dynamic,Field,"System.Int32 System.Xml.ReadState.value__"
Dynamic,Field,"System.Int32 System.Net.HttpStatusCode.value__"
Dynamic,Field,"System.Diagnostics.DiagnosticSourceEventSource.TransformSpec System.Diagnostics.DiagnosticSourceEventSource.TransformSpec.Next"
Dynamic,Field,"System.Int32 System.Xml.Schema.XsdDateTime.DateTimeTypeCode.value__"
Dynamic,Field,"System.Int32 System.Xml.Schema.XsdDateTime.XsdDateTimeKind.value__"
Dynamic,Field,"System.Int32 System.Reflection.TypeAttributes.value__"
Dynamic,Field,"System.Int32 System.Reflection.GenericParameterAttributes.value__"
Dynamic,Field,"System.Int32 System.Diagnostics.Contracts.ContractFailureKind.value__"
Dynamic,Field,"System.Int32 System.Globalization.CompareOptions.value__"
Dynamic,Field,"System.Int32 System.Globalization.CalendarWeekRule.value__"
Dynamic,Field,"System.Int32 System.Reflection.ResourceLocation.value__"
Dynamic,Field,"System.Int32 System.Runtime.InteropServices.ComTypes.DESCKIND.value__"
Dynamic,Field,"System.Int32 System.Runtime.InteropServices.ComTypes.TYPEKIND.value__"
Dynamic,Field,"System.Int32 System.Xml.XmlDictionaryReaderQuotaTypes.value__"
Dynamic,Field,"System.Int32 System.Xml.XmlNodeChangedAction.value__"
Dynamic,Field,"System.Int32 System.Xml.Schema.XsdDuration.DurationType.value__"
Dynamic,Field,"System.Int32 System.Net.Http.HttpCompletionOption.value__"
Dynamic,Field,"System.Double Windows.UI.Xaml.Thickness._Left"
Dynamic,Field,"System.Double Windows.UI.Xaml.Thickness._Top"
Dynamic,Field,"System.Double Windows.UI.Xaml.Thickness._Right"
Dynamic,Field,"System.Double Windows.UI.Xaml.Thickness._Bottom"
Dynamic,Field,"System.DateTime System.Xml.Schema.XsdDateTime.dt"
Dynamic,Field,"System.UInt32 System.Xml.Schema.XsdDateTime.extra"
Dynamic,Field,"System.Int32 System.Xml.Schema.XsdDuration._years"
Dynamic,Field,"System.Int32 System.Xml.Schema.XsdDuration._months"
Dynamic,Field,"System.Int32 System.Xml.Schema.XsdDuration._days"
Dynamic,Field,"System.Int32 System.Xml.Schema.XsdDuration._hours"
Dynamic,Field,"System.Int32 System.Xml.Schema.XsdDuration._minutes"
Dynamic,Field,"System.Int32 System.Xml.Schema.XsdDuration._seconds"
Dynamic,Field,"System.UInt32 System.Xml.Schema.XsdDuration._nanoseconds"
Dynamic,Field,"System.Int32 System.Xml.TriState.value__"
Dynamic,Field,"System.Int32 System.Reflection.EventAttributes.value__"
Dynamic,Field,"System.Int32 System.Xml.Serialization.XmlMappingAccess.value__"
Dynamic,Field,"System.Int32 System.Xml.NewLineHandling.value__"
Dynamic,Field,"System.Int32 System.Xml.NamespaceHandling.value__"
Dynamic,Field,"System.Int32 System.Xml.ConformanceLevel.value__"
Dynamic,Field,"System.Int32 System.Net.Http.ClientCertificateOption.value__"
Dynamic,Field,"System.Int32 System.Net.DecompressionMethods.value__"
Dynamic,Field,"System.Int32 System.Xml.Schema.XsdDuration.Parts.value__"
Dynamic,Field,"System.Int32 System.Xml.XmlBaseReader.QNameType.value__"
Dynamic,Field,"System.Int32 System.Xml.PrefixHandleType.value__"
Dynamic,Field,"System.Int32 System.Runtime.Serialization.Json.XmlJsonReader.JsonComplexTextMode.value__"
Dynamic,Field,"System.Int32 System.Diagnostics.Tracing.EventFieldFormat.value__"
Dynamic,Field,"System.Int32 System.Threading.LockRecursionPolicy.value__"
Dynamic,Field,"System.Int32 System.Xml.XmlWellFormedWriter.NamespaceKind.value__"
Dynamic,Field,"System.Int32 System.Runtime.Serialization.Json.JsonNodeType.value__"
Dynamic,Field,"System.Int32 System.Xml.StringHandleConstStringType.value__"
Dynamic,Field,"System.Int32 System.Xml.ValueHandleType.value__"
Dynamic,Field,"System.Runtime.Serialization.DataMember System.Runtime.Serialization.ClassDataContract.ClassDataContractCriticalHelper.Member.member"
Dynamic,Field,"System.String System.Runtime.Serialization.ClassDataContract.ClassDataContractCriticalHelper.Member.ns"
Dynamic,Field,"System.Int32 System.Runtime.Serialization.ClassDataContract.ClassDataContractCriticalHelper.Member.baseTypeIndex"
Dynamic,Field,"System.Int32 System.Xml.XmlWellFormedWriter.State.value__"
Dynamic,Field,"System.Int32 System.Xml.XmlWellFormedWriter.SpecialAttribute.value__"
Dynamic,Field,"System.Int32 System.Xml.XmlTextReaderImpl.ParsingFunction.value__"
Dynamic,Field,"System.Int32 System.Xml.StringHandle.StringHandleType.value__"
Dynamic,Field,"System.Int32 System.Threading.LazyThreadSafetyMode.value__"
Dynamic,Field,"System.Int32 System.Xml.XmlStandalone.value__"
Dynamic,Field,"System.Int32 System.Xml.XmlWellFormedWriter.Token.value__"
Dynamic,Field,"System.Int32 System.Xml.EncodingStreamWrapper.SupportedEncoding.value__"
Dynamic,Field,"System.Int32 System.ValueTuple<System.Int32, System.Int32, System.Int32, System.Boolean>.Item1"
Dynamic,Field,"T1 System.ValueTuple<T1, T2, T3, T4>.Item1"
Dynamic,Field,"System.Int32 System.ValueTuple<System.Int32, System.Int32, System.Int32, System.Boolean>.Item2"
Dynamic,Field,"T2 System.ValueTuple<T1, T2, T3, T4>.Item2"
Dynamic,Field,"System.Int32 System.ValueTuple<System.Int32, System.Int32, System.Int32, System.Boolean>.Item3"
Dynamic,Field,"T3 System.ValueTuple<T1, T2, T3, T4>.Item3"
Dynamic,Field,"System.Boolean System.ValueTuple<System.Int32, System.Int32, System.Int32, System.Boolean>.Item4"
Dynamic,Field,"T4 System.ValueTuple<T1, T2, T3, T4>.Item4"
Dynamic,Field,"System.Byte System.Xml.XmlBaseWriter.DocumentState.value__"
Dynamic,Field,"System.Int32 System.Xml.XmlTextReaderImpl.InitInputType.value__"
Dynamic,Field,"System.Int32 System.Xml.XmlTextReaderImpl.ParsingMode.value__"
Dynamic,Field,"System.Int32 System.Xml.XmlTextReaderImpl.IncrementalReadState.value__"
Dynamic,Field,"System.Int32 System.Xml.XmlTextReaderImpl.EntityType.value__"
Dynamic,Field,"System.Int32 System.Globalization.UnicodeCategory.value__"
Dynamic,Field,"System.Int32 System.Text.ISO2022Encoding.ISO2022Modes.value__"
Dynamic,Field,"System.Int32 System.Xml.XmlWellFormedWriter.AttributeValueCache.ItemType.value__"
Dynamic,Field,"System.Int32 System.Xml.XmlBaseReader.XmlNode.XmlNodeFlags.value__"
Dynamic,Field,"System.Int32 System.Xml.XmlTextReaderImpl.EntityExpandType.value__"
Dynamic,Field,"System.Int32 System.Xml.ValueHandleConstStringType.value__"
Dynamic,Field,"System.Int32 System.Xml.WhitespaceHandling.value__"
Dynamic,Field,"System.Int32 System.Runtime.Serialization.Json.JsonEncodingStreamWrapper.SupportedEncoding.value__"
Dynamic,Field,"System.Int32 System.Runtime.Serialization.Json.XmlJsonWriter.JsonDataType.value__"
Dynamic,Field,"Windows.Web.Http.HttpProgressStage Windows.Web.Http.HttpProgress.Stage"
Dynamic,Field,"System.UInt64 Windows.Web.Http.HttpProgress.BytesSent"
Dynamic,Field,"System.Nullable<System.UInt64> Windows.Web.Http.HttpProgress.TotalBytesToSend"
Dynamic,Field,"System.UInt64 Windows.Web.Http.HttpProgress.BytesReceived"
Dynamic,Field,"System.Nullable<System.UInt64> Windows.Web.Http.HttpProgress.TotalBytesToReceive"
Dynamic,Field,"System.UInt32 Windows.Web.Http.HttpProgress.Retries"
Dynamic,Field,"System.Int32 System.Runtime.Serialization.Json.XmlJsonWriter.NameState.value__"
Dynamic,Field,"System.Int32 System.Xml.XmlBinaryNodeType.value__"
Dynamic,Field,"System.Int32 System.Net.Sockets.AddressFamily.value__"
Dynamic,Field,"System.Int32 System.Net.Sockets.SocketError.value__"
Dynamic,Field,"System.Int32 System.Xml.DtdParser.Token.value__"
Dynamic,Field,"System.Int32 System.Xml.DtdParser.ScanningFunction.value__"
Dynamic,Field,"System.Int32 System.Threading.EventResetMode.value__"
Dynamic,Field,"System.Int32 System.Xml.DtdParser.LiteralType.value__"
Dynamic,Field,"System.Int32 System.Xml.Schema.SchemaAttDef.Reserve.value__"
Dynamic,Field,"System.Int32 System.Xml.XmlTokenizedType.value__"
Dynamic,Field,"System.Int32 System.Xml.Schema.SchemaDeclBase.Use.value__"
Dynamic,Method,"System.String Contact.Uin.get()"
Dynamic,Method,"System.Void Contact.Uin.set(System.String value)"
Dynamic,Method,"System.String Contact.Name.get()"
Dynamic,Method,"System.Void Contact.Name.set(System.String value)"
Dynamic,Method,"System.String Contact.Group.get()"
Dynamic,Method,"System.Void Contact.Group.set(System.String value)"
Dynamic,Method,"System.Boolean Contact.IsTemporary.get()"
Dynamic,Method,"System.Void Contact.IsTemporary.set(System.Boolean value)"
Dynamic,Method,"System.String Contact.XtrazIcon.get()"
Dynamic,Method,"System.Void Contact.XtrazIcon.set(System.String value)"
Dynamic,Method,"ContactInfo Contact.Info.get()"
Dynamic,Method,"System.Void Contact.Info.set(ContactInfo value)"
Dynamic,Method,"System.UInt16 Contact.ItemId.get()"
Dynamic,Method,"System.Void Contact.ItemId.set(System.UInt16 value)"
Dynamic,Method,"System.UInt16 Contact.GroupId.get()"
Dynamic,Method,"System.Void Contact.GroupId.set(System.UInt16 value)"
Dynamic,Method,"System.String Contact.StatusIcon.get()"
Dynamic,Method,"System.Void Contact.StatusIcon.set(System.String value)"
Dynamic,Method,"System.Boolean Contact.IsNewOnline.get()"
Dynamic,Method,"System.Void Contact.IsNewOnline.set(System.Boolean value)"
Dynamic,Method,"System.Int32 Contact.UnreadCount.get()"
Dynamic,Method,"System.Void Contact.UnreadCount.set(System.Int32 value)"
Dynamic,Method,"System.Boolean Contact.HasUnread.get()"
Dynamic,Method,"System.Void Contact.NotifyBackgroundChanged()"
Dynamic,Method,"System.Byte Contact.BackgroundAlpha.get()"
Dynamic,Method,"System.String Contact.ToString()"
Dynamic,Method,"System.Void Contact.add_PropertyChanged(System.ComponentModel.PropertyChangedEventHandler value)"
Dynamic,Method,"System.Void Contact.remove_PropertyChanged(System.ComponentModel.PropertyChangedEventHandler value)"
Dynamic,Method,"System.Void Contact.OnPropertyChanged(System.String propertyName)"
Dynamic,Method,"System.Void Contact..ctor()"
Dynamic,Method,"System.String ContactInfo.Uin.get()"
Dynamic,Method,"System.Void ContactInfo.Uin.set(System.String value)"
Dynamic,Method,"System.UInt32 ContactInfo.Status.get()"
Dynamic,Method,"System.Void ContactInfo.Status.set(System.UInt32 value)"
Dynamic,Method,"System.UInt32 ContactInfo.OnlineTime.get()"
Dynamic,Method,"System.Void ContactInfo.OnlineTime.set(System.UInt32 value)"
Dynamic,Method,"System.UInt32 ContactInfo.SignonTime.get()"
Dynamic,Method,"System.Void ContactInfo.SignonTime.set(System.UInt32 value)"
Dynamic,Method,"System.UInt32 ContactInfo.MemberSince.get()"
Dynamic,Method,"System.Void ContactInfo.MemberSince.set(System.UInt32 value)"
Dynamic,Method,"System.UInt32 ContactInfo.ExternalIp.get()"
Dynamic,Method,"System.Void ContactInfo.ExternalIp.set(System.UInt32 value)"
Dynamic,Method,"System.UInt16 ContactInfo.UserClass.get()"
Dynamic,Method,"System.Void ContactInfo.UserClass.set(System.UInt16 value)"
Dynamic,Method,"System.UInt32 ContactInfo.DcInternalIp.get()"
Dynamic,Method,"System.Void ContactInfo.DcInternalIp.set(System.UInt32 value)"
Dynamic,Method,"System.UInt16 ContactInfo.DcPort.get()"
Dynamic,Method,"System.Void ContactInfo.DcPort.set(System.UInt16 value)"
Dynamic,Method,"System.Byte ContactInfo.DcType.get()"
Dynamic,Method,"System.Void ContactInfo.DcType.set(System.Byte value)"
Dynamic,Method,"System.String ContactInfo.StatusMessage.get()"
Dynamic,Method,"System.Void ContactInfo.StatusMessage.set(System.String value)"
Dynamic,Method,"System.String ContactInfo.Mood.get()"
Dynamic,Method,"System.Void ContactInfo.Mood.set(System.String value)"
Dynamic,Method,"System.String ContactInfo.MoodText.get()"
Dynamic,Method,"System.String ContactInfo.StatusText.get()"
Dynamic,Method,"System.String ContactInfo.OnlineTimeText.get()"
Dynamic,Method,"System.String ContactInfo.SignonTimeText.get()"
Dynamic,Method,"System.String ContactInfo.MemberSinceText.get()"
Dynamic,Method,"System.String ContactInfo.ExternalIpText.get()"
Dynamic,Method,"System.String ContactInfo.UnixToString(System.UInt32 unix)"
Dynamic,Method,"System.Void ContactInfo..ctor()"
Dynamic,Method,"System.Void kicquwp.AccountInfoPage..ctor()"
Dynamic,Method,"System.Void kicquwp.AccountInfoPage.OnNavigatedTo(Windows.UI.Xaml.Navigation.NavigationEventArgs e)"
Dynamic,Method,"System.UInt16 kicquwp.AccountInfoPage.NextSeq()"
Dynamic,Method,"System.Threading.Tasks.Task kicquwp.AccountInfoPage.LoadUserInfo()"
Dynamic,Method,"System.Void kicquwp.AccountInfoPage.SaveButton_Click(System.Object sender, Windows.UI.Xaml.RoutedEventArgs e)"
Dynamic,Method,"System.Void kicquwp.AccountInfoPage.SetStatus(System.Boolean loading, System.String text)"
Dynamic,Method,"System.Void kicquwp.AccountInfoPage.BackButton_Click(System.Object sender, Windows.UI.Xaml.RoutedEventArgs e)"
Dynamic,Method,"System.Void kicquwp.AccountInfoPage.InitializeComponent()"
Dynamic,Method,"System.Void kicquwp.AccountInfoPage.Connect(System.Int32 connectionId, System.Object target)"
Dynamic,Method,"Windows.UI.Xaml.Markup.IComponentConnector kicquwp.AccountInfoPage.GetBindingConnector(System.Int32 connectionId, System.Object target)"
Dynamic,Method,"System.Void kicquwp.AccountInfoPage.<>n__0(Windows.UI.Xaml.Navigation.NavigationEventArgs e)"
Dynamic,Method,"System.String kicquwp.UserBasicInfo.Nick.get()"
Dynamic,Method,"System.Void kicquwp.UserBasicInfo.Nick.set(System.String value)"
Dynamic,Method,"System.String kicquwp.UserBasicInfo.FirstName.get()"
Dynamic,Method,"System.Void kicquwp.UserBasicInfo.FirstName.set(System.String value)"
Dynamic,Method,"System.String kicquwp.UserBasicInfo.LastName.get()"
Dynamic,Method,"System.Void kicquwp.UserBasicInfo.LastName.set(System.String value)"
Dynamic,Method,"System.String kicquwp.UserBasicInfo.Email.get()"
Dynamic,Method,"System.Void kicquwp.UserBasicInfo.Email.set(System.String value)"
Dynamic,Method,"System.String kicquwp.UserBasicInfo.HomePhone.get()"
Dynamic,Method,"System.Void kicquwp.UserBasicInfo.HomePhone.set(System.String value)"
Dynamic,Method,"System.String kicquwp.UserBasicInfo.HomeFax.get()"
Dynamic,Method,"System.Void kicquwp.UserBasicInfo.HomeFax.set(System.String value)"
Dynamic,Method,"System.String kicquwp.UserBasicInfo.CellPhone.get()"
Dynamic,Method,"System.Void kicquwp.UserBasicInfo.CellPhone.set(System.String value)"
Dynamic,Method,"System.String kicquwp.UserBasicInfo.City.get()"
Dynamic,Method,"System.Void kicquwp.UserBasicInfo.City.set(System.String value)"
Dynamic,Method,"System.String kicquwp.UserBasicInfo.State.get()"
Dynamic,Method,"System.Void kicquwp.UserBasicInfo.State.set(System.String value)"
Dynamic,Method,"System.String kicquwp.UserBasicInfo.Address.get()"
Dynamic,Method,"System.Void kicquwp.UserBasicInfo.Address.set(System.String value)"
Dynamic,Method,"System.String kicquwp.UserBasicInfo.ZipCode.get()"
Dynamic,Method,"System.Void kicquwp.UserBasicInfo.ZipCode.set(System.String value)"
Dynamic,Method,"System.UInt16 kicquwp.UserBasicInfo.Country.get()"
Dynamic,Method,"System.Void kicquwp.UserBasicInfo.Country.set(System.UInt16 value)"
Dynamic,Method,"System.Byte kicquwp.UserBasicInfo.GmtOffset.get()"
Dynamic,Method,"System.Void kicquwp.UserBasicInfo.GmtOffset.set(System.Byte value)"
Dynamic,Method,"System.Byte kicquwp.UserBasicInfo.AuthFlag.get()"
Dynamic,Method,"System.Void kicquwp.UserBasicInfo.AuthFlag.set(System.Byte value)"
Dynamic,Method,"System.Byte kicquwp.UserBasicInfo.WebAware.get()"
Dynamic,Method,"System.Void kicquwp.UserBasicInfo.WebAware.set(System.Byte value)"
Dynamic,Method,"System.Void kicquwp.UserBasicInfo..ctor()"
Dynamic,Method,"kicquwp.OscarProtocol kicquwp.App.Oscar.get()"
Dynamic,Method,"System.Void kicquwp.App.Oscar.set(kicquwp.OscarProtocol value)"
Dynamic,Method,"kicquwp.ReconnectService kicquwp.App.ReconnectService.get()"
Dynamic,Method,"System.Void kicquwp.App.ReconnectService.set(kicquwp.ReconnectService value)"
Dynamic,Method,"System.Byte kicquwp.App.ContactAlpha.get()"
Dynamic,Method,"System.Void kicquwp.App.ContactAlpha.set(System.Byte value)"
Dynamic,Method,"Windows.UI.Xaml.Media.ImageBrush kicquwp.App.GlobalChatBackground.get()"
Dynamic,Method,"System.Void kicquwp.App.GlobalChatBackground.set(Windows.UI.Xaml.Media.ImageBrush value)"
Dynamic,Method,"System.Void kicquwp.App..ctor()"
Dynamic,Method,"System.Void kicquwp.App.OnLaunched(Windows.ApplicationModel.Activation.LaunchActivatedEventArgs e)"
Dynamic,Method,"System.Void kicquwp.App.CheckUpdateOnStartup()"
Dynamic,Method,"System.Void kicquwp.App.OnBackgroundActivated(Windows.ApplicationModel.Activation.BackgroundActivatedEventArgs args)"
Dynamic,Method,"System.Void kicquwp.App.OnNavigationFailed(System.Object sender, Windows.UI.Xaml.Navigation.NavigationFailedEventArgs e)"
Dynamic,Method,"System.Void kicquwp.App.OnActivated(Windows.ApplicationModel.Activation.IActivatedEventArgs e)"
Dynamic,Method,"System.Threading.Tasks.Task kicquwp.App.OpenChatPageFromToastAsync(System.String uin)"
Dynamic,Method,"System.String kicquwp.App.ExtractUinFromArgs(System.String args)"
Dynamic,Method,"System.Void kicquwp.App.OnSuspending(System.Object sender, Windows.ApplicationModel.SuspendingEventArgs e)"
Dynamic,Method,"System.Void kicquwp.App.OnResuming(System.Object sender, System.Object e)"
Dynamic,Method,"System.Void kicquwp.App.InitializeComponent()"
Dynamic,Method,"Windows.UI.Xaml.Markup.IXamlType kicquwp.App.GetXamlType(System.Type type)"
Dynamic,Method,"Windows.UI.Xaml.Markup.IXamlType kicquwp.App.GetXamlType(System.String fullName)"
Dynamic,Method,"Windows.UI.Xaml.Markup.XmlnsDefinition[] kicquwp.App.GetXmlnsDefinitions()"
Dynamic,Method,"System.Void kicquwp.App.<>n__0(Windows.ApplicationModel.Activation.IActivatedEventArgs args)"
Dynamic,Method,"System.Object kicquwp.BoolToVisibilityConverter.Convert(System.Object value, System.Type targetType, System.Object parameter, System.String language)"
Dynamic,Method,"System.Object kicquwp.BoolToVisibilityConverter.ConvertBack(System.Object value, System.Type targetType, System.Object parameter, System.String language)"
Dynamic,Method,"System.Void kicquwp.BoolToVisibilityConverter..ctor()"
Dynamic,Method,"System.Object kicquwp.ByteToOpacityConverter.Convert(System.Object value, System.Type targetType, System.Object parameter, System.String language)"
Dynamic,Method,"System.Object kicquwp.ByteToOpacityConverter.ConvertBack(System.Object value, System.Type targetType, System.Object parameter, System.String language)"
Dynamic,Method,"System.Void kicquwp.ByteToOpacityConverter..ctor()"
Dynamic,Method,"System.String kicquwp.ChatMessage.Text.get()"
Dynamic,Method,"System.Void kicquwp.ChatMessage.Text.set(System.String value)"
Dynamic,Method,"System.String kicquwp.ChatMessage.SenderName.get()"
Dynamic,Method,"System.Void kicquwp.ChatMessage.SenderName.set(System.String value)"
Dynamic,Method,"System.String kicquwp.ChatMessage.Time.get()"
Dynamic,Method,"System.Void kicquwp.ChatMessage.Time.set(System.String value)"
Dynamic,Method,"System.Boolean kicquwp.ChatMessage.IsIncoming.get()"
Dynamic,Method,"System.Void kicquwp.ChatMessage.IsIncoming.set(System.Boolean value)"
Dynamic,Method,"System.Boolean kicquwp.ChatMessage.IsOutgoing.get()"
Dynamic,Method,"System.Void kicquwp.ChatMessage.IsOutgoing.set(System.Boolean value)"
Dynamic,Method,"System.Void kicquwp.ChatMessage.add_PropertyChanged(System.ComponentModel.PropertyChangedEventHandler value)"
Dynamic,Method,"System.Void kicquwp.ChatMessage.remove_PropertyChanged(System.ComponentModel.PropertyChangedEventHandler value)"
Dynamic,Method,"System.Void kicquwp.ChatMessage.OnPropertyChanged(System.String name)"
Dynamic,Method,"System.Void kicquwp.ChatMessage..ctor()"
Dynamic,Method,"System.Void kicquwp.ChatPage..ctor()"
Dynamic,Method,"System.String kicquwp.ChatPage.MakeMessageKey(kicquwp.ChatMessage msg)"
Dynamic,Method,"System.Void kicquwp.ChatPage.OnNavigatedTo(Windows.UI.Xaml.Navigation.NavigationEventArgs e)"
Dynamic,Method,"System.Void kicquwp.ChatPage.OnChatConnectionLost()"
Dynamic,Method,"System.Void kicquwp.ChatPage.OnNavigatedFrom(Windows.UI.Xaml.Navigation.NavigationEventArgs e)"
Dynamic,Method,"System.Void kicquwp.ChatPage.UpdateAppBar()"
Dynamic,Method,"System.Void kicquwp.ChatPage.AddSecondaryButton(Windows.UI.Xaml.Controls.CommandBar bar, System.String label, Windows.UI.Xaml.Controls.Symbol icon, Windows.UI.Xaml.RoutedEventHandler handler)"
Dynamic,Method,"System.Void kicquwp.ChatPage.AddToContacts_Click(System.Object sender, Windows.UI.Xaml.RoutedEventArgs e)"
Dynamic,Method,"System.Void kicquwp.ChatPage.CopyUin_Click(System.Object sender, Windows.UI.Xaml.RoutedEventArgs e)"
Dynamic,Method,"System.Void kicquwp.ChatPage.ContactInfo_Click(System.Object sender, Windows.UI.Xaml.RoutedEventArgs e)"
Dynamic,Method,"System.Void kicquwp.ChatPage.RenameContact_Click(System.Object sender, Windows.UI.Xaml.RoutedEventArgs e)"
Dynamic,Method,"System.Void kicquwp.ChatPage.DeleteContact_Click(System.Object sender, Windows.UI.Xaml.RoutedEventArgs e)"
Dynamic,Method,"System.Void kicquwp.ChatPage.ClearChat_Click(System.Object sender, Windows.UI.Xaml.RoutedEventArgs e)"
Dynamic,Method,"System.Threading.Tasks.Task kicquwp.ChatPage.ShowRenameDialogAsync(Contact contact, System.Func<System.String, System.Threading.Tasks.Task> onSave)"
Dynamic,Method,"System.Void kicquwp.ChatPage.OnIncomingMessage(System.String senderUin, System.String text)"
Dynamic,Method,"System.Void kicquwp.ChatPage.SendMessage_Click(System.Object sender, Windows.UI.Xaml.RoutedEventArgs e)"
Dynamic,Method,"System.Void kicquwp.ChatPage.MessageTextBox_KeyDown(System.Object sender, Windows.UI.Xaml.Input.KeyRoutedEventArgs e)"
Dynamic,Method,"System.Threading.Tasks.Task kicquwp.ChatPage.SendCurrentMessageAsync()"
Dynamic,Method,"System.Void kicquwp.ChatPage.OnTypingNotification(System.String senderUin, System.UInt16 type)"
Dynamic,Method,"System.Void kicquwp.ChatPage.MessageTextBox_TextChanged(System.Object sender, Windows.UI.Xaml.Controls.TextChangedEventArgs e)"
Dynamic,Method,"System.Void kicquwp.ChatPage.OnTypingTimerTick(System.Object sender, System.Object e)"
Dynamic,Method,"System.Void kicquwp.ChatPage.MessageBorder_Holding(System.Object sender, Windows.UI.Xaml.Input.HoldingRoutedEventArgs e)"
Dynamic,Method,"System.Void kicquwp.ChatPage.StartReply(kicquwp.ChatMessage msg)"
Dynamic,Method,"System.Void kicquwp.ChatPage.CancelReply_Click(System.Object sender, Windows.UI.Xaml.RoutedEventArgs e)"
Dynamic,Method,"System.Void kicquwp.ChatPage.CopyMessageText(kicquwp.ChatMessage msg)"
Dynamic,Method,"System.Threading.Tasks.Task kicquwp.ChatPage.ForwardMessageAsync(kicquwp.ChatMessage msg)"
Dynamic,Method,"System.Threading.Tasks.Task kicquwp.ChatPage.ShowForwardContactPickerAsync(System.String textToForward)"
Dynamic,Method,"System.Void kicquwp.ChatPage.EmojiButton_Click(System.Object sender, Windows.UI.Xaml.RoutedEventArgs e)"
Dynamic,Method,"System.Void kicquwp.ChatPage.LoadEmojiAnimationsAsync()"
Dynamic,Method,"System.Void kicquwp.ChatPage.OnEmojiPicked_GridView(System.Object sender, Windows.UI.Xaml.Controls.ItemClickEventArgs e)"
Dynamic,Method,"System.Void kicquwp.ChatPage.InsertEmoji_Click(System.Object sender, Windows.UI.Xaml.RoutedEventArgs e)"
Dynamic,Method,"System.Void kicquwp.ChatPage.OnConnectionLost()"
Dynamic,Method,"System.Void kicquwp.ChatPage.OnReconnectedInChat(kicquwp.OscarProtocol newOscar)"
Dynamic,Method,"System.Void kicquwp.ChatPage.ScrollToBottom()"
Dynamic,Method,"System.Threading.Tasks.Task kicquwp.ChatPage.ApplyChatBackgroundAsync()"
Dynamic,Method,"System.String kicquwp.ChatPage.HistoryFileName.get()"
Dynamic,Method,"System.Threading.Tasks.Task kicquwp.ChatPage.SaveMessageAsync(kicquwp.ChatMessage msg)"
Dynamic,Method,"System.Threading.Tasks.Task kicquwp.ChatPage.LoadHistoryAsync()"
Dynamic,Method,"System.Threading.Tasks.Task kicquwp.ChatPage.ShowErrorDialogAsync(System.String message)"
Dynamic,Method,"System.Threading.Tasks.Task kicquwp.ChatPage.ShowDialogAsync(System.String message)"
Dynamic,Method,"System.Threading.Tasks.Task kicquwp.ChatPage.ShowInfoDialogAsync(System.String message, System.String title)"
Dynamic,Method,"System.Void kicquwp.ChatPage.BackButton_Click(System.Object sender, Windows.UI.Xaml.RoutedEventArgs e)"
Dynamic,Method,"System.Void kicquwp.ChatPage.OnWindowVisibilityChanged(Windows.UI.Core.CoreWindow sender, Windows.UI.Core.VisibilityChangedEventArgs args)"
Dynamic,Method,"System.Void kicquwp.ChatPage.InitializeComponent()"
Dynamic,Method,"System.Void kicquwp.ChatPage.Connect(System.Int32 connectionId, System.Object target)"
Dynamic,Method,"Windows.UI.Xaml.Markup.IComponentConnector kicquwp.ChatPage.GetBindingConnector(System.Int32 connectionId, System.Object target)"
Dynamic,Method,"System.Void kicquwp.ChatPage..cctor()"
Dynamic,Method,"System.Void kicquwp.ChatPage.<>n__0(Windows.UI.Xaml.Navigation.NavigationEventArgs e)"
Dynamic,Method,"System.Void kicquwp.ChatPage.<OnChatConnectionLost>b__16_0()"
Dynamic,Method,"System.Threading.Tasks.Task kicquwp.ChatPage.<RenameContact_Click>b__23_0(System.String newName)"
Dynamic,Method,"System.Void kicquwp.ChatPage.<OnConnectionLost>b__44_0()"
Dynamic,Method,"System.Void kicquwp.ChatPage.<OnReconnectedInChat>b__45_0()"
Dynamic,Method,"System.Void kicquwp.ChatPage.<ScrollToBottom>b__46_0()"
Dynamic,Method,"System.String kicquwp.ContactGroup.GroupName.get()"
Dynamic,Method,"System.Void kicquwp.ContactGroup.GroupName.set(System.String value)"
Dynamic,Method,"System.Void kicquwp.ContactGroup..ctor(System.String name, System.Collections.ObjectModel.ObservableCollection<Contact> contacts)"
Dynamic,Method,"System.Threading.Tasks.Task kicquwp.ContactStorage.SaveContactsToFileAsync(System.String uin, System.Collections.ObjectModel.ObservableCollection<Contact> contacts)"
Dynamic,Method,"System.Threading.Tasks.Task<System.Collections.Generic.List<Contact>> kicquwp.ContactStorage.LoadContactsFromFileAsync(System.String uin)"
Dynamic,Method,"kicquwp.ControlChannelService kicquwp.ControlChannelService.Instance.get()"
Dynamic,Method,"System.Void kicquwp.ControlChannelService..ctor()"
Dynamic,Method,"System.Threading.Tasks.Task<Windows.Networking.Sockets.ControlChannelTrigger> kicquwp.ControlChannelService.InitializeAsync()"
Dynamic,Method,"System.Boolean kicquwp.ControlChannelService.WaitForPushEnabled()"
Dynamic,Method,"System.Boolean kicquwp.ControlChannelService.AssignSocket(Windows.Networking.Sockets.StreamSocket socket)"
Dynamic,Method,"System.Void kicquwp.ControlChannelService.NotifyDataReceived()"
Dynamic,Method,"System.Void kicquwp.ControlChannelService.Cleanup()"
Dynamic,Method,"System.Void kicquwp.ControlChannelService.UnregisterTask()"
Dynamic,Method,"System.String kicquwp.EmojiItem.Code.get()"
Dynamic,Method,"System.Void kicquwp.EmojiItem.Code.set(System.String value)"
Dynamic,Method,"System.String kicquwp.EmojiItem.ImagePath.get()"
Dynamic,Method,"System.Void kicquwp.EmojiItem.ImagePath.set(System.String value)"
Dynamic,Method,"System.Void kicquwp.EmojiItem..ctor()"
Dynamic,Method,"System.Void kicquwp.EmojiManager.SetFormattedText(Windows.UI.Xaml.DependencyObject obj, System.String value)"
Dynamic,Method,"System.String kicquwp.EmojiManager.GetFormattedText(Windows.UI.Xaml.DependencyObject obj)"
Dynamic,Method,"System.Void kicquwp.EmojiManager.OnTextChanged(Windows.UI.Xaml.DependencyObject d, Windows.UI.Xaml.DependencyPropertyChangedEventArgs e)"
Dynamic,Method,"System.Void kicquwp.EmojiManager..cctor()"
Dynamic,Method,"System.String kicquwp.FeatureItem.Icon.get()"
Dynamic,Method,"System.Void kicquwp.FeatureItem.Icon.set(System.String value)"
Dynamic,Method,"System.String kicquwp.FeatureItem.Text.get()"
Dynamic,Method,"System.Void kicquwp.FeatureItem.Text.set(System.String value)"
Dynamic,Method,"System.Void kicquwp.FeatureItem..ctor()"
Dynamic,Method,"System.Void kicquwp.FeatureItem.InitializeComponent()"
Dynamic,Method,"System.Void kicquwp.FeatureItem.Connect(System.Int32 connectionId, System.Object target)"
Dynamic,Method,"Windows.UI.Xaml.Markup.IComponentConnector kicquwp.FeatureItem.GetBindingConnector(System.Int32 connectionId, System.Object target)"
Dynamic,Method,"System.Void kicquwp.FeatureItem..cctor()"
Dynamic,Method,"System.Boolean kicquwp.UpdateCheckResult.IsUpdateAvailable.get()"
Dynamic,Method,"System.Void kicquwp.UpdateCheckResult.IsUpdateAvailable.set(System.Boolean value)"
Dynamic,Method,"System.String kicquwp.UpdateCheckResult.CurrentVersion.get()"
Dynamic,Method,"System.Void kicquwp.UpdateCheckResult.CurrentVersion.set(System.String value)"
Dynamic,Method,"System.String kicquwp.UpdateCheckResult.LatestVersion.get()"
Dynamic,Method,"System.Void kicquwp.UpdateCheckResult.LatestVersion.set(System.String value)"
Dynamic,Method,"System.String kicquwp.UpdateCheckResult.LatestTag.get()"
Dynamic,Method,"System.Void kicquwp.UpdateCheckResult.LatestTag.set(System.String value)"
Dynamic,Method,"System.String kicquwp.UpdateCheckResult.ReleaseUrl.get()"
Dynamic,Method,"System.Void kicquwp.UpdateCheckResult.ReleaseUrl.set(System.String value)"
Dynamic,Method,"System.String kicquwp.UpdateCheckResult.ReleaseNotes.get()"
Dynamic,Method,"System.Void kicquwp.UpdateCheckResult.ReleaseNotes.set(System.String value)"
Dynamic,Method,"System.String kicquwp.UpdateCheckResult.ReleaseName.get()"
Dynamic,Method,"System.Void kicquwp.UpdateCheckResult.ReleaseName.set(System.String value)"
Dynamic,Method,"System.DateTime kicquwp.UpdateCheckResult.PublishedAt.get()"
Dynamic,Method,"System.Void kicquwp.UpdateCheckResult.PublishedAt.set(System.DateTime value)"
Dynamic,Method,"System.Boolean kicquwp.UpdateCheckResult.IsPrerelease.get()"
Dynamic,Method,"System.Void kicquwp.UpdateCheckResult.IsPrerelease.set(System.Boolean value)"
Dynamic,Method,"System.String kicquwp.UpdateCheckResult.Error.get()"
Dynamic,Method,"System.Void kicquwp.UpdateCheckResult.Error.set(System.String value)"
Dynamic,Method,"System.Void kicquwp.UpdateCheckResult..ctor()"
Dynamic,Method,"System.Void kicquwp.GitHubUpdateService..cctor()"
Dynamic,Method,"System.String kicquwp.GitHubUpdateService.GetCurrentVersionString()"
Dynamic,Method,"System.Version kicquwp.GitHubUpdateService.GetCurrentVersion()"
Dynamic,Method,"System.Version kicquwp.GitHubUpdateService.ParseTagToVersion(System.String tag)"
Dynamic,Method,"System.Threading.Tasks.Task<kicquwp.UpdateCheckResult> kicquwp.GitHubUpdateService.CheckForUpdatesAsync(System.Boolean includePrerelease)"
Dynamic,Method,"System.Threading.Tasks.Task<System.Boolean> kicquwp.GitHubUpdateService.OpenReleasePageAsync(System.String url)"
Dynamic,Method,"System.Void kicquwp.GitHubUpdateService..ctor()"
Dynamic,Method,"System.Void kicquwp.InfoPage..ctor()"
Dynamic,Method,"System.Void kicquwp.InfoPage.OnNavigatedTo(Windows.UI.Xaml.Navigation.NavigationEventArgs e)"
Dynamic,Method,"System.Void kicquwp.InfoPage.BackButton_Click(System.Object sender, Windows.UI.Xaml.RoutedEventArgs e)"
Dynamic,Method,"System.Void kicquwp.InfoPage.InitializeComponent()"
Dynamic,Method,"System.Void kicquwp.InfoPage.Connect(System.Int32 connectionId, System.Object target)"
Dynamic,Method,"Windows.UI.Xaml.Markup.IComponentConnector kicquwp.InfoPage.GetBindingConnector(System.Int32 connectionId, System.Object target)"
Dynamic,Method,"System.Void kicquwp.LoginPage..ctor()"
Dynamic,Method,"System.Void kicquwp.LoginPage.LoginButton_Click(System.Object sender, Windows.UI.Xaml.RoutedEventArgs e)"
Dynamic,Method,"System.Void kicquwp.LoginPage.UpdateStatusText(System.String text)"
Dynamic,Method,"System.UInt32 kicquwp.LoginPage.GetSelectedStatusCode()"
Dynamic,Method,"System.Void kicquwp.LoginPage.RegButton_Click(System.Object sender, Windows.UI.Xaml.RoutedEventArgs e)"
Dynamic,Method,"System.Void kicquwp.LoginPage.RegisterDialog_PrimaryButtonClick(Windows.UI.Xaml.Controls.ContentDialog sender, Windows.UI.Xaml.Controls.ContentDialogButtonClickEventArgs args)"
Dynamic,Method,"System.Threading.Tasks.Task kicquwp.LoginPage.ShowErrorDialog(System.String message)"
Dynamic,Method,"System.Void kicquwp.LoginPage.SettingsButton_Click(System.Object sender, Windows.UI.Xaml.RoutedEventArgs e)"
Dynamic,Method,"System.Void kicquwp.LoginPage.HelpButton_Click(System.Object sender, Windows.UI.Xaml.RoutedEventArgs e)"
Dynamic,Method,"System.Void kicquwp.LoginPage.ExitButton_Click(System.Object sender, Windows.UI.Xaml.RoutedEventArgs e)"
Dynamic,Method,"System.Void kicquwp.LoginPage.CommandBar_Opened(System.Object sender, System.Object e)"
Dynamic,Method,"System.Threading.Tasks.Task kicquwp.LoginPage.ShowMessageDialog(System.String message)"
Dynamic,Method,"System.Void kicquwp.LoginPage.InitializeComponent()"
Dynamic,Method,"System.Void kicquwp.LoginPage.Connect(System.Int32 connectionId, System.Object target)"
Dynamic,Method,"Windows.UI.Xaml.Markup.IComponentConnector kicquwp.LoginPage.GetBindingConnector(System.Int32 connectionId, System.Object target)"
Dynamic,Method,"System.Collections.ObjectModel.ObservableCollection<Contact> kicquwp.MainPage.Contacts.get()"
Dynamic,Method,"System.Void kicquwp.MainPage.Contacts.set(System.Collections.ObjectModel.ObservableCollection<Contact> value)"
Dynamic,Method,"System.Void kicquwp.MainPage..ctor()"
Dynamic,Method,"System.Threading.Tasks.Task kicquwp.MainPage.InitAsync()"
Dynamic,Method,"System.Void kicquwp.MainPage.SaveLastUin(System.String uin)"
Dynamic,Method,"System.Threading.Tasks.Task<System.String> kicquwp.MainPage.LoadLastUsedUinAsync()"
Dynamic,Method,"System.Threading.Tasks.Task kicquwp.MainPage.SaveLastUsedUinAsync(System.String uin)"
Dynamic,Method,"System.Void kicquwp.MainPage.OnNavigatedTo(Windows.UI.Xaml.Navigation.NavigationEventArgs e)"
Dynamic,Method,"System.Void kicquwp.MainPage.OnNavigatedFrom(Windows.UI.Xaml.Navigation.NavigationEventArgs e)"
Dynamic,Method,"System.Void kicquwp.MainPage.SubscribeToEvents()"
Dynamic,Method,"System.Void kicquwp.MainPage.UnsubscribeFromEvents()"
Dynamic,Method,"System.Void kicquwp.MainPage.ContactItem_Holding(System.Object sender, Windows.UI.Xaml.Input.HoldingRoutedEventArgs e)"
Dynamic,Method,"System.Void kicquwp.MainPage.OnConnectionLostHandler()"
Dynamic,Method,"System.Threading.Tasks.Task kicquwp.MainPage.ShowContactContextMenuAsync(Contact contact)"
Dynamic,Method,"System.Threading.Tasks.Task kicquwp.MainPage.ShowTemporaryContactMenuAsync(Contact contact)"
Dynamic,Method,"System.Threading.Tasks.Task kicquwp.MainPage.ShowRegularContactMenuAsync(Contact contact)"
Dynamic,Method,"System.Threading.Tasks.Task kicquwp.MainPage.ShowEditDeleteMenuAsync(Contact contact)"
Dynamic,Method,"System.Threading.Tasks.Task kicquwp.MainPage.ShowRenameDialogAsync(Contact contact)"
Dynamic,Method,"System.Threading.Tasks.Task kicquwp.MainPage.ConfirmAndDeleteContactAsync(Contact contact)"
Dynamic,Method,"System.Threading.Tasks.Task kicquwp.MainPage.ShowContactInfoAsync(Contact contact)"
Dynamic,Method,"System.Threading.Tasks.Task kicquwp.MainPage.ShowMoveToGroupDialogAsync(Contact contact)"
Dynamic,Method,"System.Void kicquwp.MainPage.OnTemporaryContactAdded(Contact contact)"
Dynamic,Method,"System.Void kicquwp.MainPage.OnContactRenamed(System.String uin, System.String newName)"
Dynamic,Method,"System.Void kicquwp.MainPage.OnContactRemoved(System.String uin)"
Dynamic,Method,"System.Void kicquwp.MainPage.OnContactStatusChanged()"
Dynamic,Method,"System.Void kicquwp.MainPage.OnConnectionLost()"
Dynamic,Method,"System.Void kicquwp.MainPage.OnReconnected(kicquwp.OscarProtocol newOscar)"
Dynamic,Method,"System.Void kicquwp.MainPage.OnKickedOut(System.String reason)"
Dynamic,Method,"System.Void kicquwp.MainPage.OnUnreadChanged()"
Dynamic,Method,"System.Void kicquwp.MainPage.StatusButton_Click(System.Object sender, Windows.UI.Xaml.RoutedEventArgs e)"
Dynamic,Method,"System.Void kicquwp.MainPage.StatusPanelClose_Click(System.Object sender, Windows.UI.Xaml.RoutedEventArgs e)"
Dynamic,Method,"System.Void kicquwp.MainPage.SetStatus_Click(System.Object sender, Windows.UI.Xaml.RoutedEventArgs e)"
Dynamic,Method,"System.Void kicquwp.MainPage.UpdateOwnStatusIcon(System.UInt32 statusCode)"
Dynamic,Method,"System.Void kicquwp.MainPage.SortContacts()"
Dynamic,Method,"System.Void kicquwp.MainPage.LoadContacts(System.UInt32 statusCode)"
Dynamic,Method,"System.Void kicquwp.MainPage.ApplySettings()"
Dynamic,Method,"System.Threading.Tasks.Task kicquwp.MainPage.ApplyBackgroundAsync(System.String path, System.Double opacityPercent)"
Dynamic,Method,"System.Void kicquwp.MainPage.RefreshView()"
Dynamic,Method,"System.Void kicquwp.MainPage.LogoutButton_Click(System.Object sender, Windows.UI.Xaml.RoutedEventArgs e)"
Dynamic,Method,"System.Void kicquwp.MainPage.ExitButton_Click(System.Object sender, Windows.UI.Xaml.RoutedEventArgs e)"
Dynamic,Method,"System.Void kicquwp.MainPage.SettingsButton_Click(System.Object sender, Windows.UI.Xaml.RoutedEventArgs e)"
Dynamic,Method,"System.Void kicquwp.MainPage.AcInfButton_Click(System.Object sender, Windows.UI.Xaml.RoutedEventArgs e)"
Dynamic,Method,"System.Void kicquwp.MainPage.SearchButton_Click(System.Object sender, Windows.UI.Xaml.RoutedEventArgs e)"
Dynamic,Method,"System.Void kicquwp.MainPage.HelpButton_Click(System.Object sender, Windows.UI.Xaml.RoutedEventArgs e)"
Dynamic,Method,"System.Void kicquwp.MainPage.ContactsListView_ItemClick(System.Object sender, Windows.UI.Xaml.Controls.ItemClickEventArgs e)"
Dynamic,Method,"System.Void kicquwp.MainPage.ContactButton_Click(System.Object sender, Windows.UI.Xaml.RoutedEventArgs e)"
Dynamic,Method,"System.Threading.Tasks.Task kicquwp.MainPage.ShowErrorDialogAsync(System.String message)"
Dynamic,Method,"System.Threading.Tasks.Task kicquwp.MainPage.ShowInfoDialogAsync(System.String message, System.String title)"
Dynamic,Method,"System.Void kicquwp.MainPage.CommandBar_Opened(System.Object sender, System.Object e)"
Dynamic,Method,"System.Void kicquwp.MainPage.InitializeComponent()"
Dynamic,Method,"System.Void kicquwp.MainPage.Connect(System.Int32 connectionId, System.Object target)"
Dynamic,Method,"Windows.UI.Xaml.Markup.IComponentConnector kicquwp.MainPage.GetBindingConnector(System.Int32 connectionId, System.Object target)"
Dynamic,Method,"System.Void kicquwp.MainPage..cctor()"
Dynamic,Method,"System.Void kicquwp.MainPage.<OnConnectionLostHandler>b__24_0()"
Dynamic,Method,"System.Void kicquwp.MainPage.<OnContactStatusChanged>b__36_0()"
Dynamic,Method,"System.Void kicquwp.MainPage.<OnConnectionLost>b__37_0()"
Dynamic,Method,"System.Void kicquwp.MainPage.<OnUnreadChanged>b__40_0()"
Dynamic,Method,"System.Void kicquwp.MainPage.<ApplySettings>b__47_0()"
Dynamic,Method,"System.String kicquwp.Message.MessageText.get()"
Dynamic,Method,"System.Void kicquwp.Message.MessageText.set(System.String value)"
Dynamic,Method,"System.String kicquwp.Message.Sender.get()"
Dynamic,Method,"System.Void kicquwp.Message.Sender.set(System.String value)"
Dynamic,Method,"System.String kicquwp.Message.Time.get()"
Dynamic,Method,"System.Void kicquwp.Message.Time.set(System.String value)"
Dynamic,Method,"System.Void kicquwp.Message..ctor(System.String messageText, System.String sender, System.String time)"
Dynamic,Method,"kicquwp.NotificationService kicquwp.NotificationService.Instance.get()"
Dynamic,Method,"System.Void kicquwp.NotificationService.add_UnreadChanged(System.Action value)"
Dynamic,Method,"System.Void kicquwp.NotificationService.remove_UnreadChanged(System.Action value)"
Dynamic,Method,"System.String kicquwp.NotificationService.ActiveChatUin.get()"
Dynamic,Method,"System.Void kicquwp.NotificationService.ActiveChatUin.set(System.String value)"
Dynamic,Method,"System.Void kicquwp.NotificationService..ctor()"
Dynamic,Method,"System.Threading.Tasks.Task kicquwp.NotificationService.OnMessageReceived(System.String senderUin, System.String senderName, System.String text, Windows.UI.Core.CoreDispatcher dispatcher)"
Dynamic,Method,"System.Int32 kicquwp.NotificationService.GetUnread(System.String uin)"
Dynamic,Method,"System.Void kicquwp.NotificationService.ClearUnread(System.String uin)"
Dynamic,Method,"System.Int32 kicquwp.NotificationService.TotalUnread.get()"
Dynamic,Method,"System.Void kicquwp.NotificationService.ShowToast(System.String senderName, System.String text, System.String senderUin)"
Dynamic,Method,"System.String kicquwp.NotificationService.EscapeXml(System.String s)"
Dynamic,Method,"System.Void kicquwp.NotificationService.PlaySound(Windows.UI.Core.CoreDispatcher dispatcher)"
Dynamic,Method,"System.Void kicquwp.NotificationService.<OnMessageReceived>b__12_0()"
Dynamic,Method,"System.Void kicquwp.OscarProtocol.add_ContactStatusChanged(System.Action value)"
Dynamic,Method,"System.Void kicquwp.OscarProtocol.remove_ContactStatusChanged(System.Action value)"
Dynamic,Method,"System.Void kicquwp.OscarProtocol.add_ContactRenamed(System.Action<System.String, System.String> value)"
Dynamic,Method,"System.Void kicquwp.OscarProtocol.remove_ContactRenamed(System.Action<System.String, System.String> value)"
Dynamic,Method,"System.Void kicquwp.OscarProtocol.add_ContactRemoved(System.Action<System.String> value)"
Dynamic,Method,"System.Void kicquwp.OscarProtocol.remove_ContactRemoved(System.Action<System.String> value)"
Dynamic,Method,"System.Void kicquwp.OscarProtocol.add_TemporaryContactAdded(System.Action<Contact> value)"
Dynamic,Method,"System.Void kicquwp.OscarProtocol.remove_TemporaryContactAdded(System.Action<Contact> value)"
Dynamic,Method,"System.Void kicquwp.OscarProtocol.add_TypingNotificationReceived(System.Action<System.String, System.UInt16> value)"
Dynamic,Method,"System.Void kicquwp.OscarProtocol.remove_TypingNotificationReceived(System.Action<System.String, System.UInt16> value)"
Dynamic,Method,"System.Void kicquwp.OscarProtocol.add_OwnInfoReceived(System.Action<kicquwp.UserBasicInfo> value)"
Dynamic,Method,"System.Void kicquwp.OscarProtocol.remove_OwnInfoReceived(System.Action<kicquwp.UserBasicInfo> value)"
Dynamic,Method,"System.Void kicquwp.OscarProtocol.add_ConnectionLost(System.Action value)"
Dynamic,Method,"System.Void kicquwp.OscarProtocol.remove_ConnectionLost(System.Action value)"
Dynamic,Method,"System.String kicquwp.OscarProtocol.LastAuthError.get()"
Dynamic,Method,"System.Void kicquwp.OscarProtocol.LastAuthError.set(System.String value)"
Dynamic,Method,"System.Action<System.String> kicquwp.OscarProtocol.StatusUpdater.get()"
Dynamic,Method,"System.Void kicquwp.OscarProtocol.StatusUpdater.set(System.Action<System.String> value)"
Dynamic,Method,"System.Void kicquwp.OscarProtocol.add_IncomingMessage(System.Action<System.String, System.String> value)"
Dynamic,Method,"System.Void kicquwp.OscarProtocol.remove_IncomingMessage(System.Action<System.String, System.String> value)"
Dynamic,Method,"System.Void kicquwp.OscarProtocol.add_SearchResultReceived(System.Action<System.Collections.Generic.List<kicquwp.SearchResult>, System.Boolean> value)"
Dynamic,Method,"System.Void kicquwp.OscarProtocol.remove_SearchResultReceived(System.Action<System.Collections.Generic.List<kicquwp.SearchResult>, System.Boolean> value)"
Dynamic,Method,"System.Void kicquwp.OscarProtocol.add_UserInfoReceived(System.Action<kicquwp.OscarProtocol.UserFullInfo> value)"
Dynamic,Method,"System.Void kicquwp.OscarProtocol.remove_UserInfoReceived(System.Action<kicquwp.OscarProtocol.UserFullInfo> value)"
Dynamic,Method,"System.Void kicquwp.OscarProtocol.add_DisconnectedByServer(System.Action<System.String> value)"
Dynamic,Method,"System.Void kicquwp.OscarProtocol.remove_DisconnectedByServer(System.Action<System.String> value)"
Dynamic,Method,"System.UInt16 kicquwp.OscarProtocol.GetNextRequestID()"
Dynamic,Method,"System.Void kicquwp.OscarProtocol.OnConnectionLost(System.String reason)"
Dynamic,Method,"System.Boolean kicquwp.OscarProtocol.IsConnected.get()"
Dynamic,Method,"kicquwp.OscarProtocol kicquwp.OscarProtocol.Instance.get()"
Dynamic,Method,"System.Void kicquwp.OscarProtocol.Instance.set(kicquwp.OscarProtocol value)"
Dynamic,Method,"System.String kicquwp.OscarProtocol.UIN.get()"
Dynamic,Method,"System.Void kicquwp.OscarProtocol.UIN.set(System.String value)"
Dynamic,Method,"Windows.UI.Core.CoreDispatcher kicquwp.OscarProtocol._dispatcher.get()"
Dynamic,Method,"System.Void kicquwp.OscarProtocol._dispatcher.set(Windows.UI.Core.CoreDispatcher value)"
Dynamic,Method,"System.Void kicquwp.OscarProtocol..ctor(System.String uin, System.String password, Windows.UI.Core.CoreDispatcher dispatcher)"
Dynamic,Method,"System.String kicquwp.OscarProtocol.GetContactStatus(System.String uin)"
Dynamic,Method,"System.Threading.Tasks.Task kicquwp.OscarProtocol.ConnectAsync()"
Dynamic,Method,"System.Byte[] kicquwp.OscarProtocol.BuildSnacPayload(System.UInt16 family, System.UInt16 subtype, System.UInt16 flags, System.UInt32 requestId, System.Collections.Generic.List<System.Byte[]> tlvs)"
Dynamic,Method,"System.Threading.Tasks.Task<System.DateTime> kicquwp.OscarProtocol.GetLastOnlineTimeAsync(System.String uin)"
Dynamic,Method,"System.Byte[] kicquwp.OscarProtocol.BuildTlv(System.UInt16 type, System.Byte[] value)"
Dynamic,Method,"System.Threading.Tasks.Task<System.Boolean> kicquwp.OscarProtocol.AuthenticateAsync(System.UInt32 statusCode)"
Dynamic,Method,"System.Threading.Tasks.Task<System.Boolean> kicquwp.OscarProtocol.DirectAuth(System.UInt32 statusCode)"
Dynamic,Method,"System.Threading.Tasks.Task<System.String> kicquwp.OscarProtocol.RegisterNewAccountAsync(System.String password)"
Dynamic,Method,"System.String kicquwp.OscarProtocol.GetAuthErrorText(System.UInt16 code)"
Dynamic,Method,"System.String kicquwp.OscarProtocol.ParseAuthError(System.Byte[] data)"
Dynamic,Method,"System.Threading.Tasks.Task<System.Boolean> kicquwp.OscarProtocol.SendLoginWithChallenge(System.Byte[] challenge)"
Dynamic,Method,"System.Threading.Tasks.Task kicquwp.OscarProtocol.SendTlvLogin(System.Collections.Generic.List<kicquwp.OscarProtocol.TLV> tlvs)"
Dynamic,Method,"System.Byte[] kicquwp.OscarProtocol.BuildTlvPayload(System.Collections.Generic.List<kicquwp.OscarProtocol.TLV> tlvs)"
Dynamic,Method,"System.Byte[] kicquwp.OscarProtocol.RoastPassword(System.String password)"
Dynamic,Method,"System.Byte[] kicquwp.OscarProtocol.BuildFlapFrame(System.Byte channel, System.Byte[] data)"
Dynamic,Method,"System.Threading.Tasks.Task kicquwp.OscarProtocol.SendFlapAsync(System.Byte channel, System.Byte[] data)"
Dynamic,Method,"System.UInt16[] kicquwp.OscarProtocol.ParseSupportedFamilies(System.Byte[] data)"
Dynamic,Method,"System.Threading.Tasks.Task kicquwp.OscarProtocol.SendServiceVersionsRequestAsync(System.UInt16[] supportedFamilies)"
Dynamic,Method,"System.UInt16 kicquwp.OscarProtocol.GetFamilyVersion(System.UInt16 family)"
Dynamic,Method,"System.UInt16 kicquwp.OscarProtocol.SwapUInt16(System.UInt16 value)"
Dynamic,Method,"System.Threading.Tasks.Task kicquwp.OscarProtocol.SendSnacAsync(System.UInt16 family, System.UInt16 subtype, System.UInt16 flags, System.UInt32 requestId, System.Byte[] data)"
Dynamic,Method,"System.Threading.Tasks.Task kicquwp.OscarProtocol.SendClientReadyAsync()"
Dynamic,Method,"System.Threading.Tasks.Task kicquwp.OscarProtocol.WaitForServerFamiliesAsync()"
Dynamic,Method,"System.Void kicquwp.OscarProtocol.StartRawReceiveLoop()"
Dynamic,Method,"System.Void kicquwp.OscarProtocol.PostNextHeaderRead()"
Dynamic,Method,"System.Void kicquwp.OscarProtocol.OnHeaderReadCompleted(Windows.Foundation.IAsyncOperation<System.UInt32> asyncInfo, Windows.Foundation.AsyncStatus status, Windows.Storage.Streams.DataReader reader)"
Dynamic,Method,"System.Void kicquwp.OscarProtocol.OnDataReadCompleted(Windows.Foundation.IAsyncOperation<System.UInt32> asyncInfo, Windows.Foundation.AsyncStatus status, kicquwp.OscarProtocol.FlapFrame flap, Windows.Storage.Streams.DataReader reader)"
Dynamic,Method,"System.Void kicquwp.OscarProtocol.EnqueueFlap(kicquwp.OscarProtocol.FlapFrame flap)"
Dynamic,Method,"System.Void kicquwp.OscarProtocol.FailReader(System.Exception ex)"
Dynamic,Method,"System.Threading.Tasks.Task<kicquwp.OscarProtocol.FlapFrame> kicquwp.OscarProtocol.ReceiveFlapAsync(System.Threading.CancellationToken cancellationToken)"
Dynamic,Method,"System.Collections.ObjectModel.ObservableCollection<Contact> kicquwp.OscarProtocol.GetCachedContacts()"
Dynamic,Method,"System.Threading.Tasks.Task<kicquwp.OscarProtocol.FlapFrame> kicquwp.OscarProtocol.ReceiveFlapWithTimeout(System.TimeSpan timeout)"
Dynamic,Method,"System.Threading.Tasks.Task kicquwp.OscarProtocol.WaitForServiceVersionsAsync()"
Dynamic,Method,"System.Collections.Generic.Dictionary<System.UInt16, kicquwp.OscarProtocol.TLV> kicquwp.OscarProtocol.ParseTlvs(System.Byte[] data)"
Dynamic,Method,"System.Threading.Tasks.Task kicquwp.OscarProtocol.InitializeOscarSessionAsync(System.UInt32 statusCode)"
Dynamic,Method,"System.Threading.Tasks.Task kicquwp.OscarProtocol.InitServicesAsync()"
Dynamic,Method,"System.Threading.Tasks.Task kicquwp.OscarProtocol.SendRateLimitsAckAsync(System.Byte[] data)"
Dynamic,Method,"System.Threading.Tasks.Task kicquwp.OscarProtocol.SendIcbmParametersAsync()"
Dynamic,Method,"System.Threading.Tasks.Task kicquwp.OscarProtocol.ClientIdentAsync()"
Dynamic,Method,"System.Byte[] kicquwp.OscarProtocol.GetMyCapabilities()"
Dynamic,Method,"System.UInt16 kicquwp.OscarProtocol.ReadUInt16(System.Byte[] buffer, ref System.Int32 offset)"
Dynamic,Method,"System.Byte[] kicquwp.OscarProtocol.BuildCapabilitiesPayload()"
Dynamic,Method,"System.Threading.Tasks.Task<kicquwp.OscarProtocol.FlapFrame> kicquwp.OscarProtocol.ReceiveSnacAsync(System.UInt16 expectedFamily, System.UInt16 expectedSubtype)"
Dynamic,Method,"System.Byte[] kicquwp.OscarProtocol.BuildSsiCheckPayload()"
Dynamic,Method,"System.Threading.Tasks.Task<kicquwp.OscarProtocol.SnacPacket> kicquwp.OscarProtocol.ReceiveSnacWithTimeout(System.UInt16 expectedFamily, System.UInt16 expectedSubtype, System.TimeSpan timeout)"
Dynamic,Method,"System.Threading.Tasks.Task<System.Collections.ObjectModel.ObservableCollection<Contact>> kicquwp.OscarProtocol.GetContactsAsync(System.UInt32 statusCode)"
Dynamic,Method,"System.Threading.Tasks.Task kicquwp.OscarProtocol.SendClientCapabilitiesAsync()"
Dynamic,Method,"System.Byte[] kicquwp.OscarProtocol.HexToBytes(System.String hex)"
Dynamic,Method,"System.Void kicquwp.OscarProtocol.ParseContactListPacket(System.Byte[] data, System.Collections.ObjectModel.ObservableCollection<Contact> contacts)"
Dynamic,Method,"System.Byte[] kicquwp.OscarProtocol.BuildSsiItem(System.String name, System.UInt16 groupId, System.UInt16 itemId, System.UInt16 itemType, System.Byte[] tlvData)"
Dynamic,Method,"System.Threading.Tasks.Task kicquwp.OscarProtocol.RemoveContactAsync(Contact contact)"
Dynamic,Method,"System.Threading.Tasks.Task kicquwp.OscarProtocol.RenameContactAsync(Contact contact, System.String newName)"
Dynamic,Method,"System.Threading.Tasks.Task kicquwp.OscarProtocol.MoveContactAsync(Contact contact, System.UInt16 newGroupId)"
Dynamic,Method,"System.Collections.Generic.List<kicquwp.OscarProtocol.SsiGroup> kicquwp.OscarProtocol.GetGroups()"
Dynamic,Method,"System.UInt16 kicquwp.OscarProtocol.ReadU16(System.Byte[] data, ref System.Int32 offset)"
Dynamic,Method,"System.Threading.Tasks.Task kicquwp.OscarProtocol.SendSetStatusAsync(System.UInt32 statusCode)"
Dynamic,Method,"System.Threading.Tasks.Task<System.Boolean> kicquwp.OscarProtocol.ConnectToBosAsync(System.String bosHostPort, System.Byte[] cookieBytes, System.UInt32 statusCode)"
Dynamic,Method,"System.Threading.Tasks.Task kicquwp.OscarProtocol.ConnectToBosSocketAsync(System.String host, System.String port)"
Dynamic,Method,"System.Threading.Tasks.Task<System.Boolean> kicquwp.OscarProtocol.HandleBosRedirectAsync(System.Byte[] data, System.UInt32 statusCode)"
Dynamic,Method,"System.Byte[] kicquwp.OscarProtocol.TrimNullBytes(System.Byte[] input)"
Dynamic,Method,"System.Int32 kicquwp.OscarProtocol.GetEffectiveIcbmByteBudget()"
Dynamic,Method,"System.Collections.Generic.List<System.String> kicquwp.OscarProtocol.SplitTextForIcbm(System.String text, System.Int32 maxBytes)"
Dynamic,Method,"System.Threading.Tasks.Task kicquwp.OscarProtocol.SendIcbmAsync(System.String toUin, System.String text)"
Dynamic,Method,"System.Threading.Tasks.Task kicquwp.OscarProtocol.SendSingleIcbmAsync(System.String toUin, System.String text)"
Dynamic,Method,"System.Void kicquwp.OscarProtocol.WriteU16BE(System.IO.MemoryStream ms, System.UInt16 value)"
Dynamic,Method,"System.Void kicquwp.OscarProtocol.WriteU32BE(System.IO.MemoryStream ms, System.UInt32 value)"
Dynamic,Method,"System.Void kicquwp.OscarProtocol.WriteU16BEStream(System.IO.MemoryStream ms, System.UInt16 value)"
Dynamic,Method,"System.String kicquwp.OscarProtocol.DecodeWin1251(System.Byte[] data, System.Int32 offset, System.Int32 length)"
Dynamic,Method,"System.Threading.Tasks.Task<System.Boolean> kicquwp.OscarProtocol.WaitForRedirectOrBosAsync(System.UInt32 statusCode)"
Dynamic,Method,"System.Threading.Tasks.Task kicquwp.OscarProtocol.ShowMessageDialog(System.String message)"
Dynamic,Method,"System.Threading.Tasks.Task<System.Boolean> kicquwp.OscarProtocol.AuthenticateAndInitializeAsync(System.String nickname, System.UInt32 statusCode)"
Dynamic,Method,"System.Threading.Tasks.Task kicquwp.OscarProtocol.SendCapabilitiesAsync()"
Dynamic,Method,"System.Void kicquwp.OscarProtocol.HandleMetaResponse(System.Byte[] data)"
Dynamic,Method,"System.Void kicquwp.OscarProtocol.HandleIncomingIcbm(System.Byte[] data)"
Dynamic,Method,"System.String kicquwp.OscarProtocol.ParseChannel2ExtData(System.Byte[] data, System.Int32 offset, System.Int32 len)"
Dynamic,Method,"System.Collections.Generic.List<System.String[]> kicquwp.OscarProtocol.GetAndClearPending(System.String uin)"
Dynamic,Method,"System.Threading.Tasks.Task<kicquwp.UserBasicInfo> kicquwp.OscarProtocol.RequestFullUserInfoAsync(System.String uin, System.UInt16 seq)"
Dynamic,Method,"System.Void kicquwp.OscarProtocol.HandleMetaBasicUserInfo(System.Byte[] data, System.Int32 offset, System.Int32 end)"
Dynamic,Method,"System.Threading.Tasks.Task<System.Boolean> kicquwp.OscarProtocol.SetBasicUserInfoAsync(kicquwp.UserBasicInfo info, System.UInt16 seq)"
Dynamic,Method,"System.Boolean kicquwp.OscarProtocol.IsDeleting.get()"
Dynamic,Method,"System.Void kicquwp.OscarProtocol.HandleMetaResponseExtended(System.Byte[] data, System.Int32 start, System.Int32 len, System.Collections.Generic.List<kicquwp.SearchResult> results, out System.Boolean isLast)"
Dynamic,Method,"System.Threading.Tasks.Task kicquwp.OscarProtocol.SetStatusAsync(System.UInt32 statusCode)"
Dynamic,Method,"System.Void kicquwp.OscarProtocol.HandleTypingNotification(System.Byte[] data)"
Dynamic,Method,"System.Threading.Tasks.Task kicquwp.OscarProtocol.ReceiveLoopAsync()"
Dynamic,Method,"System.Threading.Tasks.Task kicquwp.OscarProtocol.HandleFlapAsync(kicquwp.OscarProtocol.FlapFrame flap)"
Dynamic,Method,"System.Threading.Tasks.Task<System.UInt16> kicquwp.OscarProtocol.WaitForSsiAck()"
Dynamic,Method,"System.Threading.Tasks.Task kicquwp.OscarProtocol.SendTypingNotificationAsync(System.String toUin, System.UInt16 notificationType)"
Dynamic,Method,"System.Void kicquwp.OscarProtocol.HandleUserInfoReply(System.Byte[] data)"
Dynamic,Method,"System.Void kicquwp.OscarProtocol.ParseIcbmParams(System.Byte[] data)"
Dynamic,Method,"System.Void kicquwp.OscarProtocol.HandleMissedMessage(System.Byte[] data)"
Dynamic,Method,"System.Threading.Tasks.Task kicquwp.OscarProtocol.HandleUserOfflineAsync(System.Byte[] data)"
Dynamic,Method,"System.Threading.Tasks.Task kicquwp.OscarProtocol.HandleServiceFamilies(System.UInt16[] families)"
Dynamic,Method,"System.Byte[] kicquwp.OscarProtocol.BuildMetaRequest(System.UInt16 subtype, System.UInt16 seq, System.Byte[] body)"
Dynamic,Method,"System.Void kicquwp.OscarProtocol.WriteU16LE(System.IO.MemoryStream ms, System.UInt16 v)"
Dynamic,Method,"System.Void kicquwp.OscarProtocol.WriteU32LE(System.IO.MemoryStream ms, System.UInt32 v)"
Dynamic,Method,"System.Void kicquwp.OscarProtocol.WriteAsciiz(System.IO.MemoryStream ms, System.String s)"
Dynamic,Method,"System.Threading.Tasks.Task<System.Collections.Generic.List<kicquwp.SearchResult>> kicquwp.OscarProtocol.SearchByUinAsync(System.String uin, System.UInt16 seq)"
Dynamic,Method,"System.Threading.Tasks.Task<kicquwp.OscarProtocol.UserFullInfo> kicquwp.OscarProtocol.RequestFullUserInfoDetailedAsync(System.String uin, System.UInt16 seq)"
Dynamic,Method,"System.Threading.Tasks.Task<System.Collections.Generic.List<kicquwp.SearchResult>> kicquwp.OscarProtocol.SearchByDetailsAsync(System.String firstName, System.String lastName, System.String nick, System.UInt16 seq)"
Dynamic,Method,"System.Threading.Tasks.Task<System.Collections.Generic.List<kicquwp.SearchResult>> kicquwp.OscarProtocol.SearchByEmailAsync(System.String email, System.UInt16 seq)"
Dynamic,Method,"System.Threading.Tasks.Task<System.Collections.Generic.List<kicquwp.SearchResult>> kicquwp.OscarProtocol.ReceiveSearchResults(System.UInt16 seq, System.TimeSpan timeout)"
Dynamic,Method,"System.Threading.Tasks.Task<System.Collections.Generic.List<kicquwp.SearchResult>> kicquwp.OscarProtocol.WaitForSearchResults()"
Dynamic,Method,"System.Void kicquwp.OscarProtocol.ParseSearchResponse(System.Byte[] data, System.Collections.Generic.List<kicquwp.SearchResult> results, out System.Boolean isLast)"
Dynamic,Method,"System.Void kicquwp.OscarProtocol.ParseMetaSearchReply(System.Byte[] data, System.Int32 start, System.Int32 len, System.Collections.Generic.List<kicquwp.SearchResult> results, out System.Boolean isLast)"
Dynamic,Method,"System.Void kicquwp.OscarProtocol.ParseFullUserInfoBasic(System.Byte[] data, System.Int32 offset, System.Int32 end)"
Dynamic,Method,"kicquwp.SearchResult kicquwp.OscarProtocol.ParseSearchRecord(System.Byte[] data, ref System.Int32 offset, System.Int32 end)"
Dynamic,Method,"System.Threading.Tasks.Task<System.Boolean> kicquwp.OscarProtocol.DeleteAccountAsync(System.String password)"
Dynamic,Method,"System.Threading.Tasks.Task<System.Boolean> kicquwp.OscarProtocol.DeleteAccountAsync()"
Dynamic,Method,"System.Void kicquwp.OscarProtocol.CompleteDeleteAccount(System.Boolean success)"
Dynamic,Method,"System.Threading.Tasks.Task kicquwp.OscarProtocol.DisconnectAfterDeleteAsync()"
Dynamic,Method,"System.UInt16 kicquwp.OscarProtocol.ReadU16LE(System.Byte[] data, ref System.Int32 offset)"
Dynamic,Method,"System.UInt32 kicquwp.OscarProtocol.ReadU32LE(System.Byte[] data, ref System.Int32 offset)"
Dynamic,Method,"System.String kicquwp.OscarProtocol.ReadAsciizLE(System.Byte[] data, ref System.Int32 offset, System.Int32 end)"
Dynamic,Method,"System.Threading.Tasks.Task kicquwp.OscarProtocol.AddContactAsync(System.String uin, System.String displayName)"
Dynamic,Method,"System.UInt16 kicquwp.OscarProtocol.GenerateItemId()"
Dynamic,Method,"System.Threading.Tasks.Task kicquwp.OscarProtocol.RequestUserInfoAsync(System.String uin)"
Dynamic,Method,"System.Threading.Tasks.Task kicquwp.OscarProtocol.HandleServiceVersionsResponse(System.Byte[] data)"
Dynamic,Method,"System.Threading.Tasks.Task kicquwp.OscarProtocol.TeardownForReconnectAsync()"
Dynamic,Method,"System.Threading.Tasks.Task kicquwp.OscarProtocol.DisconnectAsync()"
Dynamic,Method,"System.Void kicquwp.OscarProtocol.HandleServerInitiatedDisconnect(System.Byte[] data)"
Dynamic,Method,"System.Threading.Tasks.Task kicquwp.OscarProtocol.HandleUserOnlineAsync(System.Byte[] data)"
Dynamic,Method,"System.UInt32 kicquwp.OscarProtocol.ReadU32(System.Byte[] data, ref System.Int32 offset)"
Dynamic,Method,"System.Byte[] kicquwp.OscarProtocol.SwapUInt32(System.UInt32 value)"
Dynamic,Method,"System.Void kicquwp.OscarProtocol.Dispose()"
Dynamic,Method,"System.Threading.Tasks.Task kicquwp.OscarProtocol.ReceiveServerSnacsAsync()"
Dynamic,Method,"System.Threading.Tasks.Task kicquwp.OscarProtocol.KeepAliveLoopAsync(System.Threading.CancellationToken token)"
Dynamic,Method,"System.Byte[] kicquwp.OscarProtocol.GetPseudoAsciiBytes(System.String input)"
Dynamic,Method,"System.String kicquwp.OscarProtocol.GetSsiResultText(System.UInt16 result)"
Dynamic,Method,"System.Void kicquwp.OscarProtocol..cctor()"
Dynamic,Method,"System.Threading.Tasks.Task kicquwp.OscarProtocol.<ReceiveServerSnacsAsync>b__211_0()"
Dynamic,Method,"System.Void kicquwp.ReconnectService.add_OnDisconnected(System.Action value)"
Dynamic,Method,"System.Void kicquwp.ReconnectService.remove_OnDisconnected(System.Action value)"
Dynamic,Method,"System.Void kicquwp.ReconnectService.add_OnReconnecting(System.Action value)"
Dynamic,Method,"System.Void kicquwp.ReconnectService.remove_OnReconnecting(System.Action value)"
Dynamic,Method,"System.Void kicquwp.ReconnectService.add_KickedOut(System.Action<System.String> value)"
Dynamic,Method,"System.Void kicquwp.ReconnectService.remove_KickedOut(System.Action<System.String> value)"
Dynamic,Method,"System.Void kicquwp.ReconnectService.add_Reconnected(System.Action<kicquwp.OscarProtocol> value)"
Dynamic,Method,"System.Void kicquwp.ReconnectService.remove_Reconnected(System.Action<kicquwp.OscarProtocol> value)"
Dynamic,Method,"System.Void kicquwp.ReconnectService.add_Disconnected(System.Action value)"
Dynamic,Method,"System.Void kicquwp.ReconnectService.remove_Disconnected(System.Action value)"
Dynamic,Method,"kicquwp.ReconnectService kicquwp.ReconnectService.Instance.get()"
Dynamic,Method,"System.Void kicquwp.ReconnectService.Instance.set(kicquwp.ReconnectService value)"
Dynamic,Method,"System.Void kicquwp.ReconnectService..ctor(System.String uin, System.String password, System.UInt32 statusCode, Windows.UI.Core.CoreDispatcher dispatcher)"
Dynamic,Method,"System.Void kicquwp.ReconnectService.Start(kicquwp.OscarProtocol oscar)"
Dynamic,Method,"System.Void kicquwp.ReconnectService.OnConnectionLostEvent()"
Dynamic,Method,"System.Void kicquwp.ReconnectService.Stop()"
Dynamic,Method,"System.Void kicquwp.ReconnectService.OnNetworkStatusChanged(System.Object sender)"
Dynamic,Method,"System.Void kicquwp.ReconnectService.OnKickedByServer(System.String reason)"
Dynamic,Method,"System.Threading.Tasks.Task kicquwp.ReconnectService.MonitorLoopAsync(System.Threading.CancellationToken token)"
Dynamic,Method,"System.Threading.Tasks.Task kicquwp.ReconnectService.ForceReconnectAsync()"
Dynamic,Method,"System.Threading.Tasks.Task<System.Boolean> kicquwp.ReconnectService.TryReconnectAsync(System.Threading.CancellationToken token)"
Dynamic,Method,"System.Void kicquwp.ReconnectService.OnOscarConnectionLost()"
Dynamic,Method,"System.Void kicquwp.ReconnectService.ForceReconnect()"
Dynamic,Method,"System.Void kicquwp.ReconnectService.OnIncomingMessage(System.String senderUin, System.String text)"
Dynamic,Method,"System.Threading.Tasks.Task kicquwp.ReconnectService.<Start>b__29_0()"
Dynamic,Method,"System.Threading.Tasks.Task kicquwp.ReconnectService.<OnNetworkStatusChanged>b__33_0()"
Dynamic,Method,"System.Void kicquwp.ReconnectService.<MonitorLoopAsync>b__35_0()"
Dynamic,Method,"System.Void kicquwp.ReconnectService.<TryReconnectAsync>b__37_0()"
Dynamic,Method,"System.Void kicquwp.SearchPage..ctor()"
Dynamic,Method,"System.Void kicquwp.SearchPage.OnNavigatedTo(Windows.UI.Xaml.Navigation.NavigationEventArgs e)"
Dynamic,Method,"System.Void kicquwp.SearchPage.BackButton_Click(System.Object sender, Windows.UI.Xaml.RoutedEventArgs e)"
Dynamic,Method,"System.Void kicquwp.SearchPage.SearchMode_Click(System.Object sender, Windows.UI.Xaml.RoutedEventArgs e)"
Dynamic,Method,"System.Void kicquwp.SearchPage.SearchButton_Click(System.Object sender, Windows.UI.Xaml.RoutedEventArgs e)"
Dynamic,Method,"System.Void kicquwp.SearchPage.AddContact_Click(System.Object sender, Windows.UI.Xaml.RoutedEventArgs e)"
Dynamic,Method,"System.Void kicquwp.SearchPage.InitializeComponent()"
Dynamic,Method,"System.Void kicquwp.SearchPage.Connect(System.Int32 connectionId, System.Object target)"
Dynamic,Method,"Windows.UI.Xaml.Markup.IComponentConnector kicquwp.SearchPage.GetBindingConnector(System.Int32 connectionId, System.Object target)"
Dynamic,Method,"System.String kicquwp.SearchResult.Uin.get()"
Dynamic,Method,"System.Void kicquwp.SearchResult.Uin.set(System.String value)"
Dynamic,Method,"System.String kicquwp.SearchResult.Nick.get()"
Dynamic,Method,"System.Void kicquwp.SearchResult.Nick.set(System.String value)"
Dynamic,Method,"System.String kicquwp.SearchResult.FirstName.get()"
Dynamic,Method,"System.Void kicquwp.SearchResult.FirstName.set(System.String value)"
Dynamic,Method,"System.String kicquwp.SearchResult.LastName.get()"
Dynamic,Method,"System.Void kicquwp.SearchResult.LastName.set(System.String value)"
Dynamic,Method,"System.String kicquwp.SearchResult.Email.get()"
Dynamic,Method,"System.Void kicquwp.SearchResult.Email.set(System.String value)"
Dynamic,Method,"System.Boolean kicquwp.SearchResult.IsOnline.get()"
Dynamic,Method,"System.Void kicquwp.SearchResult.IsOnline.set(System.Boolean value)"
Dynamic,Method,"System.Byte kicquwp.SearchResult.Gender.get()"
Dynamic,Method,"System.Void kicquwp.SearchResult.Gender.set(System.Byte value)"
Dynamic,Method,"System.UInt16 kicquwp.SearchResult.Age.get()"
Dynamic,Method,"System.Void kicquwp.SearchResult.Age.set(System.UInt16 value)"
Dynamic,Method,"System.String kicquwp.SearchResult.DisplayName.get()"
Dynamic,Method,"System.String kicquwp.SearchResult.UinLine.get()"
Dynamic,Method,"System.String kicquwp.SearchResult.EmailLine.get()"
Dynamic,Method,"System.String kicquwp.SearchResult.Initials.get()"
Dynamic,Method,"System.Void kicquwp.SearchResult.add_PropertyChanged(System.ComponentModel.PropertyChangedEventHandler value)"
Dynamic,Method,"System.Void kicquwp.SearchResult.remove_PropertyChanged(System.ComponentModel.PropertyChangedEventHandler value)"
Dynamic,Method,"System.Void kicquwp.SearchResult..ctor()"
Dynamic,Method,"System.Void kicquwp.SettingsManager.SaveSetting(System.String key, System.String value)"
Dynamic,Method,"System.String kicquwp.SettingsManager.LoadSetting(System.String key)"
Dynamic,Method,"System.Void kicquwp.SettingsPage.PickBackground_Click(System.Object sender, Windows.UI.Xaml.RoutedEventArgs e)"
Dynamic,Method,"System.Void kicquwp.SettingsPage.PickChatBackground_Click(System.Object sender, Windows.UI.Xaml.RoutedEventArgs e)"
Dynamic,Method,"System.Void kicquwp.SettingsPage..ctor()"
Dynamic,Method,"System.Void kicquwp.SettingsPage.OnNavigatedTo(Windows.UI.Xaml.Navigation.NavigationEventArgs e)"
Dynamic,Method,"System.Void kicquwp.SettingsPage.OnNavigatedFrom(Windows.UI.Xaml.Navigation.NavigationEventArgs e)"
Dynamic,Method,"System.Void kicquwp.SettingsPage.LoadSettings()"
Dynamic,Method,"System.Boolean kicquwp.SettingsPage.IsW10M()"
Dynamic,Method,"System.Void kicquwp.SettingsPage.UpdatePreview(System.String path)"
Dynamic,Method,"System.Void kicquwp.SettingsPage.ContactOpacitySlider_ValueChanged(System.Object sender, Windows.UI.Xaml.Controls.Primitives.RangeBaseValueChangedEventArgs e)"
Dynamic,Method,"System.Void kicquwp.SettingsPage.ClearChatBackground_Click(System.Object sender, Windows.UI.Xaml.RoutedEventArgs e)"
Dynamic,Method,"System.Void kicquwp.SettingsPage.TypingNotificationsToggle_Toggled(System.Object sender, Windows.UI.Xaml.RoutedEventArgs e)"
Dynamic,Method,"System.Void kicquwp.SettingsPage.ShowGroupsToggle_Toggled(System.Object sender, Windows.UI.Xaml.RoutedEventArgs e)"
Dynamic,Method,"System.Void kicquwp.SettingsPage.BackgroundModeToggle_Toggled(System.Object sender, Windows.UI.Xaml.RoutedEventArgs e)"
Dynamic,Method,"System.Void kicquwp.SettingsPage.ClearBackground_Click(System.Object sender, Windows.UI.Xaml.RoutedEventArgs e)"
Dynamic,Method,"System.Void kicquwp.SettingsPage.OpacitySlider_ValueChanged(System.Object sender, Windows.UI.Xaml.Controls.Primitives.RangeBaseValueChangedEventArgs e)"
Dynamic,Method,"System.Void kicquwp.SettingsPage.UpdateCurrentVersionDisplay()"
Dynamic,Method,"System.Void kicquwp.SettingsPage.CheckUpdate_Click(System.Object sender, Windows.UI.Xaml.RoutedEventArgs e)"
Dynamic,Method,"System.Void kicquwp.SettingsPage.OpenReleases_Click(System.Object sender, Windows.UI.Xaml.RoutedEventArgs e)"
Dynamic,Method,"System.Void kicquwp.SettingsPage.AutoCheckUpdateToggle_Toggled(System.Object sender, Windows.UI.Xaml.RoutedEventArgs e)"
Dynamic,Method,"System.Threading.Tasks.Task kicquwp.SettingsPage.CheckForUpdatesAsync(System.Boolean silent)"
Dynamic,Method,"System.Void kicquwp.SettingsPage.DeleteAccount_Click(System.Object sender, Windows.UI.Xaml.RoutedEventArgs e)"
Dynamic,Method,"System.Void kicquwp.SettingsPage.HideOfflineToggle_Toggled(System.Object sender, Windows.UI.Xaml.RoutedEventArgs e)"
Dynamic,Method,"System.Void kicquwp.SettingsPage.BackButton_Click(System.Object sender, Windows.UI.Xaml.RoutedEventArgs e)"
Dynamic,Method,"System.Void kicquwp.SettingsPage.InitializeComponent()"
Dynamic,Method,"System.Void kicquwp.SettingsPage.Connect(System.Int32 connectionId, System.Object target)"
Dynamic,Method,"Windows.UI.Xaml.Markup.IComponentConnector kicquwp.SettingsPage.GetBindingConnector(System.Int32 connectionId, System.Object target)"
Dynamic,Method,"System.Void kicquwp.SettingsPage.<UpdatePreview>b__9_0(System.Object s, Windows.UI.Xaml.RoutedEventArgs e)"
Dynamic,Method,"System.Void kicquwp.SoundService.Init(Windows.UI.Core.CoreDispatcher dispatcher)"
Dynamic,Method,"System.Void kicquwp.SoundService.SetPlayer(Windows.UI.Xaml.Controls.MediaElement player, Windows.UI.Core.CoreDispatcher dispatcher)"
Dynamic,Method,"System.Void kicquwp.SoundService.PlayMessage()"
Dynamic,Method,"System.Void kicquwp.SoundService.PlayOnline()"
Dynamic,Method,"System.Void kicquwp.SoundService.PlayOffline()"
Dynamic,Method,"System.Void kicquwp.SoundService.PlayError()"
Dynamic,Method,"System.Void kicquwp.SoundService.PlayNotification()"
Dynamic,Method,"System.Threading.Tasks.Task kicquwp.SoundService.Play(System.String uri)"
Dynamic,Method,"System.Void kicquwp.Program.Main(System.String[] args)"
Dynamic,Method,"Windows.UI.Xaml.Markup.IXamlType kicquwp.kicquwp_XamlTypeInfo.XamlTypeInfoProvider.GetXamlTypeByType(System.Type type)"
Dynamic,Method,"Windows.UI.Xaml.Markup.IXamlType kicquwp.kicquwp_XamlTypeInfo.XamlTypeInfoProvider.GetXamlTypeByName(System.String typeName)"
Dynamic,Method,"Windows.UI.Xaml.Markup.IXamlMember kicquwp.kicquwp_XamlTypeInfo.XamlTypeInfoProvider.GetMemberByLongName(System.String longMemberName)"
Dynamic,Method,"System.Void kicquwp.kicquwp_XamlTypeInfo.XamlTypeInfoProvider.InitTypeTables()"
Dynamic,Method,"System.Int32 kicquwp.kicquwp_XamlTypeInfo.XamlTypeInfoProvider.LookupTypeIndexByName(System.String typeName)"
Dynamic,Method,"System.Int32 kicquwp.kicquwp_XamlTypeInfo.XamlTypeInfoProvider.LookupTypeIndexByType(System.Type type)"
Dynamic,Method,"System.Object kicquwp.kicquwp_XamlTypeInfo.XamlTypeInfoProvider.Activate_0_AccountInfoPage()"
Dynamic,Method,"System.Object kicquwp.kicquwp_XamlTypeInfo.XamlTypeInfoProvider.Activate_3_BoolToVisibilityConverter()"
Dynamic,Method,"System.Object kicquwp.kicquwp_XamlTypeInfo.XamlTypeInfoProvider.Activate_8_ChatPage()"
Dynamic,Method,"System.Object kicquwp.kicquwp_XamlTypeInfo.XamlTypeInfoProvider.Activate_9_FeatureItem()"
Dynamic,Method,"System.Object kicquwp.kicquwp_XamlTypeInfo.XamlTypeInfoProvider.Activate_10_InfoPage()"
Dynamic,Method,"System.Object kicquwp.kicquwp_XamlTypeInfo.XamlTypeInfoProvider.Activate_11_LoginPage()"
Dynamic,Method,"System.Object kicquwp.kicquwp_XamlTypeInfo.XamlTypeInfoProvider.Activate_12_ByteToOpacityConverter()"
Dynamic,Method,"System.Object kicquwp.kicquwp_XamlTypeInfo.XamlTypeInfoProvider.Activate_13_MainPage()"
Dynamic,Method,"System.Object kicquwp.kicquwp_XamlTypeInfo.XamlTypeInfoProvider.Activate_14_ObservableCollection()"
Dynamic,Method,"System.Object kicquwp.kicquwp_XamlTypeInfo.XamlTypeInfoProvider.Activate_15_Collection()"
Dynamic,Method,"System.Object kicquwp.kicquwp_XamlTypeInfo.XamlTypeInfoProvider.Activate_16_Contact()"
Dynamic,Method,"System.Object kicquwp.kicquwp_XamlTypeInfo.XamlTypeInfoProvider.Activate_18_ContactInfo()"
Dynamic,Method,"System.Object kicquwp.kicquwp_XamlTypeInfo.XamlTypeInfoProvider.Activate_23_SearchPage()"
Dynamic,Method,"System.Object kicquwp.kicquwp_XamlTypeInfo.XamlTypeInfoProvider.Activate_24_SettingsPage()"
Dynamic,Method,"System.Void kicquwp.kicquwp_XamlTypeInfo.XamlTypeInfoProvider.VectorAdd_14_ObservableCollection(System.Object instance, System.Object item)"
Dynamic,Method,"System.Void kicquwp.kicquwp_XamlTypeInfo.XamlTypeInfoProvider.VectorAdd_15_Collection(System.Object instance, System.Object item)"
Dynamic,Method,"Windows.UI.Xaml.Markup.IXamlType kicquwp.kicquwp_XamlTypeInfo.XamlTypeInfoProvider.CreateXamlType(System.Int32 typeIndex)"
Dynamic,Method,"System.Object kicquwp.kicquwp_XamlTypeInfo.XamlTypeInfoProvider.get_0_EmojiManager_FormattedText(System.Object instance)"
Dynamic,Method,"System.Void kicquwp.kicquwp_XamlTypeInfo.XamlTypeInfoProvider.set_0_EmojiManager_FormattedText(System.Object instance, System.Object Value)"
Dynamic,Method,"System.Object kicquwp.kicquwp_XamlTypeInfo.XamlTypeInfoProvider.get_1_FeatureItem_Icon(System.Object instance)"
Dynamic,Method,"System.Void kicquwp.kicquwp_XamlTypeInfo.XamlTypeInfoProvider.set_1_FeatureItem_Icon(System.Object instance, System.Object Value)"
Dynamic,Method,"System.Object kicquwp.kicquwp_XamlTypeInfo.XamlTypeInfoProvider.get_2_FeatureItem_Text(System.Object instance)"
Dynamic,Method,"System.Void kicquwp.kicquwp_XamlTypeInfo.XamlTypeInfoProvider.set_2_FeatureItem_Text(System.Object instance, System.Object Value)"
Dynamic,Method,"System.Object kicquwp.kicquwp_XamlTypeInfo.XamlTypeInfoProvider.get_3_MainPage_Contacts(System.Object instance)"
Dynamic,Method,"System.Void kicquwp.kicquwp_XamlTypeInfo.XamlTypeInfoProvider.set_3_MainPage_Contacts(System.Object instance, System.Object Value)"
Dynamic,Method,"System.Object kicquwp.kicquwp_XamlTypeInfo.XamlTypeInfoProvider.get_4_Contact_Uin(System.Object instance)"
Dynamic,Method,"System.Void kicquwp.kicquwp_XamlTypeInfo.XamlTypeInfoProvider.set_4_Contact_Uin(System.Object instance, System.Object Value)"
Dynamic,Method,"System.Object kicquwp.kicquwp_XamlTypeInfo.XamlTypeInfoProvider.get_5_Contact_Name(System.Object instance)"
Dynamic,Method,"System.Void kicquwp.kicquwp_XamlTypeInfo.XamlTypeInfoProvider.set_5_Contact_Name(System.Object instance, System.Object Value)"
Dynamic,Method,"System.Object kicquwp.kicquwp_XamlTypeInfo.XamlTypeInfoProvider.get_6_Contact_Group(System.Object instance)"
Dynamic,Method,"System.Void kicquwp.kicquwp_XamlTypeInfo.XamlTypeInfoProvider.set_6_Contact_Group(System.Object instance, System.Object Value)"
Dynamic,Method,"System.Object kicquwp.kicquwp_XamlTypeInfo.XamlTypeInfoProvider.get_7_Contact_IsTemporary(System.Object instance)"
Dynamic,Method,"System.Void kicquwp.kicquwp_XamlTypeInfo.XamlTypeInfoProvider.set_7_Contact_IsTemporary(System.Object instance, System.Object Value)"
Dynamic,Method,"System.Object kicquwp.kicquwp_XamlTypeInfo.XamlTypeInfoProvider.get_8_Contact_XtrazIcon(System.Object instance)"
Dynamic,Method,"System.Void kicquwp.kicquwp_XamlTypeInfo.XamlTypeInfoProvider.set_8_Contact_XtrazIcon(System.Object instance, System.Object Value)"
Dynamic,Method,"System.Object kicquwp.kicquwp_XamlTypeInfo.XamlTypeInfoProvider.get_9_Contact_Info(System.Object instance)"
Dynamic,Method,"System.Void kicquwp.kicquwp_XamlTypeInfo.XamlTypeInfoProvider.set_9_Contact_Info(System.Object instance, System.Object Value)"
Dynamic,Method,"System.Object kicquwp.kicquwp_XamlTypeInfo.XamlTypeInfoProvider.get_10_Contact_ItemId(System.Object instance)"
Dynamic,Method,"System.Void kicquwp.kicquwp_XamlTypeInfo.XamlTypeInfoProvider.set_10_Contact_ItemId(System.Object instance, System.Object Value)"
Dynamic,Method,"System.Object kicquwp.kicquwp_XamlTypeInfo.XamlTypeInfoProvider.get_11_Contact_GroupId(System.Object instance)"
Dynamic,Method,"System.Void kicquwp.kicquwp_XamlTypeInfo.XamlTypeInfoProvider.set_11_Contact_GroupId(System.Object instance, System.Object Value)"
Dynamic,Method,"System.Object kicquwp.kicquwp_XamlTypeInfo.XamlTypeInfoProvider.get_12_Contact_StatusIcon(System.Object instance)"
Dynamic,Method,"System.Void kicquwp.kicquwp_XamlTypeInfo.XamlTypeInfoProvider.set_12_Contact_StatusIcon(System.Object instance, System.Object Value)"
Dynamic,Method,"System.Object kicquwp.kicquwp_XamlTypeInfo.XamlTypeInfoProvider.get_13_Contact_IsNewOnline(System.Object instance)"
Dynamic,Method,"System.Void kicquwp.kicquwp_XamlTypeInfo.XamlTypeInfoProvider.set_13_Contact_IsNewOnline(System.Object instance, System.Object Value)"
Dynamic,Method,"System.Object kicquwp.kicquwp_XamlTypeInfo.XamlTypeInfoProvider.get_14_Contact_UnreadCount(System.Object instance)"
Dynamic,Method,"System.Void kicquwp.kicquwp_XamlTypeInfo.XamlTypeInfoProvider.set_14_Contact_UnreadCount(System.Object instance, System.Object Value)"
Dynamic,Method,"System.Object kicquwp.kicquwp_XamlTypeInfo.XamlTypeInfoProvider.get_15_Contact_HasUnread(System.Object instance)"
Dynamic,Method,"System.Object kicquwp.kicquwp_XamlTypeInfo.XamlTypeInfoProvider.get_16_Contact_BackgroundAlpha(System.Object instance)"
Dynamic,Method,"Windows.UI.Xaml.Markup.IXamlMember kicquwp.kicquwp_XamlTypeInfo.XamlTypeInfoProvider.CreateXamlMember(System.String longMemberName)"
Dynamic,Method,"System.Void kicquwp.kicquwp_XamlTypeInfo.XamlTypeInfoProvider..ctor()"
Dynamic,Method,"System.Void kicquwp.kicquwp_XamlTypeInfo.XamlSystemBaseType..ctor(System.String fullName, System.Type underlyingType)"
Dynamic,Method,"System.String kicquwp.kicquwp_XamlTypeInfo.XamlSystemBaseType.FullName.get()"
Dynamic,Method,"System.Type kicquwp.kicquwp_XamlTypeInfo.XamlSystemBaseType.UnderlyingType.get()"
Dynamic,Method,"Windows.UI.Xaml.Markup.IXamlType kicquwp.kicquwp_XamlTypeInfo.XamlSystemBaseType.BaseType.get()"
Dynamic,Method,"Windows.UI.Xaml.Markup.IXamlMember kicquwp.kicquwp_XamlTypeInfo.XamlSystemBaseType.ContentProperty.get()"
Dynamic,Method,"Windows.UI.Xaml.Markup.IXamlMember kicquwp.kicquwp_XamlTypeInfo.XamlSystemBaseType.GetMember(System.String name)"
Dynamic,Method,"System.Boolean kicquwp.kicquwp_XamlTypeInfo.XamlSystemBaseType.IsArray.get()"
Dynamic,Method,"System.Boolean kicquwp.kicquwp_XamlTypeInfo.XamlSystemBaseType.IsCollection.get()"
Dynamic,Method,"System.Boolean kicquwp.kicquwp_XamlTypeInfo.XamlSystemBaseType.IsConstructible.get()"
Dynamic,Method,"System.Boolean kicquwp.kicquwp_XamlTypeInfo.XamlSystemBaseType.IsDictionary.get()"
Dynamic,Method,"System.Boolean kicquwp.kicquwp_XamlTypeInfo.XamlSystemBaseType.IsMarkupExtension.get()"
Dynamic,Method,"System.Boolean kicquwp.kicquwp_XamlTypeInfo.XamlSystemBaseType.IsBindable.get()"
Dynamic,Method,"System.Boolean kicquwp.kicquwp_XamlTypeInfo.XamlSystemBaseType.IsReturnTypeStub.get()"
Dynamic,Method,"System.Boolean kicquwp.kicquwp_XamlTypeInfo.XamlSystemBaseType.IsLocalType.get()"
Dynamic,Method,"Windows.UI.Xaml.Markup.IXamlType kicquwp.kicquwp_XamlTypeInfo.XamlSystemBaseType.ItemType.get()"
Dynamic,Method,"Windows.UI.Xaml.Markup.IXamlType kicquwp.kicquwp_XamlTypeInfo.XamlSystemBaseType.KeyType.get()"
Dynamic,Method,"System.Object kicquwp.kicquwp_XamlTypeInfo.XamlSystemBaseType.ActivateInstance()"
Dynamic,Method,"System.Void kicquwp.kicquwp_XamlTypeInfo.XamlSystemBaseType.AddToMap(System.Object instance, System.Object key, System.Object item)"
Dynamic,Method,"System.Void kicquwp.kicquwp_XamlTypeInfo.XamlSystemBaseType.AddToVector(System.Object instance, System.Object item)"
Dynamic,Method,"System.Void kicquwp.kicquwp_XamlTypeInfo.XamlSystemBaseType.RunInitializer()"
Dynamic,Method,"System.Object kicquwp.kicquwp_XamlTypeInfo.XamlSystemBaseType.CreateFromString(System.String input)"
Dynamic,Method,"System.Void kicquwp.kicquwp_XamlTypeInfo.Activator..ctor(System.Object object, System.IntPtr method)"
Dynamic,Method,"System.Object kicquwp.kicquwp_XamlTypeInfo.Activator.Invoke()"
Dynamic,Method,"System.IAsyncResult kicquwp.kicquwp_XamlTypeInfo.Activator.BeginInvoke(System.AsyncCallback callback, System.Object object)"
Dynamic,Method,"System.Object kicquwp.kicquwp_XamlTypeInfo.Activator.EndInvoke(System.IAsyncResult result)"
Dynamic,Method,"System.Void kicquwp.kicquwp_XamlTypeInfo.AddToCollection..ctor(System.Object object, System.IntPtr method)"
Dynamic,Method,"System.Void kicquwp.kicquwp_XamlTypeInfo.AddToCollection.Invoke(System.Object instance, System.Object item)"
Dynamic,Method,"System.IAsyncResult kicquwp.kicquwp_XamlTypeInfo.AddToCollection.BeginInvoke(System.Object instance, System.Object item, System.AsyncCallback callback, System.Object object)"
Dynamic,Method,"System.Void kicquwp.kicquwp_XamlTypeInfo.AddToCollection.EndInvoke(System.IAsyncResult result)"
Dynamic,Method,"System.Void kicquwp.kicquwp_XamlTypeInfo.AddToDictionary..ctor(System.Object object, System.IntPtr method)"
Dynamic,Method,"System.Void kicquwp.kicquwp_XamlTypeInfo.AddToDictionary.Invoke(System.Object instance, System.Object key, System.Object item)"
Dynamic,Method,"System.IAsyncResult kicquwp.kicquwp_XamlTypeInfo.AddToDictionary.BeginInvoke(System.Object instance, System.Object key, System.Object item, System.AsyncCallback callback, System.Object object)"
Dynamic,Method,"System.Void kicquwp.kicquwp_XamlTypeInfo.AddToDictionary.EndInvoke(System.IAsyncResult result)"
Dynamic,Method,"System.Void kicquwp.kicquwp_XamlTypeInfo.XamlUserType..ctor(kicquwp.kicquwp_XamlTypeInfo.XamlTypeInfoProvider provider, System.String fullName, System.Type fullType, Windows.UI.Xaml.Markup.IXamlType baseType)"
Dynamic,Method,"Windows.UI.Xaml.Markup.IXamlType kicquwp.kicquwp_XamlTypeInfo.XamlUserType.BaseType.get()"
Dynamic,Method,"System.Boolean kicquwp.kicquwp_XamlTypeInfo.XamlUserType.IsArray.get()"
Dynamic,Method,"System.Boolean kicquwp.kicquwp_XamlTypeInfo.XamlUserType.IsCollection.get()"
Dynamic,Method,"System.Boolean kicquwp.kicquwp_XamlTypeInfo.XamlUserType.IsConstructible.get()"
Dynamic,Method,"System.Boolean kicquwp.kicquwp_XamlTypeInfo.XamlUserType.IsDictionary.get()"
Dynamic,Method,"System.Boolean kicquwp.kicquwp_XamlTypeInfo.XamlUserType.IsMarkupExtension.get()"
Dynamic,Method,"System.Boolean kicquwp.kicquwp_XamlTypeInfo.XamlUserType.IsBindable.get()"
Dynamic,Method,"System.Boolean kicquwp.kicquwp_XamlTypeInfo.XamlUserType.IsReturnTypeStub.get()"
Dynamic,Method,"System.Boolean kicquwp.kicquwp_XamlTypeInfo.XamlUserType.IsLocalType.get()"
Dynamic,Method,"Windows.UI.Xaml.Markup.IXamlMember kicquwp.kicquwp_XamlTypeInfo.XamlUserType.ContentProperty.get()"
Dynamic,Method,"Windows.UI.Xaml.Markup.IXamlType kicquwp.kicquwp_XamlTypeInfo.XamlUserType.ItemType.get()"
Dynamic,Method,"Windows.UI.Xaml.Markup.IXamlType kicquwp.kicquwp_XamlTypeInfo.XamlUserType.KeyType.get()"
Dynamic,Method,"Windows.UI.Xaml.Markup.IXamlMember kicquwp.kicquwp_XamlTypeInfo.XamlUserType.GetMember(System.String name)"
Dynamic,Method,"System.Object kicquwp.kicquwp_XamlTypeInfo.XamlUserType.ActivateInstance()"
Dynamic,Method,"System.Void kicquwp.kicquwp_XamlTypeInfo.XamlUserType.AddToMap(System.Object instance, System.Object key, System.Object item)"
Dynamic,Method,"System.Void kicquwp.kicquwp_XamlTypeInfo.XamlUserType.AddToVector(System.Object instance, System.Object item)"
Dynamic,Method,"System.Void kicquwp.kicquwp_XamlTypeInfo.XamlUserType.RunInitializer()"
Dynamic,Method,"System.Object kicquwp.kicquwp_XamlTypeInfo.XamlUserType.CreateFromString(System.String input)"
Dynamic,Method,"kicquwp.kicquwp_XamlTypeInfo.Activator kicquwp.kicquwp_XamlTypeInfo.XamlUserType.Activator.get()"
Dynamic,Method,"System.Void kicquwp.kicquwp_XamlTypeInfo.XamlUserType.Activator.set(kicquwp.kicquwp_XamlTypeInfo.Activator value)"
Dynamic,Method,"kicquwp.kicquwp_XamlTypeInfo.AddToCollection kicquwp.kicquwp_XamlTypeInfo.XamlUserType.CollectionAdd.get()"
Dynamic,Method,"System.Void kicquwp.kicquwp_XamlTypeInfo.XamlUserType.CollectionAdd.set(kicquwp.kicquwp_XamlTypeInfo.AddToCollection value)"
Dynamic,Method,"kicquwp.kicquwp_XamlTypeInfo.AddToDictionary kicquwp.kicquwp_XamlTypeInfo.XamlUserType.DictionaryAdd.get()"
Dynamic,Method,"System.Void kicquwp.kicquwp_XamlTypeInfo.XamlUserType.DictionaryAdd.set(kicquwp.kicquwp_XamlTypeInfo.AddToDictionary value)"
Dynamic,Method,"System.Void kicquwp.kicquwp_XamlTypeInfo.XamlUserType.SetContentPropertyName(System.String contentPropertyName)"
Dynamic,Method,"System.Void kicquwp.kicquwp_XamlTypeInfo.XamlUserType.SetIsArray()"
Dynamic,Method,"System.Void kicquwp.kicquwp_XamlTypeInfo.XamlUserType.SetIsMarkupExtension()"
Dynamic,Method,"System.Void kicquwp.kicquwp_XamlTypeInfo.XamlUserType.SetIsBindable()"
Dynamic,Method,"System.Void kicquwp.kicquwp_XamlTypeInfo.XamlUserType.SetIsReturnTypeStub()"
Dynamic,Method,"System.Void kicquwp.kicquwp_XamlTypeInfo.XamlUserType.SetIsLocalType()"
Dynamic,Method,"System.Void kicquwp.kicquwp_XamlTypeInfo.XamlUserType.SetItemTypeName(System.String itemTypeName)"
Dynamic,Method,"System.Void kicquwp.kicquwp_XamlTypeInfo.XamlUserType.SetKeyTypeName(System.String keyTypeName)"
Dynamic,Method,"System.Void kicquwp.kicquwp_XamlTypeInfo.XamlUserType.AddMemberName(System.String shortName)"
Dynamic,Method,"System.Void kicquwp.kicquwp_XamlTypeInfo.XamlUserType.AddEnumValue(System.String name, System.Object value)"
Dynamic,Method,"System.Void kicquwp.kicquwp_XamlTypeInfo.Getter..ctor(System.Object object, System.IntPtr method)"
Dynamic,Method,"System.Object kicquwp.kicquwp_XamlTypeInfo.Getter.Invoke(System.Object instance)"
Dynamic,Method,"System.IAsyncResult kicquwp.kicquwp_XamlTypeInfo.Getter.BeginInvoke(System.Object instance, System.AsyncCallback callback, System.Object object)"
Dynamic,Method,"System.Object kicquwp.kicquwp_XamlTypeInfo.Getter.EndInvoke(System.IAsyncResult result)"
Dynamic,Method,"System.Void kicquwp.kicquwp_XamlTypeInfo.Setter..ctor(System.Object object, System.IntPtr method)"
Dynamic,Method,"System.Void kicquwp.kicquwp_XamlTypeInfo.Setter.Invoke(System.Object instance, System.Object value)"
Dynamic,Method,"System.IAsyncResult kicquwp.kicquwp_XamlTypeInfo.Setter.BeginInvoke(System.Object instance, System.Object value, System.AsyncCallback callback, System.Object object)"
Dynamic,Method,"System.Void kicquwp.kicquwp_XamlTypeInfo.Setter.EndInvoke(System.IAsyncResult result)"
Dynamic,Method,"System.Void kicquwp.kicquwp_XamlTypeInfo.XamlMember..ctor(kicquwp.kicquwp_XamlTypeInfo.XamlTypeInfoProvider provider, System.String name, System.String typeName)"
Dynamic,Method,"System.String kicquwp.kicquwp_XamlTypeInfo.XamlMember.Name.get()"
Dynamic,Method,"Windows.UI.Xaml.Markup.IXamlType kicquwp.kicquwp_XamlTypeInfo.XamlMember.Type.get()"
Dynamic,Method,"System.Void kicquwp.kicquwp_XamlTypeInfo.XamlMember.SetTargetTypeName(System.String targetTypeName)"
Dynamic,Method,"Windows.UI.Xaml.Markup.IXamlType kicquwp.kicquwp_XamlTypeInfo.XamlMember.TargetType.get()"
Dynamic,Method,"System.Void kicquwp.kicquwp_XamlTypeInfo.XamlMember.SetIsAttachable()"
Dynamic,Method,"System.Boolean kicquwp.kicquwp_XamlTypeInfo.XamlMember.IsAttachable.get()"
Dynamic,Method,"System.Void kicquwp.kicquwp_XamlTypeInfo.XamlMember.SetIsDependencyProperty()"
Dynamic,Method,"System.Boolean kicquwp.kicquwp_XamlTypeInfo.XamlMember.IsDependencyProperty.get()"
Dynamic,Method,"System.Void kicquwp.kicquwp_XamlTypeInfo.XamlMember.SetIsReadOnly()"
Dynamic,Method,"System.Boolean kicquwp.kicquwp_XamlTypeInfo.XamlMember.IsReadOnly.get()"
Dynamic,Method,"kicquwp.kicquwp_XamlTypeInfo.Getter kicquwp.kicquwp_XamlTypeInfo.XamlMember.Getter.get()"
Dynamic,Method,"System.Void kicquwp.kicquwp_XamlTypeInfo.XamlMember.Getter.set(kicquwp.kicquwp_XamlTypeInfo.Getter value)"
Dynamic,Method,"System.Object kicquwp.kicquwp_XamlTypeInfo.XamlMember.GetValue(System.Object instance)"
Dynamic,Method,"kicquwp.kicquwp_XamlTypeInfo.Setter kicquwp.kicquwp_XamlTypeInfo.XamlMember.Setter.get()"
Dynamic,Method,"System.Void kicquwp.kicquwp_XamlTypeInfo.XamlMember.Setter.set(kicquwp.kicquwp_XamlTypeInfo.Setter value)"
Dynamic,Method,"System.Void kicquwp.kicquwp_XamlTypeInfo.XamlMember.SetValue(System.Object instance, System.Object value)"
Dynamic,Method,"System.Void kicquwp.AccountInfoPage.<OnNavigatedTo>d__2.MoveNext()"
Dynamic,Method,"System.Void kicquwp.AccountInfoPage.<OnNavigatedTo>d__2.SetStateMachine(System.Runtime.CompilerServices.IAsyncStateMachine stateMachine)"
Dynamic,Method,"System.Void kicquwp.AccountInfoPage.<LoadUserInfo>d__4.MoveNext()"
Dynamic,Method,"System.Void kicquwp.AccountInfoPage.<LoadUserInfo>d__4.SetStateMachine(System.Runtime.CompilerServices.IAsyncStateMachine stateMachine)"
Dynamic,Method,"System.Void kicquwp.AccountInfoPage.<SaveButton_Click>d__5.MoveNext()"
Dynamic,Method,"System.Void kicquwp.AccountInfoPage.<SaveButton_Click>d__5.SetStateMachine(System.Runtime.CompilerServices.IAsyncStateMachine stateMachine)"
Dynamic,Method,"System.Void kicquwp.App.<>c..cctor()"
Dynamic,Method,"System.Void kicquwp.App.<>c..ctor()"
Dynamic,Method,"System.Void kicquwp.App.<>c.<.ctor>b__16_0(System.Object s, Windows.UI.Xaml.UnhandledExceptionEventArgs e)"
Dynamic,Method,"System.Void kicquwp.App.<>c.<.ctor>b__16_1(System.Object s, System.Threading.Tasks.UnobservedTaskExceptionEventArgs e)"
Dynamic,Method,"System.Threading.Tasks.Task kicquwp.App.<>c.<CheckUpdateOnStartup>b__18_0()"
Dynamic,Method,"System.Void kicquwp.App.<>c__DisplayClass18_0..ctor()"
Dynamic,Method,"System.Void kicquwp.App.<>c__DisplayClass18_0.<CheckUpdateOnStartup>b__1()"
Dynamic,Method,"System.Void kicquwp.App.<>c__DisplayClass19_0..ctor()"
Dynamic,Method,"System.Void kicquwp.App.<>c__DisplayClass19_0.<OnBackgroundActivated>b__0(System.Threading.Tasks.Task _)"
Dynamic,Method,"System.Void kicquwp.App.<OnActivated>d__21.MoveNext()"
Dynamic,Method,"System.Void kicquwp.App.<OnActivated>d__21.SetStateMachine(System.Runtime.CompilerServices.IAsyncStateMachine stateMachine)"
Dynamic,Method,"System.Void kicquwp.App.<>c__DisplayClass22_0..ctor()"
Dynamic,Method,"System.Boolean kicquwp.App.<>c__DisplayClass22_0.<OpenChatPageFromToastAsync>b__0(Contact c)"
Dynamic,Method,"System.Void kicquwp.App.<OpenChatPageFromToastAsync>d__22.MoveNext()"
Dynamic,Method,"System.Void kicquwp.App.<OpenChatPageFromToastAsync>d__22.SetStateMachine(System.Runtime.CompilerServices.IAsyncStateMachine stateMachine)"
Dynamic,Method,"System.Void kicquwp.App.<OnResuming>d__25.MoveNext()"
Dynamic,Method,"System.Void kicquwp.App.<OnResuming>d__25.SetStateMachine(System.Runtime.CompilerServices.IAsyncStateMachine stateMachine)"
Dynamic,Method,"System.Void kicquwp.ChatPage.<OnNavigatedTo>d__15.MoveNext()"
Dynamic,Method,"System.Void kicquwp.ChatPage.<OnNavigatedTo>d__15.SetStateMachine(System.Runtime.CompilerServices.IAsyncStateMachine stateMachine)"
Dynamic,Method,"System.Void kicquwp.ChatPage.<OnChatConnectionLost>d__16.MoveNext()"
Dynamic,Method,"System.Void kicquwp.ChatPage.<OnChatConnectionLost>d__16.SetStateMachine(System.Runtime.CompilerServices.IAsyncStateMachine stateMachine)"
Dynamic,Method,"System.Void kicquwp.ChatPage.<AddToContacts_Click>d__20.MoveNext()"
Dynamic,Method,"System.Void kicquwp.ChatPage.<AddToContacts_Click>d__20.SetStateMachine(System.Runtime.CompilerServices.IAsyncStateMachine stateMachine)"
Dynamic,Method,"System.Void kicquwp.ChatPage.<ContactInfo_Click>d__22.MoveNext()"
Dynamic,Method,"System.Void kicquwp.ChatPage.<ContactInfo_Click>d__22.SetStateMachine(System.Runtime.CompilerServices.IAsyncStateMachine stateMachine)"
Dynamic,Method,"System.Void kicquwp.ChatPage.<RenameContact_Click>d__23.MoveNext()"
Dynamic,Method,"System.Void kicquwp.ChatPage.<RenameContact_Click>d__23.SetStateMachine(System.Runtime.CompilerServices.IAsyncStateMachine stateMachine)"
Dynamic,Method,"System.Void kicquwp.ChatPage.<DeleteContact_Click>d__24.MoveNext()"
Dynamic,Method,"System.Void kicquwp.ChatPage.<DeleteContact_Click>d__24.SetStateMachine(System.Runtime.CompilerServices.IAsyncStateMachine stateMachine)"
Dynamic,Method,"System.Void kicquwp.ChatPage.<ClearChat_Click>d__25.MoveNext()"
Dynamic,Method,"System.Void kicquwp.ChatPage.<ClearChat_Click>d__25.SetStateMachine(System.Runtime.CompilerServices.IAsyncStateMachine stateMachine)"
Dynamic,Method,"System.Void kicquwp.ChatPage.<>c__DisplayClass26_0..ctor()"
Dynamic,Method,"System.Void kicquwp.ChatPage.<>c__DisplayClass26_0.<ShowRenameDialogAsync>b__0(Windows.UI.Xaml.Controls.ContentDialog s, Windows.UI.Xaml.Controls.ContentDialogOpenedEventArgs args)"
Dynamic,Method,"System.Void kicquwp.ChatPage.<ShowRenameDialogAsync>d__26.MoveNext()"
Dynamic,Method,"System.Void kicquwp.ChatPage.<ShowRenameDialogAsync>d__26.SetStateMachine(System.Runtime.CompilerServices.IAsyncStateMachine stateMachine)"
Dynamic,Method,"System.Void kicquwp.ChatPage.<>c__DisplayClass27_0..ctor()"
Dynamic,Method,"System.Void kicquwp.ChatPage.<>c__DisplayClass27_0.<OnIncomingMessage>b__0()"
Dynamic,Method,"System.Void kicquwp.ChatPage.<OnIncomingMessage>d__27.MoveNext()"
Dynamic,Method,"System.Void kicquwp.ChatPage.<OnIncomingMessage>d__27.SetStateMachine(System.Runtime.CompilerServices.IAsyncStateMachine stateMachine)"
Dynamic,Method,"System.Void kicquwp.ChatPage.<SendMessage_Click>d__28.MoveNext()"
Dynamic,Method,"System.Void kicquwp.ChatPage.<SendMessage_Click>d__28.SetStateMachine(System.Runtime.CompilerServices.IAsyncStateMachine stateMachine)"
Dynamic,Method,"System.Void kicquwp.ChatPage.<MessageTextBox_KeyDown>d__29.MoveNext()"
Dynamic,Method,"System.Void kicquwp.ChatPage.<MessageTextBox_KeyDown>d__29.SetStateMachine(System.Runtime.CompilerServices.IAsyncStateMachine stateMachine)"
Dynamic,Method,"System.Void kicquwp.ChatPage.<>c__DisplayClass30_0..ctor()"
Dynamic,Method,"System.Threading.Tasks.Task kicquwp.ChatPage.<>c__DisplayClass30_0.<SendCurrentMessageAsync>b__1()"
Dynamic,Method,"System.Void kicquwp.ChatPage.<>c__DisplayClass30_0.<SendCurrentMessageAsync>b__2()"
Dynamic,Method,"System.Void kicquwp.ChatPage.<>c..cctor()"
Dynamic,Method,"System.Void kicquwp.ChatPage.<>c..ctor()"
Dynamic,Method,"System.String kicquwp.ChatPage.<>c.<SendCurrentMessageAsync>b__30_0(System.String l)"
Dynamic,Method,"System.Void kicquwp.ChatPage.<SendCurrentMessageAsync>d__30.MoveNext()"
Dynamic,Method,"System.Void kicquwp.ChatPage.<SendCurrentMessageAsync>d__30.SetStateMachine(System.Runtime.CompilerServices.IAsyncStateMachine stateMachine)"
Dynamic,Method,"System.Void kicquwp.ChatPage.<>c__DisplayClass31_0..ctor()"
Dynamic,Method,"System.Void kicquwp.ChatPage.<>c__DisplayClass31_0.<OnTypingNotification>b__0()"
Dynamic,Method,"System.Void kicquwp.ChatPage.<OnTypingNotification>d__31.MoveNext()"
Dynamic,Method,"System.Void kicquwp.ChatPage.<OnTypingNotification>d__31.SetStateMachine(System.Runtime.CompilerServices.IAsyncStateMachine stateMachine)"
Dynamic,Method,"System.Void kicquwp.ChatPage.<MessageTextBox_TextChanged>d__32.MoveNext()"
Dynamic,Method,"System.Void kicquwp.ChatPage.<MessageTextBox_TextChanged>d__32.SetStateMachine(System.Runtime.CompilerServices.IAsyncStateMachine stateMachine)"
Dynamic,Method,"System.Void kicquwp.ChatPage.<OnTypingTimerTick>d__33.MoveNext()"
Dynamic,Method,"System.Void kicquwp.ChatPage.<OnTypingTimerTick>d__33.SetStateMachine(System.Runtime.CompilerServices.IAsyncStateMachine stateMachine)"
Dynamic,Method,"System.Void kicquwp.ChatPage.<>c__DisplayClass34_0..ctor()"
Dynamic,Method,"System.Void kicquwp.ChatPage.<>c__DisplayClass34_0.<MessageBorder_Holding>b__0(System.Object s, Windows.UI.Xaml.RoutedEventArgs a)"
Dynamic,Method,"System.Void kicquwp.ChatPage.<>c__DisplayClass34_0.<MessageBorder_Holding>b__1(System.Object s, Windows.UI.Xaml.RoutedEventArgs a)"
Dynamic,Method,"System.Void kicquwp.ChatPage.<>c__DisplayClass34_0.<MessageBorder_Holding>b__2(System.Object s, Windows.UI.Xaml.RoutedEventArgs a)"
Dynamic,Method,"System.Void kicquwp.ChatPage.<ForwardMessageAsync>d__38.MoveNext()"
Dynamic,Method,"System.Void kicquwp.ChatPage.<ForwardMessageAsync>d__38.SetStateMachine(System.Runtime.CompilerServices.IAsyncStateMachine stateMachine)"
Dynamic,Method,"System.Void kicquwp.ChatPage.<ShowForwardContactPickerAsync>d__39.MoveNext()"
Dynamic,Method,"System.Void kicquwp.ChatPage.<ShowForwardContactPickerAsync>d__39.SetStateMachine(System.Runtime.CompilerServices.IAsyncStateMachine stateMachine)"
Dynamic,Method,"System.Void kicquwp.ChatPage.<LoadEmojiAnimationsAsync>d__41.MoveNext()"
Dynamic,Method,"System.Void kicquwp.ChatPage.<LoadEmojiAnimationsAsync>d__41.SetStateMachine(System.Runtime.CompilerServices.IAsyncStateMachine stateMachine)"
Dynamic,Method,"System.Void kicquwp.ChatPage.<ApplyChatBackgroundAsync>d__47.MoveNext()"
Dynamic,Method,"System.Void kicquwp.ChatPage.<ApplyChatBackgroundAsync>d__47.SetStateMachine(System.Runtime.CompilerServices.IAsyncStateMachine stateMachine)"
Dynamic,Method,"System.Void kicquwp.ChatPage.<SaveMessageAsync>d__50.MoveNext()"
Dynamic,Method,"System.Void kicquwp.ChatPage.<SaveMessageAsync>d__50.SetStateMachine(System.Runtime.CompilerServices.IAsyncStateMachine stateMachine)"
Dynamic,Method,"System.Void kicquwp.ChatPage.<LoadHistoryAsync>d__51.MoveNext()"
Dynamic,Method,"System.Void kicquwp.ChatPage.<LoadHistoryAsync>d__51.SetStateMachine(System.Runtime.CompilerServices.IAsyncStateMachine stateMachine)"
Dynamic,Method,"System.Void kicquwp.ChatPage.<ShowErrorDialogAsync>d__52.MoveNext()"
Dynamic,Method,"System.Void kicquwp.ChatPage.<ShowErrorDialogAsync>d__52.SetStateMachine(System.Runtime.CompilerServices.IAsyncStateMachine stateMachine)"
Dynamic,Method,"System.Void kicquwp.ChatPage.<ShowDialogAsync>d__53.MoveNext()"
Dynamic,Method,"System.Void kicquwp.ChatPage.<ShowDialogAsync>d__53.SetStateMachine(System.Runtime.CompilerServices.IAsyncStateMachine stateMachine)"
Dynamic,Method,"System.Void kicquwp.ChatPage.<ShowInfoDialogAsync>d__54.MoveNext()"
Dynamic,Method,"System.Void kicquwp.ChatPage.<ShowInfoDialogAsync>d__54.SetStateMachine(System.Runtime.CompilerServices.IAsyncStateMachine stateMachine)"
Dynamic,Method,"System.Void kicquwp.ChatPage.<<RenameContact_Click>b__23_0>d.MoveNext()"
Dynamic,Method,"System.Void kicquwp.ChatPage.<<RenameContact_Click>b__23_0>d.SetStateMachine(System.Runtime.CompilerServices.IAsyncStateMachine stateMachine)"
Dynamic,Method,"System.Void kicquwp.ContactStorage.<SaveContactsToFileAsync>d__0.MoveNext()"
Dynamic,Method,"System.Void kicquwp.ContactStorage.<SaveContactsToFileAsync>d__0.SetStateMachine(System.Runtime.CompilerServices.IAsyncStateMachine stateMachine)"
Dynamic,Method,"System.Void kicquwp.ContactStorage.<LoadContactsFromFileAsync>d__1.MoveNext()"
Dynamic,Method,"System.Void kicquwp.ContactStorage.<LoadContactsFromFileAsync>d__1.SetStateMachine(System.Runtime.CompilerServices.IAsyncStateMachine stateMachine)"
Dynamic,Method,"System.Void kicquwp.ControlChannelService.<InitializeAsync>d__9.MoveNext()"
Dynamic,Method,"System.Void kicquwp.ControlChannelService.<InitializeAsync>d__9.SetStateMachine(System.Runtime.CompilerServices.IAsyncStateMachine stateMachine)"
Dynamic,Method,"System.Void kicquwp.FeatureItem.<>c..cctor()"
Dynamic,Method,"System.Void kicquwp.FeatureItem.<>c..ctor()"
Dynamic,Method,"System.Void kicquwp.FeatureItem.<>c.<.cctor>b__16_0(Windows.UI.Xaml.DependencyObject d, Windows.UI.Xaml.DependencyPropertyChangedEventArgs e)"
Dynamic,Method,"System.Void kicquwp.FeatureItem.<>c.<.cctor>b__16_1(Windows.UI.Xaml.DependencyObject d, Windows.UI.Xaml.DependencyPropertyChangedEventArgs e)"
Dynamic,Method,"System.Void kicquwp.GitHubUpdateService.<CheckForUpdatesAsync>d__7.MoveNext()"
Dynamic,Method,"System.Void kicquwp.GitHubUpdateService.<CheckForUpdatesAsync>d__7.SetStateMachine(System.Runtime.CompilerServices.IAsyncStateMachine stateMachine)"
Dynamic,Method,"System.Void kicquwp.GitHubUpdateService.<OpenReleasePageAsync>d__8.MoveNext()"
Dynamic,Method,"System.Void kicquwp.GitHubUpdateService.<OpenReleasePageAsync>d__8.SetStateMachine(System.Runtime.CompilerServices.IAsyncStateMachine stateMachine)"
Dynamic,Method,"System.Void kicquwp.LoginPage.<>c..cctor()"
Dynamic,Method,"System.Void kicquwp.LoginPage.<>c..ctor()"
Dynamic,Method,"System.Void kicquwp.LoginPage.<>c.<LoginButton_Click>b__3_0()"
Dynamic,Method,"System.Void kicquwp.LoginPage.<>c.<LoginButton_Click>b__3_1(kicquwp.OscarProtocol newOscar)"
Dynamic,Method,"System.Void kicquwp.LoginPage.<LoginButton_Click>d__3.MoveNext()"
Dynamic,Method,"System.Void kicquwp.LoginPage.<LoginButton_Click>d__3.SetStateMachine(System.Runtime.CompilerServices.IAsyncStateMachine stateMachine)"
Dynamic,Method,"System.Void kicquwp.LoginPage.<>c__DisplayClass4_0..ctor()"
Dynamic,Method,"System.Void kicquwp.LoginPage.<>c__DisplayClass4_0.<UpdateStatusText>b__0()"
Dynamic,Method,"System.Void kicquwp.LoginPage.<UpdateStatusText>d__4.MoveNext()"
Dynamic,Method,"System.Void kicquwp.LoginPage.<UpdateStatusText>d__4.SetStateMachine(System.Runtime.CompilerServices.IAsyncStateMachine stateMachine)"
Dynamic,Method,"System.Void kicquwp.LoginPage.<RegButton_Click>d__6.MoveNext()"
Dynamic,Method,"System.Void kicquwp.LoginPage.<RegButton_Click>d__6.SetStateMachine(System.Runtime.CompilerServices.IAsyncStateMachine stateMachine)"
Dynamic,Method,"System.Void kicquwp.LoginPage.<RegisterDialog_PrimaryButtonClick>d__7.MoveNext()"
Dynamic,Method,"System.Void kicquwp.LoginPage.<RegisterDialog_PrimaryButtonClick>d__7.SetStateMachine(System.Runtime.CompilerServices.IAsyncStateMachine stateMachine)"
Dynamic,Method,"System.Void kicquwp.LoginPage.<ShowErrorDialog>d__8.MoveNext()"
Dynamic,Method,"System.Void kicquwp.LoginPage.<ShowErrorDialog>d__8.SetStateMachine(System.Runtime.CompilerServices.IAsyncStateMachine stateMachine)"
Dynamic,Method,"System.Void kicquwp.LoginPage.<HelpButton_Click>d__10.MoveNext()"
Dynamic,Method,"System.Void kicquwp.LoginPage.<HelpButton_Click>d__10.SetStateMachine(System.Runtime.CompilerServices.IAsyncStateMachine stateMachine)"
Dynamic,Method,"System.Void kicquwp.LoginPage.<ExitButton_Click>d__11.MoveNext()"
Dynamic,Method,"System.Void kicquwp.LoginPage.<ExitButton_Click>d__11.SetStateMachine(System.Runtime.CompilerServices.IAsyncStateMachine stateMachine)"
Dynamic,Method,"System.Void kicquwp.LoginPage.<>c__DisplayClass13_0..ctor()"
Dynamic,Method,"System.Void kicquwp.LoginPage.<>c__DisplayClass13_0.<ShowMessageDialog>b__0()"
Dynamic,Method,"System.Void kicquwp.LoginPage.<ShowMessageDialog>d__13.MoveNext()"
Dynamic,Method,"System.Void kicquwp.LoginPage.<ShowMessageDialog>d__13.SetStateMachine(System.Runtime.CompilerServices.IAsyncStateMachine stateMachine)"
Dynamic,Method,"System.Void kicquwp.MainPage.<>c__DisplayClass15_0..ctor()"
Dynamic,Method,"System.Void kicquwp.MainPage.<>c__DisplayClass15_0.<InitAsync>b__0()"
Dynamic,Method,"System.Void kicquwp.MainPage.<InitAsync>d__15.MoveNext()"
Dynamic,Method,"System.Void kicquwp.MainPage.<InitAsync>d__15.SetStateMachine(System.Runtime.CompilerServices.IAsyncStateMachine stateMachine)"
Dynamic,Method,"System.Void kicquwp.MainPage.<LoadLastUsedUinAsync>d__17.MoveNext()"
Dynamic,Method,"System.Void kicquwp.MainPage.<LoadLastUsedUinAsync>d__17.SetStateMachine(System.Runtime.CompilerServices.IAsyncStateMachine stateMachine)"
Dynamic,Method,"System.Void kicquwp.MainPage.<SaveLastUsedUinAsync>d__18.MoveNext()"
Dynamic,Method,"System.Void kicquwp.MainPage.<SaveLastUsedUinAsync>d__18.SetStateMachine(System.Runtime.CompilerServices.IAsyncStateMachine stateMachine)"
Dynamic,Method,"System.Void kicquwp.MainPage.<ContactItem_Holding>d__23.MoveNext()"
Dynamic,Method,"System.Void kicquwp.MainPage.<ContactItem_Holding>d__23.SetStateMachine(System.Runtime.CompilerServices.IAsyncStateMachine stateMachine)"
Dynamic,Method,"System.Void kicquwp.MainPage.<OnConnectionLostHandler>d__24.MoveNext()"
Dynamic,Method,"System.Void kicquwp.MainPage.<OnConnectionLostHandler>d__24.SetStateMachine(System.Runtime.CompilerServices.IAsyncStateMachine stateMachine)"
Dynamic,Method,"System.Void kicquwp.MainPage.<ShowContactContextMenuAsync>d__25.MoveNext()"
Dynamic,Method,"System.Void kicquwp.MainPage.<ShowContactContextMenuAsync>d__25.SetStateMachine(System.Runtime.CompilerServices.IAsyncStateMachine stateMachine)"
Dynamic,Method,"System.Void kicquwp.MainPage.<ShowTemporaryContactMenuAsync>d__26.MoveNext()"
Dynamic,Method,"System.Void kicquwp.MainPage.<ShowTemporaryContactMenuAsync>d__26.SetStateMachine(System.Runtime.CompilerServices.IAsyncStateMachine stateMachine)"
Dynamic,Method,"System.Void kicquwp.MainPage.<ShowRegularContactMenuAsync>d__27.MoveNext()"
Dynamic,Method,"System.Void kicquwp.MainPage.<ShowRegularContactMenuAsync>d__27.SetStateMachine(System.Runtime.CompilerServices.IAsyncStateMachine stateMachine)"
Dynamic,Method,"System.Void kicquwp.MainPage.<ShowEditDeleteMenuAsync>d__28.MoveNext()"
Dynamic,Method,"System.Void kicquwp.MainPage.<ShowEditDeleteMenuAsync>d__28.SetStateMachine(System.Runtime.CompilerServices.IAsyncStateMachine stateMachine)"
Dynamic,Method,"System.Void kicquwp.MainPage.<>c__DisplayClass29_0..ctor()"
Dynamic,Method,"System.Void kicquwp.MainPage.<>c__DisplayClass29_0.<ShowRenameDialogAsync>b__0(Windows.UI.Xaml.Controls.ContentDialog s, Windows.UI.Xaml.Controls.ContentDialogOpenedEventArgs args)"
Dynamic,Method,"System.Void kicquwp.MainPage.<ShowRenameDialogAsync>d__29.MoveNext()"
Dynamic,Method,"System.Void kicquwp.MainPage.<ShowRenameDialogAsync>d__29.SetStateMachine(System.Runtime.CompilerServices.IAsyncStateMachine stateMachine)"
Dynamic,Method,"System.Void kicquwp.MainPage.<ConfirmAndDeleteContactAsync>d__30.MoveNext()"
Dynamic,Method,"System.Void kicquwp.MainPage.<ConfirmAndDeleteContactAsync>d__30.SetStateMachine(System.Runtime.CompilerServices.IAsyncStateMachine stateMachine)"
Dynamic,Method,"System.Void kicquwp.MainPage.<ShowContactInfoAsync>d__31.MoveNext()"
Dynamic,Method,"System.Void kicquwp.MainPage.<ShowContactInfoAsync>d__31.SetStateMachine(System.Runtime.CompilerServices.IAsyncStateMachine stateMachine)"
Dynamic,Method,"System.Void kicquwp.MainPage.<>c__DisplayClass32_0..ctor()"
Dynamic,Method,"System.Boolean kicquwp.MainPage.<>c__DisplayClass32_0.<ShowMoveToGroupDialogAsync>b__0(kicquwp.OscarProtocol.SsiGroup g)"
Dynamic,Method,"System.Void kicquwp.MainPage.<>c..cctor()"
Dynamic,Method,"System.Void kicquwp.MainPage.<>c..ctor()"
Dynamic,Method,"System.String kicquwp.MainPage.<>c.<ShowMoveToGroupDialogAsync>b__32_1(kicquwp.OscarProtocol.SsiGroup g)"
Dynamic,Method,"System.Int32 kicquwp.MainPage.<>c.<SortContacts>b__45_0(Contact c)"
Dynamic,Method,"System.String kicquwp.MainPage.<>c.<SortContacts>b__45_1(Contact c)"
Dynamic,Method,"System.Boolean kicquwp.MainPage.<>c.<RefreshView>b__49_0(Contact c)"
Dynamic,Method,"System.Void kicquwp.MainPage.<ShowMoveToGroupDialogAsync>d__32.MoveNext()"
Dynamic,Method,"System.Void kicquwp.MainPage.<ShowMoveToGroupDialogAsync>d__32.SetStateMachine(System.Runtime.CompilerServices.IAsyncStateMachine stateMachine)"
Dynamic,Method,"System.Void kicquwp.MainPage.<>c__DisplayClass33_0..ctor()"
Dynamic,Method,"System.Void kicquwp.MainPage.<>c__DisplayClass33_0.<OnTemporaryContactAdded>b__0()"
Dynamic,Method,"System.Boolean kicquwp.MainPage.<>c__DisplayClass33_0.<OnTemporaryContactAdded>b__1(Contact c)"
Dynamic,Method,"System.Void kicquwp.MainPage.<>c__DisplayClass35_0..ctor()"
Dynamic,Method,"System.Void kicquwp.MainPage.<>c__DisplayClass35_0.<OnContactRemoved>b__0()"
Dynamic,Method,"System.Boolean kicquwp.MainPage.<>c__DisplayClass35_0.<OnContactRemoved>b__1(Contact c)"
Dynamic,Method,"System.Void kicquwp.MainPage.<>c__DisplayClass39_0..ctor()"
Dynamic,Method,"System.Void kicquwp.MainPage.<>c__DisplayClass39_0.<OnKickedOut>b__0()"
Dynamic,Method,"System.Void kicquwp.MainPage.<OnKickedOut>d__39.MoveNext()"
Dynamic,Method,"System.Void kicquwp.MainPage.<OnKickedOut>d__39.SetStateMachine(System.Runtime.CompilerServices.IAsyncStateMachine stateMachine)"
Dynamic,Method,"System.Void kicquwp.MainPage.<SetStatus_Click>d__43.MoveNext()"
Dynamic,Method,"System.Void kicquwp.MainPage.<SetStatus_Click>d__43.SetStateMachine(System.Runtime.CompilerServices.IAsyncStateMachine stateMachine)"
Dynamic,Method,"System.Void kicquwp.MainPage.<LoadContacts>d__46.MoveNext()"
Dynamic,Method,"System.Void kicquwp.MainPage.<LoadContacts>d__46.SetStateMachine(System.Runtime.CompilerServices.IAsyncStateMachine stateMachine)"
Dynamic,Method,"System.Void kicquwp.MainPage.<ApplySettings>d__47.MoveNext()"
Dynamic,Method,"System.Void kicquwp.MainPage.<ApplySettings>d__47.SetStateMachine(System.Runtime.CompilerServices.IAsyncStateMachine stateMachine)"
Dynamic,Method,"System.Void kicquwp.MainPage.<ApplyBackgroundAsync>d__48.MoveNext()"
Dynamic,Method,"System.Void kicquwp.MainPage.<ApplyBackgroundAsync>d__48.SetStateMachine(System.Runtime.CompilerServices.IAsyncStateMachine stateMachine)"
Dynamic,Method,"System.Void kicquwp.MainPage.<LogoutButton_Click>d__50.MoveNext()"
Dynamic,Method,"System.Void kicquwp.MainPage.<LogoutButton_Click>d__50.SetStateMachine(System.Runtime.CompilerServices.IAsyncStateMachine stateMachine)"
Dynamic,Method,"System.Void kicquwp.MainPage.<ShowErrorDialogAsync>d__58.MoveNext()"
Dynamic,Method,"System.Void kicquwp.MainPage.<ShowErrorDialogAsync>d__58.SetStateMachine(System.Runtime.CompilerServices.IAsyncStateMachine stateMachine)"
Dynamic,Method,"System.Void kicquwp.MainPage.<ShowInfoDialogAsync>d__59.MoveNext()"
Dynamic,Method,"System.Void kicquwp.MainPage.<ShowInfoDialogAsync>d__59.SetStateMachine(System.Runtime.CompilerServices.IAsyncStateMachine stateMachine)"
Dynamic,Method,"System.Void kicquwp.MainPage.<<ApplySettings>b__47_0>d.MoveNext()"
Dynamic,Method,"System.Void kicquwp.MainPage.<<ApplySettings>b__47_0>d.SetStateMachine(System.Runtime.CompilerServices.IAsyncStateMachine stateMachine)"
Dynamic,Method,"System.Void kicquwp.NotificationService.<OnMessageReceived>d__12.MoveNext()"
Dynamic,Method,"System.Void kicquwp.NotificationService.<OnMessageReceived>d__12.SetStateMachine(System.Runtime.CompilerServices.IAsyncStateMachine stateMachine)"
Dynamic,Method,"System.Void kicquwp.NotificationService.<>c..cctor()"
Dynamic,Method,"System.Void kicquwp.NotificationService.<>c..ctor()"
Dynamic,Method,"System.Void kicquwp.NotificationService.<>c.<PlaySound>b__19_0()"
Dynamic,Method,"System.Void kicquwp.NotificationService.<PlaySound>d__19.MoveNext()"
Dynamic,Method,"System.Void kicquwp.NotificationService.<PlaySound>d__19.SetStateMachine(System.Runtime.CompilerServices.IAsyncStateMachine stateMachine)"
Dynamic,Method,"System.UInt16 kicquwp.OscarProtocol.SsiGroup.GroupId.get()"
Dynamic,Method,"System.Void kicquwp.OscarProtocol.SsiGroup.GroupId.set(System.UInt16 value)"
Dynamic,Method,"System.UInt16 kicquwp.OscarProtocol.SsiGroup.ItemId.get()"
Dynamic,Method,"System.Void kicquwp.OscarProtocol.SsiGroup.ItemId.set(System.UInt16 value)"
Dynamic,Method,"System.String kicquwp.OscarProtocol.SsiGroup.Name.get()"
Dynamic,Method,"System.Void kicquwp.OscarProtocol.SsiGroup.Name.set(System.String value)"
Dynamic,Method,"System.Collections.Generic.List<System.UInt16> kicquwp.OscarProtocol.SsiGroup.MemberIds.get()"
Dynamic,Method,"System.Void kicquwp.OscarProtocol.SsiGroup.MemberIds.set(System.Collections.Generic.List<System.UInt16> value)"
Dynamic,Method,"System.Void kicquwp.OscarProtocol.SsiGroup..ctor()"
Dynamic,Method,"System.String kicquwp.OscarProtocol.UserFullInfo.Nickname.get()"
Dynamic,Method,"System.Void kicquwp.OscarProtocol.UserFullInfo.Nickname.set(System.String value)"
Dynamic,Method,"System.String kicquwp.OscarProtocol.UserFullInfo.FirstName.get()"
Dynamic,Method,"System.Void kicquwp.OscarProtocol.UserFullInfo.FirstName.set(System.String value)"
Dynamic,Method,"System.String kicquwp.OscarProtocol.UserFullInfo.LastName.get()"
Dynamic,Method,"System.Void kicquwp.OscarProtocol.UserFullInfo.LastName.set(System.String value)"
Dynamic,Method,"System.String kicquwp.OscarProtocol.UserFullInfo.Email.get()"
Dynamic,Method,"System.Void kicquwp.OscarProtocol.UserFullInfo.Email.set(System.String value)"
Dynamic,Method,"System.String kicquwp.OscarProtocol.UserFullInfo.HomeCity.get()"
Dynamic,Method,"System.Void kicquwp.OscarProtocol.UserFullInfo.HomeCity.set(System.String value)"
Dynamic,Method,"System.String kicquwp.OscarProtocol.UserFullInfo.HomeState.get()"
Dynamic,Method,"System.Void kicquwp.OscarProtocol.UserFullInfo.HomeState.set(System.String value)"
Dynamic,Method,"System.String kicquwp.OscarProtocol.UserFullInfo.HomePhone.get()"
Dynamic,Method,"System.Void kicquwp.OscarProtocol.UserFullInfo.HomePhone.set(System.String value)"
Dynamic,Method,"System.String kicquwp.OscarProtocol.UserFullInfo.HomeFax.get()"
Dynamic,Method,"System.Void kicquwp.OscarProtocol.UserFullInfo.HomeFax.set(System.String value)"
Dynamic,Method,"System.String kicquwp.OscarProtocol.UserFullInfo.HomeAddress.get()"
Dynamic,Method,"System.Void kicquwp.OscarProtocol.UserFullInfo.HomeAddress.set(System.String value)"
Dynamic,Method,"System.String kicquwp.OscarProtocol.UserFullInfo.CellPhone.get()"
Dynamic,Method,"System.Void kicquwp.OscarProtocol.UserFullInfo.CellPhone.set(System.String value)"
Dynamic,Method,"System.String kicquwp.OscarProtocol.UserFullInfo.HomeZip.get()"
Dynamic,Method,"System.Void kicquwp.OscarProtocol.UserFullInfo.HomeZip.set(System.String value)"
Dynamic,Method,"System.UInt16 kicquwp.OscarProtocol.UserFullInfo.HomeCountryCode.get()"
Dynamic,Method,"System.Void kicquwp.OscarProtocol.UserFullInfo.HomeCountryCode.set(System.UInt16 value)"
Dynamic,Method,"System.Byte kicquwp.OscarProtocol.UserFullInfo.GmtOffset.get()"
Dynamic,Method,"System.Void kicquwp.OscarProtocol.UserFullInfo.GmtOffset.set(System.Byte value)"
Dynamic,Method,"System.Byte kicquwp.OscarProtocol.UserFullInfo.AuthFlag.get()"
Dynamic,Method,"System.Void kicquwp.OscarProtocol.UserFullInfo.AuthFlag.set(System.Byte value)"
Dynamic,Method,"System.Byte kicquwp.OscarProtocol.UserFullInfo.WebAware.get()"
Dynamic,Method,"System.Void kicquwp.OscarProtocol.UserFullInfo.WebAware.set(System.Byte value)"
Dynamic,Method,"System.Byte kicquwp.OscarProtocol.UserFullInfo.DirectConnectPerm.get()"
Dynamic,Method,"System.Void kicquwp.OscarProtocol.UserFullInfo.DirectConnectPerm.set(System.Byte value)"
Dynamic,Method,"System.Byte kicquwp.OscarProtocol.UserFullInfo.PublishEmail.get()"
Dynamic,Method,"System.Void kicquwp.OscarProtocol.UserFullInfo.PublishEmail.set(System.Byte value)"
Dynamic,Method,"System.Void kicquwp.OscarProtocol.UserFullInfo..ctor()"
Dynamic,Method,"System.String kicquwp.OscarProtocol.StatusIconHelper.GetIconForStatus(System.UInt32 status)"
Dynamic,Method,"System.Boolean kicquwp.OscarProtocol.SnacFlags.HasMoreData(System.UInt16 flags)"
Dynamic,Method,"System.Boolean kicquwp.OscarProtocol.SnacFlags.IsServerBusy(System.UInt16 flags)"
Dynamic,Method,"System.Boolean kicquwp.OscarProtocol.SnacFlags.IsError(System.UInt16 flags)"
Dynamic,Method,"System.UInt16 kicquwp.OscarProtocol.SnacPacket.Family.get()"
Dynamic,Method,"System.Void kicquwp.OscarProtocol.SnacPacket.Family.set(System.UInt16 value)"
Dynamic,Method,"System.UInt16 kicquwp.OscarProtocol.SnacPacket.Subtype.get()"
Dynamic,Method,"System.Void kicquwp.OscarProtocol.SnacPacket.Subtype.set(System.UInt16 value)"
Dynamic,Method,"System.UInt16 kicquwp.OscarProtocol.SnacPacket.Flags.get()"
Dynamic,Method,"System.Void kicquwp.OscarProtocol.SnacPacket.Flags.set(System.UInt16 value)"
Dynamic,Method,"System.UInt32 kicquwp.OscarProtocol.SnacPacket.RequestId.get()"
Dynamic,Method,"System.Void kicquwp.OscarProtocol.SnacPacket.RequestId.set(System.UInt32 value)"
Dynamic,Method,"System.Byte[] kicquwp.OscarProtocol.SnacPacket.Data.get()"
Dynamic,Method,"System.Void kicquwp.OscarProtocol.SnacPacket.Data.set(System.Byte[] value)"
Dynamic,Method,"kicquwp.OscarProtocol.SnacPacket kicquwp.OscarProtocol.SnacPacket.Parse(System.Byte[] data)"
Dynamic,Method,"System.Void kicquwp.OscarProtocol.SnacPacket..ctor()"
Dynamic,Method,"System.Byte kicquwp.OscarProtocol.FlapFrame.StartMarker.get()"
Dynamic,Method,"System.Void kicquwp.OscarProtocol.FlapFrame.StartMarker.set(System.Byte value)"
Dynamic,Method,"System.Byte kicquwp.OscarProtocol.FlapFrame.Channel.get()"
Dynamic,Method,"System.Void kicquwp.OscarProtocol.FlapFrame.Channel.set(System.Byte value)"
Dynamic,Method,"System.UInt16 kicquwp.OscarProtocol.FlapFrame.Sequence.get()"
Dynamic,Method,"System.Void kicquwp.OscarProtocol.FlapFrame.Sequence.set(System.UInt16 value)"
Dynamic,Method,"System.UInt16 kicquwp.OscarProtocol.FlapFrame.DataLength.get()"
Dynamic,Method,"System.Void kicquwp.OscarProtocol.FlapFrame.DataLength.set(System.UInt16 value)"
Dynamic,Method,"System.Byte[] kicquwp.OscarProtocol.FlapFrame.Data.get()"
Dynamic,Method,"System.Void kicquwp.OscarProtocol.FlapFrame.Data.set(System.Byte[] value)"
Dynamic,Method,"kicquwp.OscarProtocol.FlapFrame kicquwp.OscarProtocol.FlapFrame.Parse(System.Byte[] data)"
Dynamic,Method,"System.Void kicquwp.OscarProtocol.FlapFrame..ctor()"
Dynamic,Method,"System.UInt16 kicquwp.OscarProtocol.TLV.Type.get()"
Dynamic,Method,"System.Byte[] kicquwp.OscarProtocol.TLV.Value.get()"
Dynamic,Method,"System.Void kicquwp.OscarProtocol.TLV..ctor(System.UInt16 type, System.Byte[] value)"
Dynamic,Method,"System.Void kicquwp.OscarProtocol.<ConnectAsync>d__76.MoveNext()"
Dynamic,Method,"System.Void kicquwp.OscarProtocol.<ConnectAsync>d__76.SetStateMachine(System.Runtime.CompilerServices.IAsyncStateMachine stateMachine)"
Dynamic,Method,"System.Void kicquwp.OscarProtocol.<AuthenticateAsync>d__80.MoveNext()"
Dynamic,Method,"System.Void kicquwp.OscarProtocol.<AuthenticateAsync>d__80.SetStateMachine(System.Runtime.CompilerServices.IAsyncStateMachine stateMachine)"
Dynamic,Method,"System.Void kicquwp.OscarProtocol.<DirectAuth>d__81.MoveNext()"
Dynamic,Method,"System.Void kicquwp.OscarProtocol.<DirectAuth>d__81.SetStateMachine(System.Runtime.CompilerServices.IAsyncStateMachine stateMachine)"
Dynamic,Method,"System.Void kicquwp.OscarProtocol.<RegisterNewAccountAsync>d__82.MoveNext()"
Dynamic,Method,"System.Void kicquwp.OscarProtocol.<RegisterNewAccountAsync>d__82.SetStateMachine(System.Runtime.CompilerServices.IAsyncStateMachine stateMachine)"
Dynamic,Method,"System.Void kicquwp.OscarProtocol.<SendLoginWithChallenge>d__85.MoveNext()"
Dynamic,Method,"System.Void kicquwp.OscarProtocol.<SendLoginWithChallenge>d__85.SetStateMachine(System.Runtime.CompilerServices.IAsyncStateMachine stateMachine)"
Dynamic,Method,"System.Void kicquwp.OscarProtocol.<SendTlvLogin>d__86.MoveNext()"
Dynamic,Method,"System.Void kicquwp.OscarProtocol.<SendTlvLogin>d__86.SetStateMachine(System.Runtime.CompilerServices.IAsyncStateMachine stateMachine)"
Dynamic,Method,"System.Void kicquwp.OscarProtocol.<SendFlapAsync>d__90.MoveNext()"
Dynamic,Method,"System.Void kicquwp.OscarProtocol.<SendFlapAsync>d__90.SetStateMachine(System.Runtime.CompilerServices.IAsyncStateMachine stateMachine)"
Dynamic,Method,"System.Void kicquwp.OscarProtocol.<SendServiceVersionsRequestAsync>d__92.MoveNext()"
Dynamic,Method,"System.Void kicquwp.OscarProtocol.<SendServiceVersionsRequestAsync>d__92.SetStateMachine(System.Runtime.CompilerServices.IAsyncStateMachine stateMachine)"
Dynamic,Method,"System.Void kicquwp.OscarProtocol.<SendSnacAsync>d__95.MoveNext()"
Dynamic,Method,"System.Void kicquwp.OscarProtocol.<SendSnacAsync>d__95.SetStateMachine(System.Runtime.CompilerServices.IAsyncStateMachine stateMachine)"
Dynamic,Method,"System.Void kicquwp.OscarProtocol.<SendClientReadyAsync>d__96.MoveNext()"
Dynamic,Method,"System.Void kicquwp.OscarProtocol.<SendClientReadyAsync>d__96.SetStateMachine(System.Runtime.CompilerServices.IAsyncStateMachine stateMachine)"
Dynamic,Method,"System.Void kicquwp.OscarProtocol.<WaitForServerFamiliesAsync>d__97.MoveNext()"
Dynamic,Method,"System.Void kicquwp.OscarProtocol.<WaitForServerFamiliesAsync>d__97.SetStateMachine(System.Runtime.CompilerServices.IAsyncStateMachine stateMachine)"
Dynamic,Method,"System.Void kicquwp.OscarProtocol.<>c__DisplayClass103_0..ctor()"
Dynamic,Method,"System.Void kicquwp.OscarProtocol.<>c__DisplayClass103_0.<PostNextHeaderRead>b__0(Windows.Foundation.IAsyncOperation<System.UInt32> asyncInfo, Windows.Foundation.AsyncStatus status)"
Dynamic,Method,"System.Void kicquwp.OscarProtocol.<>c__DisplayClass104_0..ctor()"
Dynamic,Method,"System.Void kicquwp.OscarProtocol.<>c__DisplayClass104_1..ctor()"
Dynamic,Method,"System.Void kicquwp.OscarProtocol.<>c__DisplayClass104_1.<OnHeaderReadCompleted>b__0(Windows.Foundation.IAsyncOperation<System.UInt32> op2, Windows.Foundation.AsyncStatus st2)"
Dynamic,Method,"System.Void kicquwp.OscarProtocol.<>c__DisplayClass108_0..ctor()"
Dynamic,Method,"System.Void kicquwp.OscarProtocol.<>c__DisplayClass108_0.<ReceiveFlapAsync>b__0()"
Dynamic,Method,"System.Void kicquwp.OscarProtocol.<ReceiveFlapAsync>d__108.MoveNext()"
Dynamic,Method,"System.Void kicquwp.OscarProtocol.<ReceiveFlapAsync>d__108.SetStateMachine(System.Runtime.CompilerServices.IAsyncStateMachine stateMachine)"
Dynamic,Method,"System.Void kicquwp.OscarProtocol.<ReceiveFlapWithTimeout>d__110.MoveNext()"
Dynamic,Method,"System.Void kicquwp.OscarProtocol.<ReceiveFlapWithTimeout>d__110.SetStateMachine(System.Runtime.CompilerServices.IAsyncStateMachine stateMachine)"
Dynamic,Method,"System.Void kicquwp.OscarProtocol.<WaitForServiceVersionsAsync>d__111.MoveNext()"
Dynamic,Method,"System.Void kicquwp.OscarProtocol.<WaitForServiceVersionsAsync>d__111.SetStateMachine(System.Runtime.CompilerServices.IAsyncStateMachine stateMachine)"
Dynamic,Method,"System.Void kicquwp.OscarProtocol.<InitializeOscarSessionAsync>d__113.MoveNext()"
Dynamic,Method,"System.Void kicquwp.OscarProtocol.<InitializeOscarSessionAsync>d__113.SetStateMachine(System.Runtime.CompilerServices.IAsyncStateMachine stateMachine)"
Dynamic,Method,"System.Void kicquwp.OscarProtocol.<>c__DisplayClass114_0..ctor()"
Dynamic,Method,"System.Void kicquwp.OscarProtocol.<>c__DisplayClass114_0.<InitServicesAsync>b__0()"
Dynamic,Method,"System.Void kicquwp.OscarProtocol.<InitServicesAsync>d__114.MoveNext()"
Dynamic,Method,"System.Void kicquwp.OscarProtocol.<InitServicesAsync>d__114.SetStateMachine(System.Runtime.CompilerServices.IAsyncStateMachine stateMachine)"
Dynamic,Method,"System.Void kicquwp.OscarProtocol.<SendRateLimitsAckAsync>d__115.MoveNext()"
Dynamic,Method,"System.Void kicquwp.OscarProtocol.<SendRateLimitsAckAsync>d__115.SetStateMachine(System.Runtime.CompilerServices.IAsyncStateMachine stateMachine)"
Dynamic,Method,"System.Void kicquwp.OscarProtocol.<SendIcbmParametersAsync>d__116.MoveNext()"
Dynamic,Method,"System.Void kicquwp.OscarProtocol.<SendIcbmParametersAsync>d__116.SetStateMachine(System.Runtime.CompilerServices.IAsyncStateMachine stateMachine)"
Dynamic,Method,"System.Void kicquwp.OscarProtocol.<ClientIdentAsync>d__117.MoveNext()"
Dynamic,Method,"System.Void kicquwp.OscarProtocol.<ClientIdentAsync>d__117.SetStateMachine(System.Runtime.CompilerServices.IAsyncStateMachine stateMachine)"
Dynamic,Method,"System.Void kicquwp.OscarProtocol.<ReceiveSnacAsync>d__121.MoveNext()"
Dynamic,Method,"System.Void kicquwp.OscarProtocol.<ReceiveSnacAsync>d__121.SetStateMachine(System.Runtime.CompilerServices.IAsyncStateMachine stateMachine)"
Dynamic,Method,"System.Void kicquwp.OscarProtocol.<ReceiveSnacWithTimeout>d__123.MoveNext()"
Dynamic,Method,"System.Void kicquwp.OscarProtocol.<ReceiveSnacWithTimeout>d__123.SetStateMachine(System.Runtime.CompilerServices.IAsyncStateMachine stateMachine)"
Dynamic,Method,"System.Void kicquwp.OscarProtocol.<GetContactsAsync>d__124.MoveNext()"
Dynamic,Method,"System.Void kicquwp.OscarProtocol.<GetContactsAsync>d__124.SetStateMachine(System.Runtime.CompilerServices.IAsyncStateMachine stateMachine)"
Dynamic,Method,"System.Void kicquwp.OscarProtocol.<SendClientCapabilitiesAsync>d__125.MoveNext()"
Dynamic,Method,"System.Void kicquwp.OscarProtocol.<SendClientCapabilitiesAsync>d__125.SetStateMachine(System.Runtime.CompilerServices.IAsyncStateMachine stateMachine)"
Dynamic,Method,"System.Void kicquwp.OscarProtocol.<>c__DisplayClass129_0..ctor()"
Dynamic,Method,"System.Boolean kicquwp.OscarProtocol.<>c__DisplayClass129_0.<RemoveContactAsync>b__0(Contact x)"
Dynamic,Method,"System.Void kicquwp.OscarProtocol.<>c__DisplayClass129_1..ctor()"
Dynamic,Method,"System.Void kicquwp.OscarProtocol.<>c__DisplayClass129_1.<RemoveContactAsync>b__1()"
Dynamic,Method,"System.Void kicquwp.OscarProtocol.<RemoveContactAsync>d__129.MoveNext()"
Dynamic,Method,"System.Void kicquwp.OscarProtocol.<RemoveContactAsync>d__129.SetStateMachine(System.Runtime.CompilerServices.IAsyncStateMachine stateMachine)"
Dynamic,Method,"System.Void kicquwp.OscarProtocol.<>c__DisplayClass130_0..ctor()"
Dynamic,Method,"System.Boolean kicquwp.OscarProtocol.<>c__DisplayClass130_0.<RenameContactAsync>b__0(Contact x)"
Dynamic,Method,"System.Void kicquwp.OscarProtocol.<>c__DisplayClass130_1..ctor()"
Dynamic,Method,"System.Void kicquwp.OscarProtocol.<>c__DisplayClass130_1.<RenameContactAsync>b__1()"
Dynamic,Method,"System.Void kicquwp.OscarProtocol.<RenameContactAsync>d__130.MoveNext()"
Dynamic,Method,"System.Void kicquwp.OscarProtocol.<RenameContactAsync>d__130.SetStateMachine(System.Runtime.CompilerServices.IAsyncStateMachine stateMachine)"
Dynamic,Method,"System.Void kicquwp.OscarProtocol.<MoveContactAsync>d__131.MoveNext()"
Dynamic,Method,"System.Void kicquwp.OscarProtocol.<MoveContactAsync>d__131.SetStateMachine(System.Runtime.CompilerServices.IAsyncStateMachine stateMachine)"
Dynamic,Method,"System.Void kicquwp.OscarProtocol.<SendSetStatusAsync>d__134.MoveNext()"
Dynamic,Method,"System.Void kicquwp.OscarProtocol.<SendSetStatusAsync>d__134.SetStateMachine(System.Runtime.CompilerServices.IAsyncStateMachine stateMachine)"
Dynamic,Method,"System.Void kicquwp.OscarProtocol.<ConnectToBosAsync>d__135.MoveNext()"
Dynamic,Method,"System.Void kicquwp.OscarProtocol.<ConnectToBosAsync>d__135.SetStateMachine(System.Runtime.CompilerServices.IAsyncStateMachine stateMachine)"
Dynamic,Method,"System.Void kicquwp.OscarProtocol.<ConnectToBosSocketAsync>d__136.MoveNext()"
Dynamic,Method,"System.Void kicquwp.OscarProtocol.<ConnectToBosSocketAsync>d__136.SetStateMachine(System.Runtime.CompilerServices.IAsyncStateMachine stateMachine)"
Dynamic,Method,"System.Void kicquwp.OscarProtocol.<HandleBosRedirectAsync>d__137.MoveNext()"
Dynamic,Method,"System.Void kicquwp.OscarProtocol.<HandleBosRedirectAsync>d__137.SetStateMachine(System.Runtime.CompilerServices.IAsyncStateMachine stateMachine)"
Dynamic,Method,"System.Void kicquwp.OscarProtocol.<SendIcbmAsync>d__141.MoveNext()"
Dynamic,Method,"System.Void kicquwp.OscarProtocol.<SendIcbmAsync>d__141.SetStateMachine(System.Runtime.CompilerServices.IAsyncStateMachine stateMachine)"
Dynamic,Method,"System.Void kicquwp.OscarProtocol.<SendSingleIcbmAsync>d__142.MoveNext()"
Dynamic,Method,"System.Void kicquwp.OscarProtocol.<SendSingleIcbmAsync>d__142.SetStateMachine(System.Runtime.CompilerServices.IAsyncStateMachine stateMachine)"
Dynamic,Method,"System.Void kicquwp.OscarProtocol.<WaitForRedirectOrBosAsync>d__147.MoveNext()"
Dynamic,Method,"System.Void kicquwp.OscarProtocol.<WaitForRedirectOrBosAsync>d__147.SetStateMachine(System.Runtime.CompilerServices.IAsyncStateMachine stateMachine)"
Dynamic,Method,"System.Void kicquwp.OscarProtocol.<>c__DisplayClass148_0..ctor()"
Dynamic,Method,"System.Void kicquwp.OscarProtocol.<>c__DisplayClass148_0.<ShowMessageDialog>b__0()"
Dynamic,Method,"System.Void kicquwp.OscarProtocol.<ShowMessageDialog>d__148.MoveNext()"
Dynamic,Method,"System.Void kicquwp.OscarProtocol.<ShowMessageDialog>d__148.SetStateMachine(System.Runtime.CompilerServices.IAsyncStateMachine stateMachine)"
Dynamic,Method,"System.Void kicquwp.OscarProtocol.<AuthenticateAndInitializeAsync>d__149.MoveNext()"
Dynamic,Method,"System.Void kicquwp.OscarProtocol.<AuthenticateAndInitializeAsync>d__149.SetStateMachine(System.Runtime.CompilerServices.IAsyncStateMachine stateMachine)"
Dynamic,Method,"System.Void kicquwp.OscarProtocol.<SendCapabilitiesAsync>d__150.MoveNext()"
Dynamic,Method,"System.Void kicquwp.OscarProtocol.<SendCapabilitiesAsync>d__150.SetStateMachine(System.Runtime.CompilerServices.IAsyncStateMachine stateMachine)"
Dynamic,Method,"System.Void kicquwp.OscarProtocol.<>c__DisplayClass152_0..ctor()"
Dynamic,Method,"System.Boolean kicquwp.OscarProtocol.<>c__DisplayClass152_0.<HandleIncomingIcbm>b__0(Contact c)"
Dynamic,Method,"System.Boolean kicquwp.OscarProtocol.<>c__DisplayClass152_0.<HandleIncomingIcbm>b__2(Contact x)"
Dynamic,Method,"System.Void kicquwp.OscarProtocol.<>c__DisplayClass152_1..ctor()"
Dynamic,Method,"System.Void kicquwp.OscarProtocol.<>c__DisplayClass152_1.<HandleIncomingIcbm>b__1()"
Dynamic,Method,"System.Void kicquwp.OscarProtocol.<HandleIncomingIcbm>d__152.MoveNext()"
Dynamic,Method,"System.Void kicquwp.OscarProtocol.<HandleIncomingIcbm>d__152.SetStateMachine(System.Runtime.CompilerServices.IAsyncStateMachine stateMachine)"
Dynamic,Method,"System.Void kicquwp.OscarProtocol.<>c__DisplayClass155_0..ctor()"
Dynamic,Method,"System.Void kicquwp.OscarProtocol.<>c__DisplayClass155_0.<RequestFullUserInfoAsync>b__0(kicquwp.UserBasicInfo receivedInfo)"
Dynamic,Method,"System.Void kicquwp.OscarProtocol.<>c__DisplayClass155_0.<RequestFullUserInfoAsync>b__1(System.Threading.Tasks.Task _)"
Dynamic,Method,"System.Void kicquwp.OscarProtocol.<RequestFullUserInfoAsync>d__155.MoveNext()"
Dynamic,Method,"System.Void kicquwp.OscarProtocol.<RequestFullUserInfoAsync>d__155.SetStateMachine(System.Runtime.CompilerServices.IAsyncStateMachine stateMachine)"
Dynamic,Method,"System.Void kicquwp.OscarProtocol.<>c__DisplayClass157_0..ctor()"
Dynamic,Method,"System.Void kicquwp.OscarProtocol.<>c__DisplayClass157_0.<SetBasicUserInfoAsync>b__0(System.Boolean success)"
Dynamic,Method,"System.Boolean kicquwp.OscarProtocol.<>c__DisplayClass157_0.<SetBasicUserInfoAsync>b__1(System.Threading.Tasks.Task _)"
Dynamic,Method,"System.Void kicquwp.OscarProtocol.<SetBasicUserInfoAsync>d__157.MoveNext()"
Dynamic,Method,"System.Void kicquwp.OscarProtocol.<SetBasicUserInfoAsync>d__157.SetStateMachine(System.Runtime.CompilerServices.IAsyncStateMachine stateMachine)"
Dynamic,Method,"System.Void kicquwp.OscarProtocol.<SetStatusAsync>d__165.MoveNext()"
Dynamic,Method,"System.Void kicquwp.OscarProtocol.<SetStatusAsync>d__165.SetStateMachine(System.Runtime.CompilerServices.IAsyncStateMachine stateMachine)"
Dynamic,Method,"System.Void kicquwp.OscarProtocol.<ReceiveLoopAsync>d__167.MoveNext()"
Dynamic,Method,"System.Void kicquwp.OscarProtocol.<ReceiveLoopAsync>d__167.SetStateMachine(System.Runtime.CompilerServices.IAsyncStateMachine stateMachine)"
Dynamic,Method,"System.Void kicquwp.OscarProtocol.<HandleFlapAsync>d__168.MoveNext()"
Dynamic,Method,"System.Void kicquwp.OscarProtocol.<HandleFlapAsync>d__168.SetStateMachine(System.Runtime.CompilerServices.IAsyncStateMachine stateMachine)"
Dynamic,Method,"System.Void kicquwp.OscarProtocol.<>c__DisplayClass169_0..ctor()"
Dynamic,Method,"System.Void kicquwp.OscarProtocol.<>c__DisplayClass169_0.<WaitForSsiAck>b__0(System.UInt16 result)"
Dynamic,Method,"System.Boolean kicquwp.OscarProtocol.<>c__DisplayClass169_0.<WaitForSsiAck>b__1(System.Threading.Tasks.Task _)"
Dynamic,Method,"System.Void kicquwp.OscarProtocol.<SendTypingNotificationAsync>d__170.MoveNext()"
Dynamic,Method,"System.Void kicquwp.OscarProtocol.<SendTypingNotificationAsync>d__170.SetStateMachine(System.Runtime.CompilerServices.IAsyncStateMachine stateMachine)"
Dynamic,Method,"System.Void kicquwp.OscarProtocol.<>c__DisplayClass171_0..ctor()"
Dynamic,Method,"System.Void kicquwp.OscarProtocol.<>c__DisplayClass171_0.<HandleUserInfoReply>b__0()"
Dynamic,Method,"System.Boolean kicquwp.OscarProtocol.<>c__DisplayClass171_0.<HandleUserInfoReply>b__1(Contact c)"
Dynamic,Method,"System.Void kicquwp.OscarProtocol.<>c__DisplayClass174_0..ctor()"
Dynamic,Method,"System.Void kicquwp.OscarProtocol.<>c__DisplayClass174_0.<HandleUserOfflineAsync>b__0()"
Dynamic,Method,"System.Boolean kicquwp.OscarProtocol.<>c__DisplayClass174_0.<HandleUserOfflineAsync>b__1(Contact c)"
Dynamic,Method,"System.Void kicquwp.OscarProtocol.<HandleUserOfflineAsync>d__174.MoveNext()"
Dynamic,Method,"System.Void kicquwp.OscarProtocol.<HandleUserOfflineAsync>d__174.SetStateMachine(System.Runtime.CompilerServices.IAsyncStateMachine stateMachine)"
Dynamic,Method,"System.Void kicquwp.OscarProtocol.<>c..cctor()"
Dynamic,Method,"System.Void kicquwp.OscarProtocol.<>c..ctor()"
Dynamic,Method,"System.Boolean kicquwp.OscarProtocol.<>c.<HandleServiceFamilies>b__175_0(System.UInt16 f)"
Dynamic,Method,"System.Void kicquwp.OscarProtocol.<HandleServiceFamilies>d__175.MoveNext()"
Dynamic,Method,"System.Void kicquwp.OscarProtocol.<HandleServiceFamilies>d__175.SetStateMachine(System.Runtime.CompilerServices.IAsyncStateMachine stateMachine)"
Dynamic,Method,"System.Void kicquwp.OscarProtocol.<SearchByUinAsync>d__180.MoveNext()"
Dynamic,Method,"System.Void kicquwp.OscarProtocol.<SearchByUinAsync>d__180.SetStateMachine(System.Runtime.CompilerServices.IAsyncStateMachine stateMachine)"
Dynamic,Method,"System.Void kicquwp.OscarProtocol.<>c__DisplayClass181_0..ctor()"
Dynamic,Method,"System.Void kicquwp.OscarProtocol.<>c__DisplayClass181_0.<RequestFullUserInfoDetailedAsync>b__0(kicquwp.OscarProtocol.UserFullInfo info)"
Dynamic,Method,"System.Threading.Tasks.Task kicquwp.OscarProtocol.<>c__DisplayClass181_0.<RequestFullUserInfoDetailedAsync>b__1()"
Dynamic,Method,"System.Void kicquwp.OscarProtocol.<>c__DisplayClass181_0.<RequestFullUserInfoDetailedAsync>b__2(System.Threading.Tasks.Task _)"
Dynamic,Method,"System.Void kicquwp.OscarProtocol.<SearchByDetailsAsync>d__183.MoveNext()"
Dynamic,Method,"System.Void kicquwp.OscarProtocol.<SearchByDetailsAsync>d__183.SetStateMachine(System.Runtime.CompilerServices.IAsyncStateMachine stateMachine)"
Dynamic,Method,"System.Void kicquwp.OscarProtocol.<SearchByEmailAsync>d__184.MoveNext()"
Dynamic,Method,"System.Void kicquwp.OscarProtocol.<SearchByEmailAsync>d__184.SetStateMachine(System.Runtime.CompilerServices.IAsyncStateMachine stateMachine)"
Dynamic,Method,"System.Void kicquwp.OscarProtocol.<ReceiveSearchResults>d__185.MoveNext()"
Dynamic,Method,"System.Void kicquwp.OscarProtocol.<ReceiveSearchResults>d__185.SetStateMachine(System.Runtime.CompilerServices.IAsyncStateMachine stateMachine)"
Dynamic,Method,"System.Void kicquwp.OscarProtocol.<>c__DisplayClass186_0..ctor()"
Dynamic,Method,"System.Void kicquwp.OscarProtocol.<>c__DisplayClass186_0.<WaitForSearchResults>b__0(System.Collections.Generic.List<kicquwp.SearchResult> results, System.Boolean isLast)"
Dynamic,Method,"System.Void kicquwp.OscarProtocol.<>c__DisplayClass186_0.<WaitForSearchResults>b__1(System.Threading.Tasks.Task _)"
Dynamic,Method,"System.Void kicquwp.OscarProtocol.<DeleteAccountAsync>d__191.MoveNext()"
Dynamic,Method,"System.Void kicquwp.OscarProtocol.<DeleteAccountAsync>d__191.SetStateMachine(System.Runtime.CompilerServices.IAsyncStateMachine stateMachine)"
Dynamic,Method,"System.Void kicquwp.OscarProtocol.<DisconnectAfterDeleteAsync>d__194.MoveNext()"
Dynamic,Method,"System.Void kicquwp.OscarProtocol.<DisconnectAfterDeleteAsync>d__194.SetStateMachine(System.Runtime.CompilerServices.IAsyncStateMachine stateMachine)"
Dynamic,Method,"System.Void kicquwp.OscarProtocol.<>c__DisplayClass198_0..ctor()"
Dynamic,Method,"System.Boolean kicquwp.OscarProtocol.<>c__DisplayClass198_0.<AddContactAsync>b__1(Contact c)"
Dynamic,Method,"System.Void kicquwp.OscarProtocol.<>c__DisplayClass198_0.<AddContactAsync>b__0()"
Dynamic,Method,"System.Void kicquwp.OscarProtocol.<>c__DisplayClass198_1..ctor()"
Dynamic,Method,"System.Void kicquwp.OscarProtocol.<>c__DisplayClass198_1.<AddContactAsync>b__2()"
Dynamic,Method,"System.Void kicquwp.OscarProtocol.<AddContactAsync>d__198.MoveNext()"
Dynamic,Method,"System.Void kicquwp.OscarProtocol.<AddContactAsync>d__198.SetStateMachine(System.Runtime.CompilerServices.IAsyncStateMachine stateMachine)"
Dynamic,Method,"System.Void kicquwp.OscarProtocol.<RequestUserInfoAsync>d__200.MoveNext()"
Dynamic,Method,"System.Void kicquwp.OscarProtocol.<RequestUserInfoAsync>d__200.SetStateMachine(System.Runtime.CompilerServices.IAsyncStateMachine stateMachine)"
Dynamic,Method,"System.Void kicquwp.OscarProtocol.<HandleServiceVersionsResponse>d__201.MoveNext()"
Dynamic,Method,"System.Void kicquwp.OscarProtocol.<HandleServiceVersionsResponse>d__201.SetStateMachine(System.Runtime.CompilerServices.IAsyncStateMachine stateMachine)"
Dynamic,Method,"System.Void kicquwp.OscarProtocol.<TeardownForReconnectAsync>d__202.MoveNext()"
Dynamic,Method,"System.Void kicquwp.OscarProtocol.<TeardownForReconnectAsync>d__202.SetStateMachine(System.Runtime.CompilerServices.IAsyncStateMachine stateMachine)"
Dynamic,Method,"System.Void kicquwp.OscarProtocol.<DisconnectAsync>d__203.MoveNext()"
Dynamic,Method,"System.Void kicquwp.OscarProtocol.<DisconnectAsync>d__203.SetStateMachine(System.Runtime.CompilerServices.IAsyncStateMachine stateMachine)"
Dynamic,Method,"System.Void kicquwp.OscarProtocol.<>c__DisplayClass205_0..ctor()"
Dynamic,Method,"System.Void kicquwp.OscarProtocol.<>c__DisplayClass205_0.<HandleUserOnlineAsync>b__0()"
Dynamic,Method,"System.Boolean kicquwp.OscarProtocol.<>c__DisplayClass205_0.<HandleUserOnlineAsync>b__1(Contact c)"
Dynamic,Method,"System.Void kicquwp.OscarProtocol.<>c__DisplayClass205_1..ctor()"
Dynamic,Method,"System.Threading.Tasks.Task kicquwp.OscarProtocol.<>c__DisplayClass205_1.<HandleUserOnlineAsync>b__2(System.Threading.Tasks.Task _)"
Dynamic,Method,"System.Void kicquwp.OscarProtocol.<>c__DisplayClass205_1.<HandleUserOnlineAsync>b__3()"
Dynamic,Method,"System.Void kicquwp.OscarProtocol.<HandleUserOnlineAsync>d__205.MoveNext()"
Dynamic,Method,"System.Void kicquwp.OscarProtocol.<HandleUserOnlineAsync>d__205.SetStateMachine(System.Runtime.CompilerServices.IAsyncStateMachine stateMachine)"
Dynamic,Method,"System.Void kicquwp.OscarProtocol.<ReceiveServerSnacsAsync>d__211.MoveNext()"
Dynamic,Method,"System.Void kicquwp.OscarProtocol.<ReceiveServerSnacsAsync>d__211.SetStateMachine(System.Runtime.CompilerServices.IAsyncStateMachine stateMachine)"
Dynamic,Method,"System.Void kicquwp.OscarProtocol.<KeepAliveLoopAsync>d__212.MoveNext()"
Dynamic,Method,"System.Void kicquwp.OscarProtocol.<KeepAliveLoopAsync>d__212.SetStateMachine(System.Runtime.CompilerServices.IAsyncStateMachine stateMachine)"
Dynamic,Method,"System.Void kicquwp.ReconnectService.<OnNetworkStatusChanged>d__33.MoveNext()"
Dynamic,Method,"System.Void kicquwp.ReconnectService.<OnNetworkStatusChanged>d__33.SetStateMachine(System.Runtime.CompilerServices.IAsyncStateMachine stateMachine)"
Dynamic,Method,"System.Void kicquwp.ReconnectService.<MonitorLoopAsync>d__35.MoveNext()"
Dynamic,Method,"System.Void kicquwp.ReconnectService.<MonitorLoopAsync>d__35.SetStateMachine(System.Runtime.CompilerServices.IAsyncStateMachine stateMachine)"
Dynamic,Method,"System.Void kicquwp.ReconnectService.<ForceReconnectAsync>d__36.MoveNext()"
Dynamic,Method,"System.Void kicquwp.ReconnectService.<ForceReconnectAsync>d__36.SetStateMachine(System.Runtime.CompilerServices.IAsyncStateMachine stateMachine)"
Dynamic,Method,"System.Void kicquwp.ReconnectService.<TryReconnectAsync>d__37.MoveNext()"
Dynamic,Method,"System.Void kicquwp.ReconnectService.<TryReconnectAsync>d__37.SetStateMachine(System.Runtime.CompilerServices.IAsyncStateMachine stateMachine)"
Dynamic,Method,"System.Void kicquwp.ReconnectService.<>c__DisplayClass39_0..ctor()"
Dynamic,Method,"System.Threading.Tasks.Task kicquwp.ReconnectService.<>c__DisplayClass39_0.<ForceReconnect>b__0()"
Dynamic,Method,"System.Void kicquwp.ReconnectService.<OnIncomingMessage>d__40.MoveNext()"
Dynamic,Method,"System.Void kicquwp.ReconnectService.<OnIncomingMessage>d__40.SetStateMachine(System.Runtime.CompilerServices.IAsyncStateMachine stateMachine)"
Dynamic,Method,"System.Void kicquwp.SearchPage.<SearchButton_Click>d__8.MoveNext()"
Dynamic,Method,"System.Void kicquwp.SearchPage.<SearchButton_Click>d__8.SetStateMachine(System.Runtime.CompilerServices.IAsyncStateMachine stateMachine)"
Dynamic,Method,"System.Void kicquwp.SearchPage.<AddContact_Click>d__9.MoveNext()"
Dynamic,Method,"System.Void kicquwp.SearchPage.<AddContact_Click>d__9.SetStateMachine(System.Runtime.CompilerServices.IAsyncStateMachine stateMachine)"
Dynamic,Method,"System.Void kicquwp.SettingsPage.<PickBackground_Click>d__2.MoveNext()"
Dynamic,Method,"System.Void kicquwp.SettingsPage.<PickBackground_Click>d__2.SetStateMachine(System.Runtime.CompilerServices.IAsyncStateMachine stateMachine)"
Dynamic,Method,"System.Void kicquwp.SettingsPage.<PickChatBackground_Click>d__3.MoveNext()"
Dynamic,Method,"System.Void kicquwp.SettingsPage.<PickChatBackground_Click>d__3.SetStateMachine(System.Runtime.CompilerServices.IAsyncStateMachine stateMachine)"
Dynamic,Method,"System.Void kicquwp.SettingsPage.<ClearChatBackground_Click>d__11.MoveNext()"
Dynamic,Method,"System.Void kicquwp.SettingsPage.<ClearChatBackground_Click>d__11.SetStateMachine(System.Runtime.CompilerServices.IAsyncStateMachine stateMachine)"
Dynamic,Method,"System.Void kicquwp.SettingsPage.<ClearBackground_Click>d__15.MoveNext()"
Dynamic,Method,"System.Void kicquwp.SettingsPage.<ClearBackground_Click>d__15.SetStateMachine(System.Runtime.CompilerServices.IAsyncStateMachine stateMachine)"
Dynamic,Method,"System.Void kicquwp.SettingsPage.<CheckUpdate_Click>d__18.MoveNext()"
Dynamic,Method,"System.Void kicquwp.SettingsPage.<CheckUpdate_Click>d__18.SetStateMachine(System.Runtime.CompilerServices.IAsyncStateMachine stateMachine)"
Dynamic,Method,"System.Void kicquwp.SettingsPage.<OpenReleases_Click>d__19.MoveNext()"
Dynamic,Method,"System.Void kicquwp.SettingsPage.<OpenReleases_Click>d__19.SetStateMachine(System.Runtime.CompilerServices.IAsyncStateMachine stateMachine)"
Dynamic,Method,"System.Void kicquwp.SettingsPage.<CheckForUpdatesAsync>d__21.MoveNext()"
Dynamic,Method,"System.Void kicquwp.SettingsPage.<CheckForUpdatesAsync>d__21.SetStateMachine(System.Runtime.CompilerServices.IAsyncStateMachine stateMachine)"
Dynamic,Method,"System.Void kicquwp.SettingsPage.<>c__DisplayClass23_0..ctor()"
Dynamic,Method,"System.Void kicquwp.SettingsPage.<>c__DisplayClass23_0.<DeleteAccount_Click>b__0(Windows.UI.Xaml.Controls.ContentDialog d, Windows.UI.Xaml.Controls.ContentDialogButtonClickEventArgs args)"
Dynamic,Method,"System.Void kicquwp.SettingsPage.<>c__DisplayClass23_0.<DeleteAccount_Click>b__1()"
Dynamic,Method,"System.Void kicquwp.SettingsPage.<DeleteAccount_Click>d__23.MoveNext()"
Dynamic,Method,"System.Void kicquwp.SettingsPage.<DeleteAccount_Click>d__23.SetStateMachine(System.Runtime.CompilerServices.IAsyncStateMachine stateMachine)"
Dynamic,Method,"System.Void kicquwp.SoundService.<PlayMessage>d__4.MoveNext()"
Dynamic,Method,"System.Void kicquwp.SoundService.<PlayMessage>d__4.SetStateMachine(System.Runtime.CompilerServices.IAsyncStateMachine stateMachine)"
Dynamic,Method,"System.Void kicquwp.SoundService.<PlayOnline>d__5.MoveNext()"
Dynamic,Method,"System.Void kicquwp.SoundService.<PlayOnline>d__5.SetStateMachine(System.Runtime.CompilerServices.IAsyncStateMachine stateMachine)"
Dynamic,Method,"System.Void kicquwp.SoundService.<PlayOffline>d__6.MoveNext()"
Dynamic,Method,"System.Void kicquwp.SoundService.<PlayOffline>d__6.SetStateMachine(System.Runtime.CompilerServices.IAsyncStateMachine stateMachine)"
Dynamic,Method,"System.Void kicquwp.SoundService.<PlayError>d__7.MoveNext()"
Dynamic,Method,"System.Void kicquwp.SoundService.<PlayError>d__7.SetStateMachine(System.Runtime.CompilerServices.IAsyncStateMachine stateMachine)"
Dynamic,Method,"System.Void kicquwp.SoundService.<PlayNotification>d__8.MoveNext()"
Dynamic,Method,"System.Void kicquwp.SoundService.<PlayNotification>d__8.SetStateMachine(System.Runtime.CompilerServices.IAsyncStateMachine stateMachine)"
Dynamic,Method,"System.Void kicquwp.SoundService.<>c..cctor()"
Dynamic,Method,"System.Void kicquwp.SoundService.<>c..ctor()"
Dynamic,Method,"System.Void kicquwp.SoundService.<>c.<Play>b__9_0()"
Dynamic,Method,"System.Void kicquwp.SoundService.<Play>d__9.MoveNext()"
Dynamic,Method,"System.Void kicquwp.SoundService.<Play>d__9.SetStateMachine(System.Runtime.CompilerServices.IAsyncStateMachine stateMachine)"
Dynamic,Method,"System.Void kicquwp.Program.<>c..cctor()"
Dynamic,Method,"System.Void kicquwp.Program.<>c..ctor()"
Dynamic,Method,"System.Void kicquwp.Program.<>c.<Main>b__0_0(Windows.UI.Xaml.ApplicationInitializationCallbackParams p)"
Dynamic,Method,"System.Void kicquwp.App.<>c.<<CheckUpdateOnStartup>b__18_0>d.MoveNext()"
Dynamic,Method,"System.Void kicquwp.App.<>c.<<CheckUpdateOnStartup>b__18_0>d.SetStateMachine(System.Runtime.CompilerServices.IAsyncStateMachine stateMachine)"
Dynamic,Method,"System.Void kicquwp.App.<>c__DisplayClass18_0.<<CheckUpdateOnStartup>b__1>d.MoveNext()"
Dynamic,Method,"System.Void kicquwp.App.<>c__DisplayClass18_0.<<CheckUpdateOnStartup>b__1>d.SetStateMachine(System.Runtime.CompilerServices.IAsyncStateMachine stateMachine)"
Dynamic,Method,"System.Void kicquwp.ChatPage.<>c__DisplayClass27_0.<<OnIncomingMessage>b__0>d.MoveNext()"
Dynamic,Method,"System.Void kicquwp.ChatPage.<>c__DisplayClass27_0.<<OnIncomingMessage>b__0>d.SetStateMachine(System.Runtime.CompilerServices.IAsyncStateMachine stateMachine)"
Dynamic,Method,"System.Void kicquwp.ChatPage.<>c__DisplayClass30_0.<<SendCurrentMessageAsync>b__2>d.MoveNext()"
Dynamic,Method,"System.Void kicquwp.ChatPage.<>c__DisplayClass30_0.<<SendCurrentMessageAsync>b__2>d.SetStateMachine(System.Runtime.CompilerServices.IAsyncStateMachine stateMachine)"
Dynamic,Method,"System.Void kicquwp.LoginPage.<>c__DisplayClass13_0.<<ShowMessageDialog>b__0>d.MoveNext()"
Dynamic,Method,"System.Void kicquwp.LoginPage.<>c__DisplayClass13_0.<<ShowMessageDialog>b__0>d.SetStateMachine(System.Runtime.CompilerServices.IAsyncStateMachine stateMachine)"
Dynamic,Method,"System.Void kicquwp.MainPage.<>c__DisplayClass39_0.<<OnKickedOut>b__0>d.MoveNext()"
Dynamic,Method,"System.Void kicquwp.MainPage.<>c__DisplayClass39_0.<<OnKickedOut>b__0>d.SetStateMachine(System.Runtime.CompilerServices.IAsyncStateMachine stateMachine)"
Dynamic,Method,"System.Void kicquwp.OscarProtocol.<>c__DisplayClass148_0.<<ShowMessageDialog>b__0>d.MoveNext()"
Dynamic,Method,"System.Void kicquwp.OscarProtocol.<>c__DisplayClass148_0.<<ShowMessageDialog>b__0>d.SetStateMachine(System.Runtime.CompilerServices.IAsyncStateMachine stateMachine)"
Dynamic,Method,"System.Void kicquwp.OscarProtocol.<>c__DisplayClass181_0.<<RequestFullUserInfoDetailedAsync>b__1>d.MoveNext()"
Dynamic,Method,"System.Void kicquwp.OscarProtocol.<>c__DisplayClass181_0.<<RequestFullUserInfoDetailedAsync>b__1>d.SetStateMachine(System.Runtime.CompilerServices.IAsyncStateMachine stateMachine)"
Dynamic,Method,"System.Void kicquwp.ReconnectService.<>c__DisplayClass39_0.<<ForceReconnect>b__0>d.MoveNext()"
Dynamic,Method,"System.Void kicquwp.ReconnectService.<>c__DisplayClass39_0.<<ForceReconnect>b__0>d.SetStateMachine(System.Runtime.CompilerServices.IAsyncStateMachine stateMachine)"
Dynamic,Method,"System.String System.Diagnostics.Tracing.EventSourceAttribute.Name.get()"
Dynamic,Method,"System.Void System.Diagnostics.Tracing.EventSourceAttribute.Name.set(System.String value)"
Dynamic,Method,"System.String System.Diagnostics.Tracing.EventSourceAttribute.Guid.get()"
Dynamic,Method,"System.Void System.Diagnostics.Tracing.EventSourceAttribute.Guid.set(System.String value)"
Dynamic,Method,"System.String System.Diagnostics.Tracing.EventSourceAttribute.LocalizationResources.get()"
Dynamic,Method,"System.Void System.Diagnostics.Tracing.EventSourceAttribute.LocalizationResources.set(System.String value)"
Dynamic,Method,"System.Void System.Diagnostics.Tracing.EventSourceAttribute..ctor()"
Dynamic,Method,"System.Void System.Diagnostics.Tracing.EventAttribute..ctor(System.Int32 eventId)"
Dynamic,Method,"System.Int32 System.Diagnostics.Tracing.EventAttribute.EventId.get()"
Dynamic,Method,"System.Void System.Diagnostics.Tracing.EventAttribute.EventId.set(System.Int32 value)"
Dynamic,Method,"System.Diagnostics.Tracing.EventLevel System.Diagnostics.Tracing.EventAttribute.Level.get()"
Dynamic,Method,"System.Void System.Diagnostics.Tracing.EventAttribute.Level.set(System.Diagnostics.Tracing.EventLevel value)"
Dynamic,Method,"System.Diagnostics.Tracing.EventKeywords System.Diagnostics.Tracing.EventAttribute.Keywords.get()"
Dynamic,Method,"System.Void System.Diagnostics.Tracing.EventAttribute.Keywords.set(System.Diagnostics.Tracing.EventKeywords value)"
Dynamic,Method,"System.Diagnostics.Tracing.EventOpcode System.Diagnostics.Tracing.EventAttribute.Opcode.get()"
Dynamic,Method,"System.Void System.Diagnostics.Tracing.EventAttribute.Opcode.set(System.Diagnostics.Tracing.EventOpcode value)"
Dynamic,Method,"System.Boolean System.Diagnostics.Tracing.EventAttribute.IsOpcodeSet.get()"
Dynamic,Method,"System.Diagnostics.Tracing.EventTask System.Diagnostics.Tracing.EventAttribute.Task.get()"
Dynamic,Method,"System.Void System.Diagnostics.Tracing.EventAttribute.Task.set(System.Diagnostics.Tracing.EventTask value)"
Dynamic,Method,"System.Byte System.Diagnostics.Tracing.EventAttribute.Version.get()"
Dynamic,Method,"System.Void System.Diagnostics.Tracing.EventAttribute.Version.set(System.Byte value)"
Dynamic,Method,"System.String System.Diagnostics.Tracing.EventAttribute.Message.get()"
Dynamic,Method,"System.Void System.Diagnostics.Tracing.EventAttribute.Message.set(System.String value)"
Dynamic,Method,"System.Diagnostics.Tracing.EventTags System.Diagnostics.Tracing.EventAttribute.Tags.get()"
Dynamic,Method,"System.Void System.Diagnostics.Tracing.EventAttribute.Tags.set(System.Diagnostics.Tracing.EventTags value)"
Dynamic,Method,"System.Diagnostics.Tracing.EventActivityOptions System.Diagnostics.Tracing.EventAttribute.ActivityOptions.get()"
Dynamic,Method,"System.Void System.Diagnostics.Tracing.EventAttribute.ActivityOptions.set(System.Diagnostics.Tracing.EventActivityOptions value)"
Dynamic,Method,"System.String System.Diagnostics.Tracing.EventDataAttribute.Name.get()"
Dynamic,Method,"System.Void System.Diagnostics.Tracing.EventDataAttribute.Name.set(System.String value)"
Dynamic,Method,"System.Diagnostics.Tracing.EventLevel System.Diagnostics.Tracing.EventDataAttribute.Level.get()"
Dynamic,Method,"System.Void System.Diagnostics.Tracing.EventDataAttribute.Level.set(System.Diagnostics.Tracing.EventLevel value)"
Dynamic,Method,"System.Diagnostics.Tracing.EventOpcode System.Diagnostics.Tracing.EventDataAttribute.Opcode.get()"
Dynamic,Method,"System.Void System.Diagnostics.Tracing.EventDataAttribute.Opcode.set(System.Diagnostics.Tracing.EventOpcode value)"
Dynamic,Method,"System.Diagnostics.Tracing.EventKeywords System.Diagnostics.Tracing.EventDataAttribute.Keywords.get()"
Dynamic,Method,"System.Void System.Diagnostics.Tracing.EventDataAttribute.Keywords.set(System.Diagnostics.Tracing.EventKeywords value)"
Dynamic,Method,"System.Diagnostics.Tracing.EventTags System.Diagnostics.Tracing.EventDataAttribute.Tags.get()"
Dynamic,Method,"System.Void System.Diagnostics.Tracing.EventDataAttribute.Tags.set(System.Diagnostics.Tracing.EventTags value)"
Dynamic,Method,"System.Void System.Diagnostics.Tracing.EventDataAttribute..ctor()"
Dynamic,Method,"System.Void Background.BackgroundTask.BackgroundTask.Run(Windows.ApplicationModel.Background.IBackgroundTaskInstance taskInstance)"
Dynamic,Method,"System.Void Background.BackgroundTask.BackgroundTask.ShowToast(System.String sender, System.String text, System.Int32 count)"
Dynamic,Method,"System.String Background.BackgroundTask.BackgroundTask.EscapeXml(System.String s)"
Dynamic,Method,"System.Void Background.BackgroundTask.BackgroundTask.OnCanceled(Windows.ApplicationModel.Background.IBackgroundTaskInstance sender, Windows.ApplicationModel.Background.BackgroundTaskCancellationReason reason)"
Dynamic,Method,"System.Void Background.BackgroundTask.BackgroundTask..ctor()"
Dynamic,Method,"System.Void Background.BackgroundTask.BackgroundTask.<Run>d__1.MoveNext()"
Dynamic,Method,"System.Void Background.BackgroundTask.BackgroundTask.<Run>d__1.SetStateMachine(System.Runtime.CompilerServices.IAsyncStateMachine stateMachine)"
Dynamic,Method,"System.Void Background.BackgroundTask.<WinRT>BackgroundTask..ctor()"
Dynamic,Method,"System.Void Background.BackgroundTask.<WinRT>BackgroundTask.Run(Windows.ApplicationModel.Background.IBackgroundTaskInstance taskInstance)"
Dynamic,Method,"System.String Background.BackgroundTask.<WinRT>BackgroundTask.Windows.Foundation.IStringable.ToString()"
Dynamic,Method,"System.Func<System.Diagnostics.Tracing.PropertyValue, System.Diagnostics.Tracing.PropertyValue> System.Diagnostics.Tracing.PropertyValue.ReferenceTypeHelper<System.Object>.GetPropertyGetter(System.Reflection.PropertyInfo)"
Dynamic,Method,"System.Void System.Diagnostics.Tracing.PropertyValue.ReferenceTypeHelper<System.Object>..ctor()"
Dynamic,Method,"System.String System.Diagnostics.Tracing.EventSource.Name.get()"
Dynamic,Method,"System.Guid System.Diagnostics.Tracing.EventSource.Guid.get()"
Dynamic,Method,"System.Boolean System.Diagnostics.Tracing.EventSource.IsEnabled()"
Dynamic,Method,"System.Boolean System.Diagnostics.Tracing.EventSource.IsEnabled(System.Diagnostics.Tracing.EventLevel level, System.Diagnostics.Tracing.EventKeywords keywords)"
Dynamic,Method,"System.Boolean System.Diagnostics.Tracing.EventSource.IsEnabled(System.Diagnostics.Tracing.EventLevel level, System.Diagnostics.Tracing.EventKeywords keywords, System.Diagnostics.Tracing.EventChannel channel)"
Dynamic,Method,"System.Diagnostics.Tracing.EventSourceSettings System.Diagnostics.Tracing.EventSource.Settings.get()"
Dynamic,Method,"System.Guid System.Diagnostics.Tracing.EventSource.GetGuid(System.Type eventSourceType)"
Dynamic,Method,"System.String System.Diagnostics.Tracing.EventSource.GetName(System.Type eventSourceType)"
Dynamic,Method,"System.String System.Diagnostics.Tracing.EventSource.GenerateManifest(System.Type eventSourceType, System.String assemblyPathToIncludeInManifest)"
Dynamic,Method,"System.String System.Diagnostics.Tracing.EventSource.GenerateManifest(System.Type eventSourceType, System.String assemblyPathToIncludeInManifest, System.Diagnostics.Tracing.EventManifestOptions flags)"
Dynamic,Method,"System.Collections.Generic.IEnumerable<System.Diagnostics.Tracing.EventSource> System.Diagnostics.Tracing.EventSource.GetSources()"
Dynamic,Method,"System.Void System.Diagnostics.Tracing.EventSource.SendCommand(System.Diagnostics.Tracing.EventSource eventSource, System.Diagnostics.Tracing.EventCommand command, System.Collections.Generic.IDictionary<System.String, System.String> commandArguments)"
Dynamic,Method,"System.Void System.Diagnostics.Tracing.EventSource.SetCurrentThreadActivityId(System.Guid activityId)"
Dynamic,Method,"System.Void System.Diagnostics.Tracing.EventSource.SetCurrentThreadActivityId(System.Guid activityId, out System.Guid oldActivityThatWillContinue)"
Dynamic,Method,"System.Guid System.Diagnostics.Tracing.EventSource.CurrentThreadActivityId.get()"
Dynamic,Method,"System.Exception System.Diagnostics.Tracing.EventSource.ConstructionException.get()"
Dynamic,Method,"System.String System.Diagnostics.Tracing.EventSource.GetTrait(System.String key)"
Dynamic,Method,"System.String System.Diagnostics.Tracing.EventSource.ToString()"
Dynamic,Method,"System.Void System.Diagnostics.Tracing.EventSource..ctor()"
Dynamic,Method,"System.Void System.Diagnostics.Tracing.EventSource..ctor(System.Boolean throwOnEventWriteErrors)"
Dynamic,Method,"System.Void System.Diagnostics.Tracing.EventSource..ctor(System.Diagnostics.Tracing.EventSourceSettings settings)"
Dynamic,Method,"System.Void System.Diagnostics.Tracing.EventSource..ctor(System.Diagnostics.Tracing.EventSourceSettings settings, params System.String[] traits)"
Dynamic,Method,"System.Void System.Diagnostics.Tracing.EventSource.GetMetadata(out System.Guid eventSourceGuid, out System.String eventSourceName, out System.Diagnostics.Tracing.EventSource.EventMetadata[] eventData, out System.Byte[] manifestBytes)"
Dynamic,Method,"System.Void System.Diagnostics.Tracing.EventSource.OnEventCommand(System.Diagnostics.Tracing.EventCommandEventArgs command)"
Dynamic,Method,"System.Void System.Diagnostics.Tracing.EventSource.WriteEvent(System.Int32 eventId)"
Dynamic,Method,"System.Void System.Diagnostics.Tracing.EventSource.WriteEvent(System.Int32 eventId, System.Int32 arg1)"
Dynamic,Method,"System.Void System.Diagnostics.Tracing.EventSource.WriteEvent(System.Int32 eventId, System.Int32 arg1, System.Int32 arg2)"
Dynamic,Method,"System.Void System.Diagnostics.Tracing.EventSource.WriteEvent(System.Int32 eventId, System.Int32 arg1, System.Int32 arg2, System.Int32 arg3)"
Dynamic,Method,"System.Void System.Diagnostics.Tracing.EventSource.WriteEvent(System.Int32 eventId, System.Int64 arg1)"
Dynamic,Method,"System.Void System.Diagnostics.Tracing.EventSource.WriteEvent(System.Int32 eventId, System.Int64 arg1, System.Int64 arg2)"
Dynamic,Method,"System.Void System.Diagnostics.Tracing.EventSource.WriteEvent(System.Int32 eventId, System.Int64 arg1, System.Int64 arg2, System.Int64 arg3)"
Dynamic,Method,"System.Void System.Diagnostics.Tracing.EventSource.WriteEvent(System.Int32 eventId, System.String arg1)"
Dynamic,Method,"System.Void System.Diagnostics.Tracing.EventSource.WriteEvent(System.Int32 eventId, System.String arg1, System.String arg2)"
Dynamic,Method,"System.Void System.Diagnostics.Tracing.EventSource.WriteEvent(System.Int32 eventId, System.String arg1, System.String arg2, System.String arg3)"
Dynamic,Method,"System.Void System.Diagnostics.Tracing.EventSource.WriteEvent(System.Int32 eventId, System.String arg1, System.Int32 arg2)"
Dynamic,Method,"System.Void System.Diagnostics.Tracing.EventSource.WriteEvent(System.Int32 eventId, System.String arg1, System.Int32 arg2, System.Int32 arg3)"
Dynamic,Method,"System.Void System.Diagnostics.Tracing.EventSource.WriteEvent(System.Int32 eventId, System.String arg1, System.Int64 arg2)"
Dynamic,Method,"System.Void System.Diagnostics.Tracing.EventSource.WriteEvent(System.Int32 eventId, System.Int64 arg1, System.String arg2)"
Dynamic,Method,"System.Void System.Diagnostics.Tracing.EventSource.WriteEvent(System.Int32 eventId, System.Int32 arg1, System.String arg2)"
Dynamic,Method,"System.Void System.Diagnostics.Tracing.EventSource.WriteEvent(System.Int32 eventId, System.Byte[] arg1)"
Dynamic,Method,"System.Void System.Diagnostics.Tracing.EventSource.WriteEvent(System.Int32 eventId, System.Int64 arg1, System.Byte[] arg2)"
Dynamic,Method,"System.Void System.Diagnostics.Tracing.EventSource.WriteEventCore(System.Int32 eventId, System.Int32 eventDataCount, System.Diagnostics.Tracing.EventSource.EventData* data)"
Dynamic,Method,"System.Void System.Diagnostics.Tracing.EventSource.WriteEventWithRelatedActivityIdCore(System.Int32 eventId, System.Guid* relatedActivityId, System.Int32 eventDataCount, System.Diagnostics.Tracing.EventSource.EventData* data)"
Dynamic,Method,"System.Void System.Diagnostics.Tracing.EventSource.WriteEvent(System.Int32 eventId, params System.Object[] args)"
Dynamic,Method,"System.Void System.Diagnostics.Tracing.EventSource.WriteEventWithRelatedActivityId(System.Int32 eventId, System.Guid relatedActivityId, params System.Object[] args)"
Dynamic,Method,"System.Void System.Diagnostics.Tracing.EventSource.Dispose()"
Dynamic,Method,"System.Void System.Diagnostics.Tracing.EventSource.Dispose(System.Boolean disposing)"
Dynamic,Method,"System.Void System.Diagnostics.Tracing.EventSource.Finalize()"
Dynamic,Method,"System.Void System.Diagnostics.Tracing.EventSource..ctor(System.String eventSourceName)"
Dynamic,Method,"System.Void System.Diagnostics.Tracing.EventSource..ctor(System.String eventSourceName, System.Diagnostics.Tracing.EventSourceSettings config)"
Dynamic,Method,"System.Void System.Diagnostics.Tracing.EventSource..ctor(System.String eventSourceName, System.Diagnostics.Tracing.EventSourceSettings config, params System.String[] traits)"
Dynamic,Method,"System.Void System.Diagnostics.Tracing.EventSource.Write(System.String eventName)"
Dynamic,Method,"System.Void System.Diagnostics.Tracing.EventSource.Write(System.String eventName, System.Diagnostics.Tracing.EventSourceOptions options)"
Dynamic,Method,"System.Void System.Diagnostics.Tracing.EventSource.Write<T>(System.String eventName, T data)"
Dynamic,Method,"System.Void System.Diagnostics.Tracing.EventSource.Write<T>(System.String eventName, System.Diagnostics.Tracing.EventSourceOptions options, T data)"
Dynamic,Method,"System.Void System.Diagnostics.Tracing.EventSource.Write<T>(System.String eventName, ref System.Diagnostics.Tracing.EventSourceOptions options, ref T data)"
Dynamic,Method,"System.Void System.Diagnostics.Tracing.EventSource.Write<T>(System.String eventName, ref System.Diagnostics.Tracing.EventSourceOptions options, ref System.Guid activityId, ref System.Guid relatedActivityId, ref T data)"
Dynamic,Method,"System.Void System.Diagnostics.DiagnosticSourceEventSource.Message(System.String Message)"
Dynamic,Method,"System.Void System.Diagnostics.DiagnosticSourceEventSource.Event(System.String SourceName, System.String EventName, System.Collections.Generic.IEnumerable<System.Collections.Generic.KeyValuePair<System.String, System.String>> Arguments)"
Dynamic,Method,"System.Void System.Diagnostics.DiagnosticSourceEventSource.EventJson(System.String SourceName, System.String EventName, System.String ArgmentsJson)"
Dynamic,Method,"System.Void System.Diagnostics.DiagnosticSourceEventSource.Activity1Start(System.String SourceName, System.String EventName, System.Collections.Generic.IEnumerable<System.Collections.Generic.KeyValuePair<System.String, System.String>> Arguments)"
Dynamic,Method,"System.Void System.Diagnostics.DiagnosticSourceEventSource.Activity1Stop(System.String SourceName, System.String EventName, System.Collections.Generic.IEnumerable<System.Collections.Generic.KeyValuePair<System.String, System.String>> Arguments)"
Dynamic,Method,"System.Void System.Diagnostics.DiagnosticSourceEventSource.Activity2Start(System.String SourceName, System.String EventName, System.Collections.Generic.IEnumerable<System.Collections.Generic.KeyValuePair<System.String, System.String>> Arguments)"
Dynamic,Method,"System.Void System.Diagnostics.DiagnosticSourceEventSource.Activity2Stop(System.String SourceName, System.String EventName, System.Collections.Generic.IEnumerable<System.Collections.Generic.KeyValuePair<System.String, System.String>> Arguments)"
Dynamic,Method,"System.Void System.Diagnostics.DiagnosticSourceEventSource.RecursiveActivity1Start(System.String SourceName, System.String EventName, System.Collections.Generic.IEnumerable<System.Collections.Generic.KeyValuePair<System.String, System.String>> Arguments)"
Dynamic,Method,"System.Void System.Diagnostics.DiagnosticSourceEventSource.RecursiveActivity1Stop(System.String SourceName, System.String EventName, System.Collections.Generic.IEnumerable<System.Collections.Generic.KeyValuePair<System.String, System.String>> Arguments)"
Dynamic,Method,"System.Void System.Diagnostics.DiagnosticSourceEventSource.NewDiagnosticListener(System.String SourceName)"
Dynamic,Method,"System.Void System.Diagnostics.DiagnosticSourceEventSource..ctor()"
Dynamic,Method,"System.Void System.Diagnostics.DiagnosticSourceEventSource.OnEventCommand(System.Diagnostics.Tracing.EventCommandEventArgs command)"
Dynamic,Method,"System.Void System.Diagnostics.DiagnosticSourceEventSource.BreakPointWithDebuggerFuncEval()"
Dynamic,Method,"System.Void System.Diagnostics.DiagnosticSourceEventSource..cctor()"
Dynamic,Method,"System.Void System.Runtime.CompilerServices.CompilationRelaxationsAttribute..ctor(System.Int32 relaxations)"
Dynamic,Method,"System.Void System.Runtime.CompilerServices.RuntimeCompatibilityAttribute..ctor()"
Dynamic,Method,"System.Void System.Runtime.CompilerServices.RuntimeCompatibilityAttribute.WrapNonExceptionThrows.set(System.Boolean value)"
Dynamic,Method,"System.Void System.Diagnostics.DebuggableAttribute..ctor(System.Diagnostics.DebuggableAttribute.DebuggingModes modes)"
Dynamic,Method,"System.Void System.Reflection.AssemblyTitleAttribute..ctor(System.String title)"
Dynamic,Method,"System.Void System.Reflection.AssemblyDescriptionAttribute..ctor(System.String description)"
Dynamic,Method,"System.Void System.Reflection.AssemblyConfigurationAttribute..ctor(System.String configuration)"
Dynamic,Method,"System.Void System.Reflection.AssemblyCompanyAttribute..ctor(System.String company)"
Dynamic,Method,"System.Void System.Reflection.AssemblyProductAttribute..ctor(System.String product)"
Dynamic,Method,"System.Void System.Reflection.AssemblyCopyrightAttribute..ctor(System.String copyright)"
Dynamic,Method,"System.Void System.Reflection.AssemblyTrademarkAttribute..ctor(System.String trademark)"
Dynamic,Method,"System.Void System.Reflection.AssemblyFileVersionAttribute..ctor(System.String version)"
Dynamic,Method,"System.Void System.Runtime.InteropServices.ComVisibleAttribute..ctor(System.Boolean visibility)"
Dynamic,Method,"System.Void System.Runtime.Versioning.TargetFrameworkAttribute..ctor(System.String frameworkName)"
Dynamic,Method,"System.Void System.Runtime.Versioning.TargetFrameworkAttribute.FrameworkDisplayName.set(System.String value)"
Dynamic,Method,"System.Void System.Reflection.AssemblyDefaultAliasAttribute..ctor(System.String defaultAlias)"
Dynamic,Method,"System.Void System.Reflection.AssemblyInformationalVersionAttribute..ctor(System.String informationalVersion)"
Dynamic,Method,"System.Void System.CLSCompliantAttribute..ctor(System.Boolean isCompliant)"
Dynamic,Method,"System.Void System.Reflection.AssemblyMetadataAttribute..ctor(System.String key, System.String value)"
Dynamic,Method,"System.Void System.Resources.NeutralResourcesLanguageAttribute..ctor(System.String cultureName)"
Dynamic,Method,"System.Void System.Runtime.CompilerServices.ExtensionAttribute..ctor()"
Dynamic,Method,"System.Void System.Reflection.AssemblyKeyFileAttribute..ctor(System.String keyFile)"
Dynamic,Method,"System.Void System.Reflection.AssemblyDelaySignAttribute..ctor(System.Boolean delaySign)"
Dynamic,Method,"System.Void System.Windows.Input.ICommand.add_CanExecuteChanged(System.EventHandler value)"
Dynamic,Method,"System.Void System.Windows.Input.ICommand.remove_CanExecuteChanged(System.EventHandler value)"
Dynamic,Method,"System.Void System.EventHandler.Invoke(System.Object sender, System.EventArgs e)"
Dynamic,Method,"System.Void System.Collections.Specialized.INotifyCollectionChanged.add_CollectionChanged(System.Collections.Specialized.NotifyCollectionChangedEventHandler value)"
Dynamic,Method,"System.Void System.Collections.Specialized.INotifyCollectionChanged.remove_CollectionChanged(System.Collections.Specialized.NotifyCollectionChangedEventHandler value)"
Dynamic,Method,"System.Void System.Collections.Specialized.NotifyCollectionChangedEventHandler.Invoke(System.Object sender, System.Collections.Specialized.NotifyCollectionChangedEventArgs e)"
Dynamic,Method,"System.Void System.ComponentModel.INotifyPropertyChanged.add_PropertyChanged(System.ComponentModel.PropertyChangedEventHandler value)"
Dynamic,Method,"System.Void System.ComponentModel.INotifyPropertyChanged.remove_PropertyChanged(System.ComponentModel.PropertyChangedEventHandler value)"
Dynamic,Method,"System.Void System.ComponentModel.PropertyChangedEventHandler.Invoke(System.Object sender, System.ComponentModel.PropertyChangedEventArgs e)"
Dynamic,Method,"System.Void Windows.UI.Xaml.Data.ICustomProperty.SetValue(System.Object target, System.Object value)"
Dynamic,Method,"System.Runtime.InteropServices.WindowsRuntime.EventRegistrationToken Windows.UI.Xaml.Controls.Control.add_IsEnabledChanged(Windows.UI.Xaml.DependencyPropertyChangedEventHandler handler)"
Dynamic,Method,"System.Void Windows.UI.Xaml.Controls.Control.remove_IsEnabledChanged(System.Runtime.InteropServices.WindowsRuntime.EventRegistrationToken token)"
Dynamic,Method,"System.Void Windows.UI.Xaml.DependencyPropertyChangedEventHandler.Invoke(System.Object sender, Windows.UI.Xaml.DependencyPropertyChangedEventArgs e)"
Dynamic,Method,"System.Runtime.InteropServices.WindowsRuntime.EventRegistrationToken Windows.UI.Xaml.Controls.Control.add_FocusDisengaged(Windows.Foundation.TypedEventHandler<Windows.UI.Xaml.Controls.Control, Windows.UI.Xaml.Controls.FocusDisengagedEventArgs> handler)"
Dynamic,Method,"System.Void Windows.UI.Xaml.Controls.Control.remove_FocusDisengaged(System.Runtime.InteropServices.WindowsRuntime.EventRegistrationToken token)"
Dynamic,Method,"System.Void Windows.Foundation.TypedEventHandler<Windows.UI.Xaml.Controls.Control, Windows.UI.Xaml.Controls.FocusDisengagedEventArgs>.Invoke(Windows.UI.Xaml.Controls.Control, Windows.UI.Xaml.Controls.FocusDisengagedEventArgs)"
Dynamic,Method,"System.Runtime.InteropServices.WindowsRuntime.EventRegistrationToken Windows.UI.Xaml.Controls.Control.add_FocusEngaged(Windows.Foundation.TypedEventHandler<Windows.UI.Xaml.Controls.Control, Windows.UI.Xaml.Controls.FocusEngagedEventArgs> handler)"
Dynamic,Method,"System.Void Windows.UI.Xaml.Controls.Control.remove_FocusEngaged(System.Runtime.InteropServices.WindowsRuntime.EventRegistrationToken token)"
Dynamic,Method,"System.Void Windows.Foundation.TypedEventHandler<Windows.UI.Xaml.Controls.Control, Windows.UI.Xaml.Controls.FocusEngagedEventArgs>.Invoke(Windows.UI.Xaml.Controls.Control, Windows.UI.Xaml.Controls.FocusEngagedEventArgs)"
Dynamic,Method,"System.Runtime.InteropServices.WindowsRuntime.EventRegistrationToken Windows.UI.Xaml.FrameworkElement.add_LayoutUpdated(System.EventHandler<System.Object> handler)"
Dynamic,Method,"System.Void Windows.UI.Xaml.FrameworkElement.remove_LayoutUpdated(System.Runtime.InteropServices.WindowsRuntime.EventRegistrationToken token)"
Dynamic,Method,"System.Void System.EventHandler<System.Object>.Invoke(System.Object, System.Object)"
Dynamic,Method,"System.Runtime.InteropServices.WindowsRuntime.EventRegistrationToken Windows.UI.Xaml.FrameworkElement.add_Loaded(Windows.UI.Xaml.RoutedEventHandler handler)"
Dynamic,Method,"System.Void Windows.UI.Xaml.FrameworkElement.remove_Loaded(System.Runtime.InteropServices.WindowsRuntime.EventRegistrationToken token)"
Dynamic,Method,"System.Void Windows.UI.Xaml.RoutedEventHandler.Invoke(System.Object sender, Windows.UI.Xaml.RoutedEventArgs e)"
Dynamic,Method,"System.Runtime.InteropServices.WindowsRuntime.EventRegistrationToken Windows.UI.Xaml.FrameworkElement.add_SizeChanged(Windows.UI.Xaml.SizeChangedEventHandler handler)"
Dynamic,Method,"System.Void Windows.UI.Xaml.FrameworkElement.remove_SizeChanged(System.Runtime.InteropServices.WindowsRuntime.EventRegistrationToken token)"
Dynamic,Method,"System.Void Windows.UI.Xaml.SizeChangedEventHandler.Invoke(System.Object sender, Windows.UI.Xaml.SizeChangedEventArgs e)"
Dynamic,Method,"System.Runtime.InteropServices.WindowsRuntime.EventRegistrationToken Windows.UI.Xaml.FrameworkElement.add_Unloaded(Windows.UI.Xaml.RoutedEventHandler handler)"
Dynamic,Method,"System.Void Windows.UI.Xaml.FrameworkElement.remove_Unloaded(System.Runtime.InteropServices.WindowsRuntime.EventRegistrationToken token)"
Dynamic,Method,"System.Runtime.InteropServices.WindowsRuntime.EventRegistrationToken Windows.UI.Xaml.FrameworkElement.add_DataContextChanged(Windows.Foundation.TypedEventHandler<Windows.UI.Xaml.FrameworkElement, Windows.UI.Xaml.DataContextChangedEventArgs> handler)"
Dynamic,Method,"System.Void Windows.UI.Xaml.FrameworkElement.remove_DataContextChanged(System.Runtime.InteropServices.WindowsRuntime.EventRegistrationToken token)"
Dynamic,Method,"System.Void Windows.Foundation.TypedEventHandler<Windows.UI.Xaml.FrameworkElement, Windows.UI.Xaml.DataContextChangedEventArgs>.Invoke(Windows.UI.Xaml.FrameworkElement, Windows.UI.Xaml.DataContextChangedEventArgs)"
Dynamic,Method,"System.Runtime.InteropServices.WindowsRuntime.EventRegistrationToken Windows.UI.Xaml.FrameworkElement.add_Loading(Windows.Foundation.TypedEventHandler<Windows.UI.Xaml.FrameworkElement, System.Object> handler)"
Dynamic,Method,"System.Void Windows.UI.Xaml.FrameworkElement.remove_Loading(System.Runtime.InteropServices.WindowsRuntime.EventRegistrationToken token)"
Dynamic,Method,"System.Void Windows.Foundation.TypedEventHandler<Windows.UI.Xaml.FrameworkElement, System.Object>.Invoke(Windows.UI.Xaml.FrameworkElement, System.Object)"
Dynamic,Method,"System.Runtime.InteropServices.WindowsRuntime.EventRegistrationToken Windows.UI.Xaml.FrameworkElement.add_ActualThemeChanged(Windows.Foundation.TypedEventHandler<Windows.UI.Xaml.FrameworkElement, System.Object> handler)"
Dynamic,Method,"System.Void Windows.UI.Xaml.FrameworkElement.remove_ActualThemeChanged(System.Runtime.InteropServices.WindowsRuntime.EventRegistrationToken token)"
Dynamic,Method,"System.Runtime.InteropServices.WindowsRuntime.EventRegistrationToken Windows.UI.Xaml.FrameworkElement.add_EffectiveViewportChanged(Windows.Foundation.TypedEventHandler<Windows.UI.Xaml.FrameworkElement, Windows.UI.Xaml.EffectiveViewportChangedEventArgs> handler)"
Dynamic,Method,"System.Void Windows.UI.Xaml.FrameworkElement.remove_EffectiveViewportChanged(System.Runtime.InteropServices.WindowsRuntime.EventRegistrationToken token)"
Dynamic,Method,"System.Void Windows.Foundation.TypedEventHandler<Windows.UI.Xaml.FrameworkElement, Windows.UI.Xaml.EffectiveViewportChangedEventArgs>.Invoke(Windows.UI.Xaml.FrameworkElement, Windows.UI.Xaml.EffectiveViewportChangedEventArgs)"
Dynamic,Method,"System.Runtime.InteropServices.WindowsRuntime.EventRegistrationToken Windows.UI.Xaml.UIElement.add_DoubleTapped(Windows.UI.Xaml.Input.DoubleTappedEventHandler handler)"
Dynamic,Method,"System.Void Windows.UI.Xaml.UIElement.remove_DoubleTapped(System.Runtime.InteropServices.WindowsRuntime.EventRegistrationToken token)"
Dynamic,Method,"System.Void Windows.UI.Xaml.Input.DoubleTappedEventHandler.Invoke(System.Object sender, Windows.UI.Xaml.Input.DoubleTappedRoutedEventArgs e)"
Dynamic,Method,"System.Runtime.InteropServices.WindowsRuntime.EventRegistrationToken Windows.UI.Xaml.UIElement.add_DragEnter(Windows.UI.Xaml.DragEventHandler handler)"
Dynamic,Method,"System.Void Windows.UI.Xaml.UIElement.remove_DragEnter(System.Runtime.InteropServices.WindowsRuntime.EventRegistrationToken token)"
Dynamic,Method,"System.Void Windows.UI.Xaml.DragEventHandler.Invoke(System.Object sender, Windows.UI.Xaml.DragEventArgs e)"
Dynamic,Method,"System.Runtime.InteropServices.WindowsRuntime.EventRegistrationToken Windows.UI.Xaml.UIElement.add_DragLeave(Windows.UI.Xaml.DragEventHandler handler)"
Dynamic,Method,"System.Void Windows.UI.Xaml.UIElement.remove_DragLeave(System.Runtime.InteropServices.WindowsRuntime.EventRegistrationToken token)"
Dynamic,Method,"System.Runtime.InteropServices.WindowsRuntime.EventRegistrationToken Windows.UI.Xaml.UIElement.add_DragOver(Windows.UI.Xaml.DragEventHandler handler)"
Dynamic,Method,"System.Void Windows.UI.Xaml.UIElement.remove_DragOver(System.Runtime.InteropServices.WindowsRuntime.EventRegistrationToken token)"
Dynamic,Method,"System.Runtime.InteropServices.WindowsRuntime.EventRegistrationToken Windows.UI.Xaml.UIElement.add_Drop(Windows.UI.Xaml.DragEventHandler handler)"
Dynamic,Method,"System.Void Windows.UI.Xaml.UIElement.remove_Drop(System.Runtime.InteropServices.WindowsRuntime.EventRegistrationToken token)"
Dynamic,Method,"System.Runtime.InteropServices.WindowsRuntime.EventRegistrationToken Windows.UI.Xaml.UIElement.add_GotFocus(Windows.UI.Xaml.RoutedEventHandler handler)"
Dynamic,Method,"System.Void Windows.UI.Xaml.UIElement.remove_GotFocus(System.Runtime.InteropServices.WindowsRuntime.EventRegistrationToken token)"
Dynamic,Method,"System.Runtime.InteropServices.WindowsRuntime.EventRegistrationToken Windows.UI.Xaml.UIElement.add_Holding(Windows.UI.Xaml.Input.HoldingEventHandler handler)"
Dynamic,Method,"System.Void Windows.UI.Xaml.UIElement.remove_Holding(System.Runtime.InteropServices.WindowsRuntime.EventRegistrationToken token)"
Dynamic,Method,"System.Void Windows.UI.Xaml.Input.HoldingEventHandler.Invoke(System.Object sender, Windows.UI.Xaml.Input.HoldingRoutedEventArgs e)"
Dynamic,Method,"System.Runtime.InteropServices.WindowsRuntime.EventRegistrationToken Windows.UI.Xaml.UIElement.add_KeyDown(Windows.UI.Xaml.Input.KeyEventHandler handler)"
Dynamic,Method,"System.Void Windows.UI.Xaml.UIElement.remove_KeyDown(System.Runtime.InteropServices.WindowsRuntime.EventRegistrationToken token)"
Dynamic,Method,"System.Void Windows.UI.Xaml.Input.KeyEventHandler.Invoke(System.Object sender, Windows.UI.Xaml.Input.KeyRoutedEventArgs e)"
Dynamic,Method,"System.Runtime.InteropServices.WindowsRuntime.EventRegistrationToken Windows.UI.Xaml.UIElement.add_KeyUp(Windows.UI.Xaml.Input.KeyEventHandler handler)"
Dynamic,Method,"System.Void Windows.UI.Xaml.UIElement.remove_KeyUp(System.Runtime.InteropServices.WindowsRuntime.EventRegistrationToken token)"
Dynamic,Method,"System.Runtime.InteropServices.WindowsRuntime.EventRegistrationToken Windows.UI.Xaml.UIElement.add_LostFocus(Windows.UI.Xaml.RoutedEventHandler handler)"
Dynamic,Method,"System.Void Windows.UI.Xaml.UIElement.remove_LostFocus(System.Runtime.InteropServices.WindowsRuntime.EventRegistrationToken token)"
Dynamic,Method,"System.Runtime.InteropServices.WindowsRuntime.EventRegistrationToken Windows.UI.Xaml.UIElement.add_ManipulationCompleted(Windows.UI.Xaml.Input.ManipulationCompletedEventHandler handler)"
Dynamic,Method,"System.Void Windows.UI.Xaml.UIElement.remove_ManipulationCompleted(System.Runtime.InteropServices.WindowsRuntime.EventRegistrationToken token)"
Dynamic,Method,"System.Void Windows.UI.Xaml.Input.ManipulationCompletedEventHandler.Invoke(System.Object sender, Windows.UI.Xaml.Input.ManipulationCompletedRoutedEventArgs e)"
Dynamic,Method,"System.Runtime.InteropServices.WindowsRuntime.EventRegistrationToken Windows.UI.Xaml.UIElement.add_ManipulationDelta(Windows.UI.Xaml.Input.ManipulationDeltaEventHandler handler)"
Dynamic,Method,"System.Void Windows.UI.Xaml.UIElement.remove_ManipulationDelta(System.Runtime.InteropServices.WindowsRuntime.EventRegistrationToken token)"
Dynamic,Method,"System.Void Windows.UI.Xaml.Input.ManipulationDeltaEventHandler.Invoke(System.Object sender, Windows.UI.Xaml.Input.ManipulationDeltaRoutedEventArgs e)"
Dynamic,Method,"System.Runtime.InteropServices.WindowsRuntime.EventRegistrationToken Windows.UI.Xaml.UIElement.add_ManipulationInertiaStarting(Windows.UI.Xaml.Input.ManipulationInertiaStartingEventHandler handler)"
Dynamic,Method,"System.Void Windows.UI.Xaml.UIElement.remove_ManipulationInertiaStarting(System.Runtime.InteropServices.WindowsRuntime.EventRegistrationToken token)"
Dynamic,Method,"System.Void Windows.UI.Xaml.Input.ManipulationInertiaStartingEventHandler.Invoke(System.Object sender, Windows.UI.Xaml.Input.ManipulationInertiaStartingRoutedEventArgs e)"
Dynamic,Method,"System.Runtime.InteropServices.WindowsRuntime.EventRegistrationToken Windows.UI.Xaml.UIElement.add_ManipulationStarted(Windows.UI.Xaml.Input.ManipulationStartedEventHandler handler)"
Dynamic,Method,"System.Void Windows.UI.Xaml.UIElement.remove_ManipulationStarted(System.Runtime.InteropServices.WindowsRuntime.EventRegistrationToken token)"
Dynamic,Method,"System.Void Windows.UI.Xaml.Input.ManipulationStartedEventHandler.Invoke(System.Object sender, Windows.UI.Xaml.Input.ManipulationStartedRoutedEventArgs e)"
Dynamic,Method,"System.Runtime.InteropServices.WindowsRuntime.EventRegistrationToken Windows.UI.Xaml.UIElement.add_ManipulationStarting(Windows.UI.Xaml.Input.ManipulationStartingEventHandler handler)"
Dynamic,Method,"System.Void Windows.UI.Xaml.UIElement.remove_ManipulationStarting(System.Runtime.InteropServices.WindowsRuntime.EventRegistrationToken token)"
Dynamic,Method,"System.Void Windows.UI.Xaml.Input.ManipulationStartingEventHandler.Invoke(System.Object sender, Windows.UI.Xaml.Input.ManipulationStartingRoutedEventArgs e)"
Dynamic,Method,"System.Runtime.InteropServices.WindowsRuntime.EventRegistrationToken Windows.UI.Xaml.UIElement.add_PointerCanceled(Windows.UI.Xaml.Input.PointerEventHandler handler)"
Dynamic,Method,"System.Void Windows.UI.Xaml.UIElement.remove_PointerCanceled(System.Runtime.InteropServices.WindowsRuntime.EventRegistrationToken token)"
Dynamic,Method,"System.Void Windows.UI.Xaml.Input.PointerEventHandler.Invoke(System.Object sender, Windows.UI.Xaml.Input.PointerRoutedEventArgs e)"
Dynamic,Method,"System.Runtime.InteropServices.WindowsRuntime.EventRegistrationToken Windows.UI.Xaml.UIElement.add_PointerCaptureLost(Windows.UI.Xaml.Input.PointerEventHandler handler)"
Dynamic,Method,"System.Void Windows.UI.Xaml.UIElement.remove_PointerCaptureLost(System.Runtime.InteropServices.WindowsRuntime.EventRegistrationToken token)"
Dynamic,Method,"System.Runtime.InteropServices.WindowsRuntime.EventRegistrationToken Windows.UI.Xaml.UIElement.add_PointerEntered(Windows.UI.Xaml.Input.PointerEventHandler handler)"
Dynamic,Method,"System.Void Windows.UI.Xaml.UIElement.remove_PointerEntered(System.Runtime.InteropServices.WindowsRuntime.EventRegistrationToken token)"
Dynamic,Method,"System.Runtime.InteropServices.WindowsRuntime.EventRegistrationToken Windows.UI.Xaml.UIElement.add_PointerExited(Windows.UI.Xaml.Input.PointerEventHandler handler)"
Dynamic,Method,"System.Void Windows.UI.Xaml.UIElement.remove_PointerExited(System.Runtime.InteropServices.WindowsRuntime.EventRegistrationToken token)"
Dynamic,Method,"System.Runtime.InteropServices.WindowsRuntime.EventRegistrationToken Windows.UI.Xaml.UIElement.add_PointerMoved(Windows.UI.Xaml.Input.PointerEventHandler handler)"
Dynamic,Method,"System.Void Windows.UI.Xaml.UIElement.remove_PointerMoved(System.Runtime.InteropServices.WindowsRuntime.EventRegistrationToken token)"
Dynamic,Method,"System.Runtime.InteropServices.WindowsRuntime.EventRegistrationToken Windows.UI.Xaml.UIElement.add_PointerPressed(Windows.UI.Xaml.Input.PointerEventHandler handler)"
Dynamic,Method,"System.Void Windows.UI.Xaml.UIElement.remove_PointerPressed(System.Runtime.InteropServices.WindowsRuntime.EventRegistrationToken token)"
Dynamic,Method,"System.Runtime.InteropServices.WindowsRuntime.EventRegistrationToken Windows.UI.Xaml.UIElement.add_PointerReleased(Windows.UI.Xaml.Input.PointerEventHandler handler)"
Dynamic,Method,"System.Void Windows.UI.Xaml.UIElement.remove_PointerReleased(System.Runtime.InteropServices.WindowsRuntime.EventRegistrationToken token)"
Dynamic,Method,"System.Runtime.InteropServices.WindowsRuntime.EventRegistrationToken Windows.UI.Xaml.UIElement.add_PointerWheelChanged(Windows.UI.Xaml.Input.PointerEventHandler handler)"
Dynamic,Method,"System.Void Windows.UI.Xaml.UIElement.remove_PointerWheelChanged(System.Runtime.InteropServices.WindowsRuntime.EventRegistrationToken token)"
Dynamic,Method,"System.Runtime.InteropServices.WindowsRuntime.EventRegistrationToken Windows.UI.Xaml.UIElement.add_RightTapped(Windows.UI.Xaml.Input.RightTappedEventHandler handler)"
Dynamic,Method,"System.Void Windows.UI.Xaml.UIElement.remove_RightTapped(System.Runtime.InteropServices.WindowsRuntime.EventRegistrationToken token)"
Dynamic,Method,"System.Void Windows.UI.Xaml.Input.RightTappedEventHandler.Invoke(System.Object sender, Windows.UI.Xaml.Input.RightTappedRoutedEventArgs e)"
Dynamic,Method,"System.Runtime.InteropServices.WindowsRuntime.EventRegistrationToken Windows.UI.Xaml.UIElement.add_Tapped(Windows.UI.Xaml.Input.TappedEventHandler handler)"
Dynamic,Method,"System.Void Windows.UI.Xaml.UIElement.remove_Tapped(System.Runtime.InteropServices.WindowsRuntime.EventRegistrationToken token)"
Dynamic,Method,"System.Void Windows.UI.Xaml.Input.TappedEventHandler.Invoke(System.Object sender, Windows.UI.Xaml.Input.TappedRoutedEventArgs e)"
Dynamic,Method,"System.Runtime.InteropServices.WindowsRuntime.EventRegistrationToken Windows.UI.Xaml.UIElement.add_DragStarting(Windows.Foundation.TypedEventHandler<Windows.UI.Xaml.UIElement, Windows.UI.Xaml.DragStartingEventArgs> handler)"
Dynamic,Method,"System.Void Windows.UI.Xaml.UIElement.remove_DragStarting(System.Runtime.InteropServices.WindowsRuntime.EventRegistrationToken token)"
Dynamic,Method,"System.Void Windows.Foundation.TypedEventHandler<Windows.UI.Xaml.UIElement, Windows.UI.Xaml.DragStartingEventArgs>.Invoke(Windows.UI.Xaml.UIElement, Windows.UI.Xaml.DragStartingEventArgs)"
Dynamic,Method,"System.Runtime.InteropServices.WindowsRuntime.EventRegistrationToken Windows.UI.Xaml.UIElement.add_DropCompleted(Windows.Foundation.TypedEventHandler<Windows.UI.Xaml.UIElement, Windows.UI.Xaml.DropCompletedEventArgs> handler)"
Dynamic,Method,"System.Void Windows.UI.Xaml.UIElement.remove_DropCompleted(System.Runtime.InteropServices.WindowsRuntime.EventRegistrationToken token)"
Dynamic,Method,"System.Void Windows.Foundation.TypedEventHandler<Windows.UI.Xaml.UIElement, Windows.UI.Xaml.DropCompletedEventArgs>.Invoke(Windows.UI.Xaml.UIElement, Windows.UI.Xaml.DropCompletedEventArgs)"
Dynamic,Method,"System.Runtime.InteropServices.WindowsRuntime.EventRegistrationToken Windows.UI.Xaml.UIElement.add_AccessKeyDisplayDismissed(Windows.Foundation.TypedEventHandler<Windows.UI.Xaml.UIElement, Windows.UI.Xaml.Input.AccessKeyDisplayDismissedEventArgs> handler)"
Dynamic,Method,"System.Void Windows.UI.Xaml.UIElement.remove_AccessKeyDisplayDismissed(System.Runtime.InteropServices.WindowsRuntime.EventRegistrationToken token)"
Dynamic,Method,"System.Void Windows.Foundation.TypedEventHandler<Windows.UI.Xaml.UIElement, Windows.UI.Xaml.Input.AccessKeyDisplayDismissedEventArgs>.Invoke(Windows.UI.Xaml.UIElement, Windows.UI.Xaml.Input.AccessKeyDisplayDismissedEventArgs)"
Dynamic,Method,"System.Runtime.InteropServices.WindowsRuntime.EventRegistrationToken Windows.UI.Xaml.UIElement.add_AccessKeyDisplayRequested(Windows.Foundation.TypedEventHandler<Windows.UI.Xaml.UIElement, Windows.UI.Xaml.Input.AccessKeyDisplayRequestedEventArgs> handler)"
Dynamic,Method,"System.Void Windows.UI.Xaml.UIElement.remove_AccessKeyDisplayRequested(System.Runtime.InteropServices.WindowsRuntime.EventRegistrationToken token)"
Dynamic,Method,"System.Void Windows.Foundation.TypedEventHandler<Windows.UI.Xaml.UIElement, Windows.UI.Xaml.Input.AccessKeyDisplayRequestedEventArgs>.Invoke(Windows.UI.Xaml.UIElement, Windows.UI.Xaml.Input.AccessKeyDisplayRequestedEventArgs)"
Dynamic,Method,"System.Runtime.InteropServices.WindowsRuntime.EventRegistrationToken Windows.UI.Xaml.UIElement.add_AccessKeyInvoked(Windows.Foundation.TypedEventHandler<Windows.UI.Xaml.UIElement, Windows.UI.Xaml.Input.AccessKeyInvokedEventArgs> handler)"
Dynamic,Method,"System.Void Windows.UI.Xaml.UIElement.remove_AccessKeyInvoked(System.Runtime.InteropServices.WindowsRuntime.EventRegistrationToken token)"
Dynamic,Method,"System.Void Windows.Foundation.TypedEventHandler<Windows.UI.Xaml.UIElement, Windows.UI.Xaml.Input.AccessKeyInvokedEventArgs>.Invoke(Windows.UI.Xaml.UIElement, Windows.UI.Xaml.Input.AccessKeyInvokedEventArgs)"
Dynamic,Method,"System.Runtime.InteropServices.WindowsRuntime.EventRegistrationToken Windows.UI.Xaml.UIElement.add_ContextCanceled(Windows.Foundation.TypedEventHandler<Windows.UI.Xaml.UIElement, Windows.UI.Xaml.RoutedEventArgs> handler)"
Dynamic,Method,"System.Void Windows.UI.Xaml.UIElement.remove_ContextCanceled(System.Runtime.InteropServices.WindowsRuntime.EventRegistrationToken token)"
Dynamic,Method,"System.Void Windows.Foundation.TypedEventHandler<Windows.UI.Xaml.UIElement, Windows.UI.Xaml.RoutedEventArgs>.Invoke(Windows.UI.Xaml.UIElement, Windows.UI.Xaml.RoutedEventArgs)"
Dynamic,Method,"System.Runtime.InteropServices.WindowsRuntime.EventRegistrationToken Windows.UI.Xaml.UIElement.add_ContextRequested(Windows.Foundation.TypedEventHandler<Windows.UI.Xaml.UIElement, Windows.UI.Xaml.Input.ContextRequestedEventArgs> handler)"
Dynamic,Method,"System.Void Windows.UI.Xaml.UIElement.remove_ContextRequested(System.Runtime.InteropServices.WindowsRuntime.EventRegistrationToken token)"
Dynamic,Method,"System.Void Windows.Foundation.TypedEventHandler<Windows.UI.Xaml.UIElement, Windows.UI.Xaml.Input.ContextRequestedEventArgs>.Invoke(Windows.UI.Xaml.UIElement, Windows.UI.Xaml.Input.ContextRequestedEventArgs)"
Dynamic,Method,"System.Runtime.InteropServices.WindowsRuntime.EventRegistrationToken Windows.UI.Xaml.UIElement.add_GettingFocus(Windows.Foundation.TypedEventHandler<Windows.UI.Xaml.UIElement, Windows.UI.Xaml.Input.GettingFocusEventArgs> handler)"
Dynamic,Method,"System.Void Windows.UI.Xaml.UIElement.remove_GettingFocus(System.Runtime.InteropServices.WindowsRuntime.EventRegistrationToken token)"
Dynamic,Method,"System.Void Windows.Foundation.TypedEventHandler<Windows.UI.Xaml.UIElement, Windows.UI.Xaml.Input.GettingFocusEventArgs>.Invoke(Windows.UI.Xaml.UIElement, Windows.UI.Xaml.Input.GettingFocusEventArgs)"
Dynamic,Method,"System.Runtime.InteropServices.WindowsRuntime.EventRegistrationToken Windows.UI.Xaml.UIElement.add_LosingFocus(Windows.Foundation.TypedEventHandler<Windows.UI.Xaml.UIElement, Windows.UI.Xaml.Input.LosingFocusEventArgs> handler)"
Dynamic,Method,"System.Void Windows.UI.Xaml.UIElement.remove_LosingFocus(System.Runtime.InteropServices.WindowsRuntime.EventRegistrationToken token)"
Dynamic,Method,"System.Void Windows.Foundation.TypedEventHandler<Windows.UI.Xaml.UIElement, Windows.UI.Xaml.Input.LosingFocusEventArgs>.Invoke(Windows.UI.Xaml.UIElement, Windows.UI.Xaml.Input.LosingFocusEventArgs)"
Dynamic,Method,"System.Runtime.InteropServices.WindowsRuntime.EventRegistrationToken Windows.UI.Xaml.UIElement.add_NoFocusCandidateFound(Windows.Foundation.TypedEventHandler<Windows.UI.Xaml.UIElement, Windows.UI.Xaml.Input.NoFocusCandidateFoundEventArgs> handler)"
Dynamic,Method,"System.Void Windows.UI.Xaml.UIElement.remove_NoFocusCandidateFound(System.Runtime.InteropServices.WindowsRuntime.EventRegistrationToken token)"
Dynamic,Method,"System.Void Windows.Foundation.TypedEventHandler<Windows.UI.Xaml.UIElement, Windows.UI.Xaml.Input.NoFocusCandidateFoundEventArgs>.Invoke(Windows.UI.Xaml.UIElement, Windows.UI.Xaml.Input.NoFocusCandidateFoundEventArgs)"
Dynamic,Method,"System.Runtime.InteropServices.WindowsRuntime.EventRegistrationToken Windows.UI.Xaml.UIElement.add_CharacterReceived(Windows.Foundation.TypedEventHandler<Windows.UI.Xaml.UIElement, Windows.UI.Xaml.Input.CharacterReceivedRoutedEventArgs> handler)"
Dynamic,Method,"System.Void Windows.UI.Xaml.UIElement.remove_CharacterReceived(System.Runtime.InteropServices.WindowsRuntime.EventRegistrationToken token)"
Dynamic,Method,"System.Void Windows.Foundation.TypedEventHandler<Windows.UI.Xaml.UIElement, Windows.UI.Xaml.Input.CharacterReceivedRoutedEventArgs>.Invoke(Windows.UI.Xaml.UIElement, Windows.UI.Xaml.Input.CharacterReceivedRoutedEventArgs)"
Dynamic,Method,"System.Runtime.InteropServices.WindowsRuntime.EventRegistrationToken Windows.UI.Xaml.UIElement.add_PreviewKeyDown(Windows.UI.Xaml.Input.KeyEventHandler handler)"
Dynamic,Method,"System.Void Windows.UI.Xaml.UIElement.remove_PreviewKeyDown(System.Runtime.InteropServices.WindowsRuntime.EventRegistrationToken token)"
Dynamic,Method,"System.Runtime.InteropServices.WindowsRuntime.EventRegistrationToken Windows.UI.Xaml.UIElement.add_PreviewKeyUp(Windows.UI.Xaml.Input.KeyEventHandler handler)"
Dynamic,Method,"System.Void Windows.UI.Xaml.UIElement.remove_PreviewKeyUp(System.Runtime.InteropServices.WindowsRuntime.EventRegistrationToken token)"
Dynamic,Method,"System.Runtime.InteropServices.WindowsRuntime.EventRegistrationToken Windows.UI.Xaml.UIElement.add_ProcessKeyboardAccelerators(Windows.Foundation.TypedEventHandler<Windows.UI.Xaml.UIElement, Windows.UI.Xaml.Input.ProcessKeyboardAcceleratorEventArgs> handler)"
Dynamic,Method,"System.Void Windows.UI.Xaml.UIElement.remove_ProcessKeyboardAccelerators(System.Runtime.InteropServices.WindowsRuntime.EventRegistrationToken token)"
Dynamic,Method,"System.Void Windows.Foundation.TypedEventHandler<Windows.UI.Xaml.UIElement, Windows.UI.Xaml.Input.ProcessKeyboardAcceleratorEventArgs>.Invoke(Windows.UI.Xaml.UIElement, Windows.UI.Xaml.Input.ProcessKeyboardAcceleratorEventArgs)"
Dynamic,Method,"System.Runtime.InteropServices.WindowsRuntime.EventRegistrationToken Windows.UI.Xaml.UIElement.add_BringIntoViewRequested(Windows.Foundation.TypedEventHandler<Windows.UI.Xaml.UIElement, Windows.UI.Xaml.BringIntoViewRequestedEventArgs> handler)"
Dynamic,Method,"System.Void Windows.UI.Xaml.UIElement.remove_BringIntoViewRequested(System.Runtime.InteropServices.WindowsRuntime.EventRegistrationToken token)"
Dynamic,Method,"System.Void Windows.Foundation.TypedEventHandler<Windows.UI.Xaml.UIElement, Windows.UI.Xaml.BringIntoViewRequestedEventArgs>.Invoke(Windows.UI.Xaml.UIElement, Windows.UI.Xaml.BringIntoViewRequestedEventArgs)"
Dynamic,Method,"System.Void System.Collections.IDictionary.Item.set(System.Object key, System.Object value)"
Dynamic,Method,"System.Void System.Collections.IDictionary.Add(System.Object key, System.Object value)"
Dynamic,Method,"System.Void System.Reflection.PropertyInfo.SetValue(System.Object obj, System.Object value)"
Dynamic,Method,"System.Void System.Reflection.FieldInfo.SetValue(System.Object obj, System.Object value)"
Dynamic,Method,"System.Void System.Runtime.Serialization.KeyValue<System.Object, System.Object>..ctor(System.Object, System.Object)"
Dynamic,Method,"System.Runtime.InteropServices.WindowsRuntime.EventRegistrationToken Windows.UI.Xaml.Application.add_Resuming(System.EventHandler<System.Object> handler)"
Dynamic,Method,"System.Void Windows.UI.Xaml.Application.remove_Resuming(System.Runtime.InteropServices.WindowsRuntime.EventRegistrationToken token)"
Dynamic,Method,"System.Runtime.InteropServices.WindowsRuntime.EventRegistrationToken Windows.UI.Xaml.Application.add_Suspending(Windows.UI.Xaml.SuspendingEventHandler handler)"
Dynamic,Method,"System.Void Windows.UI.Xaml.Application.remove_Suspending(System.Runtime.InteropServices.WindowsRuntime.EventRegistrationToken token)"
Dynamic,Method,"System.Void Windows.UI.Xaml.SuspendingEventHandler.Invoke(System.Object sender, Windows.ApplicationModel.SuspendingEventArgs e)"
Dynamic,Method,"System.Runtime.InteropServices.WindowsRuntime.EventRegistrationToken Windows.UI.Xaml.Application.add_UnhandledException(Windows.UI.Xaml.UnhandledExceptionEventHandler handler)"
Dynamic,Method,"System.Void Windows.UI.Xaml.Application.remove_UnhandledException(System.Runtime.InteropServices.WindowsRuntime.EventRegistrationToken token)"
Dynamic,Method,"System.Void Windows.UI.Xaml.UnhandledExceptionEventHandler.Invoke(System.Object sender, Windows.UI.Xaml.UnhandledExceptionEventArgs e)"
Dynamic,Method,"System.Runtime.InteropServices.WindowsRuntime.EventRegistrationToken Windows.UI.Xaml.Application.add_EnteredBackground(Windows.UI.Xaml.EnteredBackgroundEventHandler handler)"
Dynamic,Method,"System.Void Windows.UI.Xaml.Application.remove_EnteredBackground(System.Runtime.InteropServices.WindowsRuntime.EventRegistrationToken token)"
Dynamic,Method,"System.Void Windows.UI.Xaml.EnteredBackgroundEventHandler.Invoke(System.Object sender, Windows.ApplicationModel.EnteredBackgroundEventArgs e)"
Dynamic,Method,"System.Runtime.InteropServices.WindowsRuntime.EventRegistrationToken Windows.UI.Xaml.Application.add_LeavingBackground(Windows.UI.Xaml.LeavingBackgroundEventHandler handler)"
Dynamic,Method,"System.Void Windows.UI.Xaml.Application.remove_LeavingBackground(System.Runtime.InteropServices.WindowsRuntime.EventRegistrationToken token)"
Dynamic,Method,"System.Void Windows.UI.Xaml.LeavingBackgroundEventHandler.Invoke(System.Object sender, Windows.ApplicationModel.LeavingBackgroundEventArgs e)"
Dynamic,Method,"System.Void System.Collections.Generic.IDictionary<System.Object, System.Object>.Item.set(System.Object, System.Object)"
Dynamic,Method,"System.Void System.Collections.Generic.IDictionary<System.Object, System.Object>.Add(System.Object, System.Object)"
Dynamic,Method,"System.Void Windows.UI.Xaml.Controls.ContentControl.OnContentChanged(System.Object oldContent, System.Object newContent)"
Dynamic,Method,"System.Runtime.InteropServices.WindowsRuntime.EventRegistrationToken Windows.UI.Xaml.Controls.Primitives.ButtonBase.add_Click(Windows.UI.Xaml.RoutedEventHandler handler)"
Dynamic,Method,"System.Void Windows.UI.Xaml.Controls.Primitives.ButtonBase.remove_Click(System.Runtime.InteropServices.WindowsRuntime.EventRegistrationToken token)"
Dynamic,Method,"System.Runtime.InteropServices.WindowsRuntime.EventRegistrationToken Windows.UI.Xaml.Controls.TextBox.add_ContextMenuOpening(Windows.UI.Xaml.Controls.ContextMenuOpeningEventHandler handler)"
Dynamic,Method,"System.Void Windows.UI.Xaml.Controls.TextBox.remove_ContextMenuOpening(System.Runtime.InteropServices.WindowsRuntime.EventRegistrationToken token)"
Dynamic,Method,"System.Void Windows.UI.Xaml.Controls.ContextMenuOpeningEventHandler.Invoke(System.Object sender, Windows.UI.Xaml.Controls.ContextMenuEventArgs e)"
Dynamic,Method,"System.Runtime.InteropServices.WindowsRuntime.EventRegistrationToken Windows.UI.Xaml.Controls.TextBox.add_SelectionChanged(Windows.UI.Xaml.RoutedEventHandler handler)"
Dynamic,Method,"System.Void Windows.UI.Xaml.Controls.TextBox.remove_SelectionChanged(System.Runtime.InteropServices.WindowsRuntime.EventRegistrationToken token)"
Dynamic,Method,"System.Runtime.InteropServices.WindowsRuntime.EventRegistrationToken Windows.UI.Xaml.Controls.TextBox.add_TextChanged(Windows.UI.Xaml.Controls.TextChangedEventHandler handler)"
Dynamic,Method,"System.Void Windows.UI.Xaml.Controls.TextBox.remove_TextChanged(System.Runtime.InteropServices.WindowsRuntime.EventRegistrationToken token)"
Dynamic,Method,"System.Void Windows.UI.Xaml.Controls.TextChangedEventHandler.Invoke(System.Object sender, Windows.UI.Xaml.Controls.TextChangedEventArgs e)"
Dynamic,Method,"System.Runtime.InteropServices.WindowsRuntime.EventRegistrationToken Windows.UI.Xaml.Controls.TextBox.add_Paste(Windows.UI.Xaml.Controls.TextControlPasteEventHandler handler)"
Dynamic,Method,"System.Void Windows.UI.Xaml.Controls.TextBox.remove_Paste(System.Runtime.InteropServices.WindowsRuntime.EventRegistrationToken token)"
Dynamic,Method,"System.Void Windows.UI.Xaml.Controls.TextControlPasteEventHandler.Invoke(System.Object sender, Windows.UI.Xaml.Controls.TextControlPasteEventArgs e)"
Dynamic,Method,"System.Runtime.InteropServices.WindowsRuntime.EventRegistrationToken Windows.UI.Xaml.Controls.TextBox.add_CandidateWindowBoundsChanged(Windows.Foundation.TypedEventHandler<Windows.UI.Xaml.Controls.TextBox, Windows.UI.Xaml.Controls.CandidateWindowBoundsChangedEventArgs> handler)"
Dynamic,Method,"System.Void Windows.UI.Xaml.Controls.TextBox.remove_CandidateWindowBoundsChanged(System.Runtime.InteropServices.WindowsRuntime.EventRegistrationToken token)"
Dynamic,Method,"System.Void Windows.Foundation.TypedEventHandler<Windows.UI.Xaml.Controls.TextBox, Windows.UI.Xaml.Controls.CandidateWindowBoundsChangedEventArgs>.Invoke(Windows.UI.Xaml.Controls.TextBox, Windows.UI.Xaml.Controls.CandidateWindowBoundsChangedEventArgs)"
Dynamic,Method,"System.Runtime.InteropServices.WindowsRuntime.EventRegistrationToken Windows.UI.Xaml.Controls.TextBox.add_TextChanging(Windows.Foundation.TypedEventHandler<Windows.UI.Xaml.Controls.TextBox, Windows.UI.Xaml.Controls.TextBoxTextChangingEventArgs> handler)"
Dynamic,Method,"System.Void Windows.UI.Xaml.Controls.TextBox.remove_TextChanging(System.Runtime.InteropServices.WindowsRuntime.EventRegistrationToken token)"
Dynamic,Method,"System.Void Windows.Foundation.TypedEventHandler<Windows.UI.Xaml.Controls.TextBox, Windows.UI.Xaml.Controls.TextBoxTextChangingEventArgs>.Invoke(Windows.UI.Xaml.Controls.TextBox, Windows.UI.Xaml.Controls.TextBoxTextChangingEventArgs)"
Dynamic,Method,"System.Runtime.InteropServices.WindowsRuntime.EventRegistrationToken Windows.UI.Xaml.Controls.TextBox.add_TextCompositionChanged(Windows.Foundation.TypedEventHandler<Windows.UI.Xaml.Controls.TextBox, Windows.UI.Xaml.Controls.TextCompositionChangedEventArgs> handler)"
Dynamic,Method,"System.Void Windows.UI.Xaml.Controls.TextBox.remove_TextCompositionChanged(System.Runtime.InteropServices.WindowsRuntime.EventRegistrationToken token)"
Dynamic,Method,"System.Void Windows.Foundation.TypedEventHandler<Windows.UI.Xaml.Controls.TextBox, Windows.UI.Xaml.Controls.TextCompositionChangedEventArgs>.Invoke(Windows.UI.Xaml.Controls.TextBox, Windows.UI.Xaml.Controls.TextCompositionChangedEventArgs)"
Dynamic,Method,"System.Runtime.InteropServices.WindowsRuntime.EventRegistrationToken Windows.UI.Xaml.Controls.TextBox.add_TextCompositionEnded(Windows.Foundation.TypedEventHandler<Windows.UI.Xaml.Controls.TextBox, Windows.UI.Xaml.Controls.TextCompositionEndedEventArgs> handler)"
Dynamic,Method,"System.Void Windows.UI.Xaml.Controls.TextBox.remove_TextCompositionEnded(System.Runtime.InteropServices.WindowsRuntime.EventRegistrationToken token)"
Dynamic,Method,"System.Void Windows.Foundation.TypedEventHandler<Windows.UI.Xaml.Controls.TextBox, Windows.UI.Xaml.Controls.TextCompositionEndedEventArgs>.Invoke(Windows.UI.Xaml.Controls.TextBox, Windows.UI.Xaml.Controls.TextCompositionEndedEventArgs)"
Dynamic,Method,"System.Runtime.InteropServices.WindowsRuntime.EventRegistrationToken Windows.UI.Xaml.Controls.TextBox.add_TextCompositionStarted(Windows.Foundation.TypedEventHandler<Windows.UI.Xaml.Controls.TextBox, Windows.UI.Xaml.Controls.TextCompositionStartedEventArgs> handler)"
Dynamic,Method,"System.Void Windows.UI.Xaml.Controls.TextBox.remove_TextCompositionStarted(System.Runtime.InteropServices.WindowsRuntime.EventRegistrationToken token)"
Dynamic,Method,"System.Void Windows.Foundation.TypedEventHandler<Windows.UI.Xaml.Controls.TextBox, Windows.UI.Xaml.Controls.TextCompositionStartedEventArgs>.Invoke(Windows.UI.Xaml.Controls.TextBox, Windows.UI.Xaml.Controls.TextCompositionStartedEventArgs)"
Dynamic,Method,"System.Runtime.InteropServices.WindowsRuntime.EventRegistrationToken Windows.UI.Xaml.Controls.TextBox.add_BeforeTextChanging(Windows.Foundation.TypedEventHandler<Windows.UI.Xaml.Controls.TextBox, Windows.UI.Xaml.Controls.TextBoxBeforeTextChangingEventArgs> handler)"
Dynamic,Method,"System.Void Windows.UI.Xaml.Controls.TextBox.remove_BeforeTextChanging(System.Runtime.InteropServices.WindowsRuntime.EventRegistrationToken token)"
Dynamic,Method,"System.Void Windows.Foundation.TypedEventHandler<Windows.UI.Xaml.Controls.TextBox, Windows.UI.Xaml.Controls.TextBoxBeforeTextChangingEventArgs>.Invoke(Windows.UI.Xaml.Controls.TextBox, Windows.UI.Xaml.Controls.TextBoxBeforeTextChangingEventArgs)"
Dynamic,Method,"System.Runtime.InteropServices.WindowsRuntime.EventRegistrationToken Windows.UI.Xaml.Controls.TextBox.add_CopyingToClipboard(Windows.Foundation.TypedEventHandler<Windows.UI.Xaml.Controls.TextBox, Windows.UI.Xaml.Controls.TextControlCopyingToClipboardEventArgs> handler)"
Dynamic,Method,"System.Void Windows.UI.Xaml.Controls.TextBox.remove_CopyingToClipboard(System.Runtime.InteropServices.WindowsRuntime.EventRegistrationToken token)"
Dynamic,Method,"System.Void Windows.Foundation.TypedEventHandler<Windows.UI.Xaml.Controls.TextBox, Windows.UI.Xaml.Controls.TextControlCopyingToClipboardEventArgs>.Invoke(Windows.UI.Xaml.Controls.TextBox, Windows.UI.Xaml.Controls.TextControlCopyingToClipboardEventArgs)"
Dynamic,Method,"System.Runtime.InteropServices.WindowsRuntime.EventRegistrationToken Windows.UI.Xaml.Controls.TextBox.add_CuttingToClipboard(Windows.Foundation.TypedEventHandler<Windows.UI.Xaml.Controls.TextBox, Windows.UI.Xaml.Controls.TextControlCuttingToClipboardEventArgs> handler)"
Dynamic,Method,"System.Void Windows.UI.Xaml.Controls.TextBox.remove_CuttingToClipboard(System.Runtime.InteropServices.WindowsRuntime.EventRegistrationToken token)"
Dynamic,Method,"System.Void Windows.Foundation.TypedEventHandler<Windows.UI.Xaml.Controls.TextBox, Windows.UI.Xaml.Controls.TextControlCuttingToClipboardEventArgs>.Invoke(Windows.UI.Xaml.Controls.TextBox, Windows.UI.Xaml.Controls.TextControlCuttingToClipboardEventArgs)"
Dynamic,Method,"System.Runtime.InteropServices.WindowsRuntime.EventRegistrationToken Windows.UI.Xaml.Controls.TextBox.add_SelectionChanging(Windows.Foundation.TypedEventHandler<Windows.UI.Xaml.Controls.TextBox, Windows.UI.Xaml.Controls.TextBoxSelectionChangingEventArgs> handler)"
Dynamic,Method,"System.Void Windows.UI.Xaml.Controls.TextBox.remove_SelectionChanging(System.Runtime.InteropServices.WindowsRuntime.EventRegistrationToken token)"
Dynamic,Method,"System.Void Windows.Foundation.TypedEventHandler<Windows.UI.Xaml.Controls.TextBox, Windows.UI.Xaml.Controls.TextBoxSelectionChangingEventArgs>.Invoke(Windows.UI.Xaml.Controls.TextBox, Windows.UI.Xaml.Controls.TextBoxSelectionChangingEventArgs)"
Dynamic,Method,"System.Runtime.InteropServices.WindowsRuntime.EventRegistrationToken Windows.UI.Xaml.Controls.AppBar.add_Closed(System.EventHandler<System.Object> handler)"
Dynamic,Method,"System.Void Windows.UI.Xaml.Controls.AppBar.remove_Closed(System.Runtime.InteropServices.WindowsRuntime.EventRegistrationToken token)"
Dynamic,Method,"System.Runtime.InteropServices.WindowsRuntime.EventRegistrationToken Windows.UI.Xaml.Controls.AppBar.add_Opened(System.EventHandler<System.Object> handler)"
Dynamic,Method,"System.Void Windows.UI.Xaml.Controls.AppBar.remove_Opened(System.Runtime.InteropServices.WindowsRuntime.EventRegistrationToken token)"
Dynamic,Method,"System.Runtime.InteropServices.WindowsRuntime.EventRegistrationToken Windows.UI.Xaml.Controls.AppBar.add_Closing(System.EventHandler<System.Object> handler)"
Dynamic,Method,"System.Void Windows.UI.Xaml.Controls.AppBar.remove_Closing(System.Runtime.InteropServices.WindowsRuntime.EventRegistrationToken token)"
Dynamic,Method,"System.Runtime.InteropServices.WindowsRuntime.EventRegistrationToken Windows.UI.Xaml.Controls.AppBar.add_Opening(System.EventHandler<System.Object> handler)"
Dynamic,Method,"System.Void Windows.UI.Xaml.Controls.AppBar.remove_Opening(System.Runtime.InteropServices.WindowsRuntime.EventRegistrationToken token)"
Dynamic,Method,"System.Runtime.InteropServices.WindowsRuntime.EventRegistrationToken Windows.UI.Xaml.Controls.ScrollViewer.add_ViewChanged(System.EventHandler<Windows.UI.Xaml.Controls.ScrollViewerViewChangedEventArgs> handler)"
Dynamic,Method,"System.Void Windows.UI.Xaml.Controls.ScrollViewer.remove_ViewChanged(System.Runtime.InteropServices.WindowsRuntime.EventRegistrationToken token)"
Dynamic,Method,"System.Void System.EventHandler<Windows.UI.Xaml.Controls.ScrollViewerViewChangedEventArgs>.Invoke(System.Object, Windows.UI.Xaml.Controls.ScrollViewerViewChangedEventArgs)"
Dynamic,Method,"System.Runtime.InteropServices.WindowsRuntime.EventRegistrationToken Windows.UI.Xaml.Controls.ScrollViewer.add_ViewChanging(System.EventHandler<Windows.UI.Xaml.Controls.ScrollViewerViewChangingEventArgs> handler)"
Dynamic,Method,"System.Void Windows.UI.Xaml.Controls.ScrollViewer.remove_ViewChanging(System.Runtime.InteropServices.WindowsRuntime.EventRegistrationToken token)"
Dynamic,Method,"System.Void System.EventHandler<Windows.UI.Xaml.Controls.ScrollViewerViewChangingEventArgs>.Invoke(System.Object, Windows.UI.Xaml.Controls.ScrollViewerViewChangingEventArgs)"
Dynamic,Method,"System.Runtime.InteropServices.WindowsRuntime.EventRegistrationToken Windows.UI.Xaml.Controls.ScrollViewer.add_DirectManipulationCompleted(System.EventHandler<System.Object> handler)"
Dynamic,Method,"System.Void Windows.UI.Xaml.Controls.ScrollViewer.remove_DirectManipulationCompleted(System.Runtime.InteropServices.WindowsRuntime.EventRegistrationToken token)"
Dynamic,Method,"System.Runtime.InteropServices.WindowsRuntime.EventRegistrationToken Windows.UI.Xaml.Controls.ScrollViewer.add_DirectManipulationStarted(System.EventHandler<System.Object> handler)"
Dynamic,Method,"System.Void Windows.UI.Xaml.Controls.ScrollViewer.remove_DirectManipulationStarted(System.Runtime.InteropServices.WindowsRuntime.EventRegistrationToken token)"
Dynamic,Method,"System.Runtime.InteropServices.WindowsRuntime.EventRegistrationToken Windows.UI.Xaml.Controls.ScrollViewer.add_AnchorRequested(Windows.Foundation.TypedEventHandler<Windows.UI.Xaml.Controls.ScrollViewer, Windows.UI.Xaml.Controls.AnchorRequestedEventArgs> handler)"
Dynamic,Method,"System.Void Windows.UI.Xaml.Controls.ScrollViewer.remove_AnchorRequested(System.Runtime.InteropServices.WindowsRuntime.EventRegistrationToken token)"
Dynamic,Method,"System.Void Windows.Foundation.TypedEventHandler<Windows.UI.Xaml.Controls.ScrollViewer, Windows.UI.Xaml.Controls.AnchorRequestedEventArgs>.Invoke(Windows.UI.Xaml.Controls.ScrollViewer, Windows.UI.Xaml.Controls.AnchorRequestedEventArgs)"
Dynamic,Method,"System.Runtime.InteropServices.WindowsRuntime.EventRegistrationToken Windows.UI.Xaml.Controls.StackPanel.add_HorizontalSnapPointsChanged(System.EventHandler<System.Object> handler)"
Dynamic,Method,"System.Void Windows.UI.Xaml.Controls.StackPanel.remove_HorizontalSnapPointsChanged(System.Runtime.InteropServices.WindowsRuntime.EventRegistrationToken token)"
Dynamic,Method,"System.Runtime.InteropServices.WindowsRuntime.EventRegistrationToken Windows.UI.Xaml.Controls.StackPanel.add_VerticalSnapPointsChanged(System.EventHandler<System.Object> handler)"
Dynamic,Method,"System.Void Windows.UI.Xaml.Controls.StackPanel.remove_VerticalSnapPointsChanged(System.Runtime.InteropServices.WindowsRuntime.EventRegistrationToken token)"
Dynamic,Method,"System.Runtime.InteropServices.WindowsRuntime.EventRegistrationToken Windows.UI.Xaml.Controls.TextBlock.add_ContextMenuOpening(Windows.UI.Xaml.Controls.ContextMenuOpeningEventHandler handler)"
Dynamic,Method,"System.Void Windows.UI.Xaml.Controls.TextBlock.remove_ContextMenuOpening(System.Runtime.InteropServices.WindowsRuntime.EventRegistrationToken token)"
Dynamic,Method,"System.Runtime.InteropServices.WindowsRuntime.EventRegistrationToken Windows.UI.Xaml.Controls.TextBlock.add_SelectionChanged(Windows.UI.Xaml.RoutedEventHandler handler)"
Dynamic,Method,"System.Void Windows.UI.Xaml.Controls.TextBlock.remove_SelectionChanged(System.Runtime.InteropServices.WindowsRuntime.EventRegistrationToken token)"
Dynamic,Method,"System.Runtime.InteropServices.WindowsRuntime.EventRegistrationToken Windows.UI.Xaml.Controls.TextBlock.add_IsTextTrimmedChanged(Windows.Foundation.TypedEventHandler<Windows.UI.Xaml.Controls.TextBlock, Windows.UI.Xaml.Controls.IsTextTrimmedChangedEventArgs> handler)"
Dynamic,Method,"System.Void Windows.UI.Xaml.Controls.TextBlock.remove_IsTextTrimmedChanged(System.Runtime.InteropServices.WindowsRuntime.EventRegistrationToken token)"
Dynamic,Method,"System.Void Windows.Foundation.TypedEventHandler<Windows.UI.Xaml.Controls.TextBlock, Windows.UI.Xaml.Controls.IsTextTrimmedChangedEventArgs>.Invoke(Windows.UI.Xaml.Controls.TextBlock, Windows.UI.Xaml.Controls.IsTextTrimmedChangedEventArgs)"
Dynamic,Method,"System.Runtime.InteropServices.WindowsRuntime.EventRegistrationToken Windows.UI.Xaml.Controls.ListViewBase.add_DragItemsStarting(Windows.UI.Xaml.Controls.DragItemsStartingEventHandler handler)"
Dynamic,Method,"System.Void Windows.UI.Xaml.Controls.ListViewBase.remove_DragItemsStarting(System.Runtime.InteropServices.WindowsRuntime.EventRegistrationToken token)"
Dynamic,Method,"System.Void Windows.UI.Xaml.Controls.DragItemsStartingEventHandler.Invoke(System.Object sender, Windows.UI.Xaml.Controls.DragItemsStartingEventArgs e)"
Dynamic,Method,"System.Runtime.InteropServices.WindowsRuntime.EventRegistrationToken Windows.UI.Xaml.Controls.ListViewBase.add_ItemClick(Windows.UI.Xaml.Controls.ItemClickEventHandler handler)"
Dynamic,Method,"System.Void Windows.UI.Xaml.Controls.ListViewBase.remove_ItemClick(System.Runtime.InteropServices.WindowsRuntime.EventRegistrationToken token)"
Dynamic,Method,"System.Void Windows.UI.Xaml.Controls.ItemClickEventHandler.Invoke(System.Object sender, Windows.UI.Xaml.Controls.ItemClickEventArgs e)"
Dynamic,Method,"System.Runtime.InteropServices.WindowsRuntime.EventRegistrationToken Windows.UI.Xaml.Controls.ListViewBase.add_ContainerContentChanging(Windows.Foundation.TypedEventHandler<Windows.UI.Xaml.Controls.ListViewBase, Windows.UI.Xaml.Controls.ContainerContentChangingEventArgs> handler)"
Dynamic,Method,"System.Void Windows.UI.Xaml.Controls.ListViewBase.remove_ContainerContentChanging(System.Runtime.InteropServices.WindowsRuntime.EventRegistrationToken token)"
Dynamic,Method,"System.Void Windows.Foundation.TypedEventHandler<Windows.UI.Xaml.Controls.ListViewBase, Windows.UI.Xaml.Controls.ContainerContentChangingEventArgs>.Invoke(Windows.UI.Xaml.Controls.ListViewBase, Windows.UI.Xaml.Controls.ContainerContentChangingEventArgs)"
Dynamic,Method,"System.Runtime.InteropServices.WindowsRuntime.EventRegistrationToken Windows.UI.Xaml.Controls.ListViewBase.add_ChoosingGroupHeaderContainer(Windows.Foundation.TypedEventHandler<Windows.UI.Xaml.Controls.ListViewBase, Windows.UI.Xaml.Controls.ChoosingGroupHeaderContainerEventArgs> handler)"
Dynamic,Method,"System.Void Windows.UI.Xaml.Controls.ListViewBase.remove_ChoosingGroupHeaderContainer(System.Runtime.InteropServices.WindowsRuntime.EventRegistrationToken token)"
Dynamic,Method,"System.Void Windows.Foundation.TypedEventHandler<Windows.UI.Xaml.Controls.ListViewBase, Windows.UI.Xaml.Controls.ChoosingGroupHeaderContainerEventArgs>.Invoke(Windows.UI.Xaml.Controls.ListViewBase, Windows.UI.Xaml.Controls.ChoosingGroupHeaderContainerEventArgs)"
Dynamic,Method,"System.Runtime.InteropServices.WindowsRuntime.EventRegistrationToken Windows.UI.Xaml.Controls.ListViewBase.add_ChoosingItemContainer(Windows.Foundation.TypedEventHandler<Windows.UI.Xaml.Controls.ListViewBase, Windows.UI.Xaml.Controls.ChoosingItemContainerEventArgs> handler)"
Dynamic,Method,"System.Void Windows.UI.Xaml.Controls.ListViewBase.remove_ChoosingItemContainer(System.Runtime.InteropServices.WindowsRuntime.EventRegistrationToken token)"
Dynamic,Method,"System.Void Windows.Foundation.TypedEventHandler<Windows.UI.Xaml.Controls.ListViewBase, Windows.UI.Xaml.Controls.ChoosingItemContainerEventArgs>.Invoke(Windows.UI.Xaml.Controls.ListViewBase, Windows.UI.Xaml.Controls.ChoosingItemContainerEventArgs)"
Dynamic,Method,"System.Runtime.InteropServices.WindowsRuntime.EventRegistrationToken Windows.UI.Xaml.Controls.ListViewBase.add_DragItemsCompleted(Windows.Foundation.TypedEventHandler<Windows.UI.Xaml.Controls.ListViewBase, Windows.UI.Xaml.Controls.DragItemsCompletedEventArgs> handler)"
Dynamic,Method,"System.Void Windows.UI.Xaml.Controls.ListViewBase.remove_DragItemsCompleted(System.Runtime.InteropServices.WindowsRuntime.EventRegistrationToken token)"
Dynamic,Method,"System.Void Windows.Foundation.TypedEventHandler<Windows.UI.Xaml.Controls.ListViewBase, Windows.UI.Xaml.Controls.DragItemsCompletedEventArgs>.Invoke(Windows.UI.Xaml.Controls.ListViewBase, Windows.UI.Xaml.Controls.DragItemsCompletedEventArgs)"
Dynamic,Method,"System.Runtime.InteropServices.WindowsRuntime.EventRegistrationToken Windows.UI.Xaml.Controls.Primitives.Selector.add_SelectionChanged(Windows.UI.Xaml.Controls.SelectionChangedEventHandler handler)"
Dynamic,Method,"System.Void Windows.UI.Xaml.Controls.Primitives.Selector.remove_SelectionChanged(System.Runtime.InteropServices.WindowsRuntime.EventRegistrationToken token)"
Dynamic,Method,"System.Void Windows.UI.Xaml.Controls.SelectionChangedEventHandler.Invoke(System.Object sender, Windows.UI.Xaml.Controls.SelectionChangedEventArgs e)"
Dynamic,Method,"System.Void Windows.UI.Xaml.Controls.ItemsControl.ClearContainerForItemOverride(Windows.UI.Xaml.DependencyObject element, System.Object item)"
Dynamic,Method,"System.Void Windows.UI.Xaml.Controls.ItemsControl.PrepareContainerForItemOverride(Windows.UI.Xaml.DependencyObject element, System.Object item)"
Dynamic,Method,"System.Runtime.InteropServices.WindowsRuntime.EventRegistrationToken Windows.UI.Xaml.Controls.Primitives.OrientedVirtualizingPanel.add_HorizontalSnapPointsChanged(System.EventHandler<System.Object> handler)"
Dynamic,Method,"System.Void Windows.UI.Xaml.Controls.Primitives.OrientedVirtualizingPanel.remove_HorizontalSnapPointsChanged(System.Runtime.InteropServices.WindowsRuntime.EventRegistrationToken token)"
Dynamic,Method,"System.Runtime.InteropServices.WindowsRuntime.EventRegistrationToken Windows.UI.Xaml.Controls.Primitives.OrientedVirtualizingPanel.add_VerticalSnapPointsChanged(System.EventHandler<System.Object> handler)"
Dynamic,Method,"System.Void Windows.UI.Xaml.Controls.Primitives.OrientedVirtualizingPanel.remove_VerticalSnapPointsChanged(System.Runtime.InteropServices.WindowsRuntime.EventRegistrationToken token)"
Dynamic,Method,"System.Runtime.InteropServices.WindowsRuntime.EventRegistrationToken Windows.UI.Xaml.Controls.Image.add_ImageFailed(Windows.UI.Xaml.ExceptionRoutedEventHandler handler)"
Dynamic,Method,"System.Void Windows.UI.Xaml.Controls.Image.remove_ImageFailed(System.Runtime.InteropServices.WindowsRuntime.EventRegistrationToken token)"
Dynamic,Method,"System.Void Windows.UI.Xaml.ExceptionRoutedEventHandler.Invoke(System.Object sender, Windows.UI.Xaml.ExceptionRoutedEventArgs e)"
Dynamic,Method,"System.Runtime.InteropServices.WindowsRuntime.EventRegistrationToken Windows.UI.Xaml.Controls.Image.add_ImageOpened(Windows.UI.Xaml.RoutedEventHandler handler)"
Dynamic,Method,"System.Void Windows.UI.Xaml.Controls.Image.remove_ImageOpened(System.Runtime.InteropServices.WindowsRuntime.EventRegistrationToken token)"
Dynamic,Method,"System.Runtime.InteropServices.WindowsRuntime.EventRegistrationToken Windows.UI.Xaml.Controls.RichTextBlock.add_ContextMenuOpening(Windows.UI.Xaml.Controls.ContextMenuOpeningEventHandler handler)"
Dynamic,Method,"System.Void Windows.UI.Xaml.Controls.RichTextBlock.remove_ContextMenuOpening(System.Runtime.InteropServices.WindowsRuntime.EventRegistrationToken token)"
Dynamic,Method,"System.Runtime.InteropServices.WindowsRuntime.EventRegistrationToken Windows.UI.Xaml.Controls.RichTextBlock.add_SelectionChanged(Windows.UI.Xaml.RoutedEventHandler handler)"
Dynamic,Method,"System.Void Windows.UI.Xaml.Controls.RichTextBlock.remove_SelectionChanged(System.Runtime.InteropServices.WindowsRuntime.EventRegistrationToken token)"
Dynamic,Method,"System.Runtime.InteropServices.WindowsRuntime.EventRegistrationToken Windows.UI.Xaml.Controls.RichTextBlock.add_IsTextTrimmedChanged(Windows.Foundation.TypedEventHandler<Windows.UI.Xaml.Controls.RichTextBlock, Windows.UI.Xaml.Controls.IsTextTrimmedChangedEventArgs> handler)"
Dynamic,Method,"System.Void Windows.UI.Xaml.Controls.RichTextBlock.remove_IsTextTrimmedChanged(System.Runtime.InteropServices.WindowsRuntime.EventRegistrationToken token)"
Dynamic,Method,"System.Void Windows.Foundation.TypedEventHandler<Windows.UI.Xaml.Controls.RichTextBlock, Windows.UI.Xaml.Controls.IsTextTrimmedChangedEventArgs>.Invoke(Windows.UI.Xaml.Controls.RichTextBlock, Windows.UI.Xaml.Controls.IsTextTrimmedChangedEventArgs)"
Dynamic,Method,"System.Runtime.InteropServices.WindowsRuntime.EventRegistrationToken Windows.UI.Xaml.Controls.CommandBar.add_DynamicOverflowItemsChanging(Windows.Foundation.TypedEventHandler<Windows.UI.Xaml.Controls.CommandBar, Windows.UI.Xaml.Controls.DynamicOverflowItemsChangingEventArgs> handler)"
Dynamic,Method,"System.Void Windows.UI.Xaml.Controls.CommandBar.remove_DynamicOverflowItemsChanging(System.Runtime.InteropServices.WindowsRuntime.EventRegistrationToken token)"
Dynamic,Method,"System.Void Windows.Foundation.TypedEventHandler<Windows.UI.Xaml.Controls.CommandBar, Windows.UI.Xaml.Controls.DynamicOverflowItemsChangingEventArgs>.Invoke(Windows.UI.Xaml.Controls.CommandBar, Windows.UI.Xaml.Controls.DynamicOverflowItemsChangingEventArgs)"
Dynamic,Method,"System.Runtime.InteropServices.WindowsRuntime.EventRegistrationToken Windows.UI.Xaml.Controls.ContentDialog.add_Closed(Windows.Foundation.TypedEventHandler<Windows.UI.Xaml.Controls.ContentDialog, Windows.UI.Xaml.Controls.ContentDialogClosedEventArgs> handler)"
Dynamic,Method,"System.Void Windows.UI.Xaml.Controls.ContentDialog.remove_Closed(System.Runtime.InteropServices.WindowsRuntime.EventRegistrationToken token)"
Dynamic,Method,"System.Void Windows.Foundation.TypedEventHandler<Windows.UI.Xaml.Controls.ContentDialog, Windows.UI.Xaml.Controls.ContentDialogClosedEventArgs>.Invoke(Windows.UI.Xaml.Controls.ContentDialog, Windows.UI.Xaml.Controls.ContentDialogClosedEventArgs)"
Dynamic,Method,"System.Runtime.InteropServices.WindowsRuntime.EventRegistrationToken Windows.UI.Xaml.Controls.ContentDialog.add_Closing(Windows.Foundation.TypedEventHandler<Windows.UI.Xaml.Controls.ContentDialog, Windows.UI.Xaml.Controls.ContentDialogClosingEventArgs> handler)"
Dynamic,Method,"System.Void Windows.UI.Xaml.Controls.ContentDialog.remove_Closing(System.Runtime.InteropServices.WindowsRuntime.EventRegistrationToken token)"
Dynamic,Method,"System.Void Windows.Foundation.TypedEventHandler<Windows.UI.Xaml.Controls.ContentDialog, Windows.UI.Xaml.Controls.ContentDialogClosingEventArgs>.Invoke(Windows.UI.Xaml.Controls.ContentDialog, Windows.UI.Xaml.Controls.ContentDialogClosingEventArgs)"
Dynamic,Method,"System.Runtime.InteropServices.WindowsRuntime.EventRegistrationToken Windows.UI.Xaml.Controls.ContentDialog.add_Opened(Windows.Foundation.TypedEventHandler<Windows.UI.Xaml.Controls.ContentDialog, Windows.UI.Xaml.Controls.ContentDialogOpenedEventArgs> handler)"
Dynamic,Method,"System.Void Windows.UI.Xaml.Controls.ContentDialog.remove_Opened(System.Runtime.InteropServices.WindowsRuntime.EventRegistrationToken token)"
Dynamic,Method,"System.Void Windows.Foundation.TypedEventHandler<Windows.UI.Xaml.Controls.ContentDialog, Windows.UI.Xaml.Controls.ContentDialogOpenedEventArgs>.Invoke(Windows.UI.Xaml.Controls.ContentDialog, Windows.UI.Xaml.Controls.ContentDialogOpenedEventArgs)"
Dynamic,Method,"System.Runtime.InteropServices.WindowsRuntime.EventRegistrationToken Windows.UI.Xaml.Controls.ContentDialog.add_PrimaryButtonClick(Windows.Foundation.TypedEventHandler<Windows.UI.Xaml.Controls.ContentDialog, Windows.UI.Xaml.Controls.ContentDialogButtonClickEventArgs> handler)"
Dynamic,Method,"System.Void Windows.UI.Xaml.Controls.ContentDialog.remove_PrimaryButtonClick(System.Runtime.InteropServices.WindowsRuntime.EventRegistrationToken token)"
Dynamic,Method,"System.Void Windows.Foundation.TypedEventHandler<Windows.UI.Xaml.Controls.ContentDialog, Windows.UI.Xaml.Controls.ContentDialogButtonClickEventArgs>.Invoke(Windows.UI.Xaml.Controls.ContentDialog, Windows.UI.Xaml.Controls.ContentDialogButtonClickEventArgs)"
Dynamic,Method,"System.Runtime.InteropServices.WindowsRuntime.EventRegistrationToken Windows.UI.Xaml.Controls.ContentDialog.add_SecondaryButtonClick(Windows.Foundation.TypedEventHandler<Windows.UI.Xaml.Controls.ContentDialog, Windows.UI.Xaml.Controls.ContentDialogButtonClickEventArgs> handler)"
Dynamic,Method,"System.Void Windows.UI.Xaml.Controls.ContentDialog.remove_SecondaryButtonClick(System.Runtime.InteropServices.WindowsRuntime.EventRegistrationToken token)"
Dynamic,Method,"System.Runtime.InteropServices.WindowsRuntime.EventRegistrationToken Windows.UI.Xaml.Controls.ContentDialog.add_CloseButtonClick(Windows.Foundation.TypedEventHandler<Windows.UI.Xaml.Controls.ContentDialog, Windows.UI.Xaml.Controls.ContentDialogButtonClickEventArgs> handler)"
Dynamic,Method,"System.Void Windows.UI.Xaml.Controls.ContentDialog.remove_CloseButtonClick(System.Runtime.InteropServices.WindowsRuntime.EventRegistrationToken token)"
Dynamic,Method,"System.Runtime.InteropServices.WindowsRuntime.EventRegistrationToken Windows.UI.Xaml.Controls.PasswordBox.add_ContextMenuOpening(Windows.UI.Xaml.Controls.ContextMenuOpeningEventHandler handler)"
Dynamic,Method,"System.Void Windows.UI.Xaml.Controls.PasswordBox.remove_ContextMenuOpening(System.Runtime.InteropServices.WindowsRuntime.EventRegistrationToken token)"
Dynamic,Method,"System.Runtime.InteropServices.WindowsRuntime.EventRegistrationToken Windows.UI.Xaml.Controls.PasswordBox.add_PasswordChanged(Windows.UI.Xaml.RoutedEventHandler handler)"
Dynamic,Method,"System.Void Windows.UI.Xaml.Controls.PasswordBox.remove_PasswordChanged(System.Runtime.InteropServices.WindowsRuntime.EventRegistrationToken token)"
Dynamic,Method,"System.Runtime.InteropServices.WindowsRuntime.EventRegistrationToken Windows.UI.Xaml.Controls.PasswordBox.add_Paste(Windows.UI.Xaml.Controls.TextControlPasteEventHandler handler)"
Dynamic,Method,"System.Void Windows.UI.Xaml.Controls.PasswordBox.remove_Paste(System.Runtime.InteropServices.WindowsRuntime.EventRegistrationToken token)"
Dynamic,Method,"System.Runtime.InteropServices.WindowsRuntime.EventRegistrationToken Windows.UI.Xaml.Controls.PasswordBox.add_PasswordChanging(Windows.Foundation.TypedEventHandler<Windows.UI.Xaml.Controls.PasswordBox, Windows.UI.Xaml.Controls.PasswordBoxPasswordChangingEventArgs> handler)"
Dynamic,Method,"System.Void Windows.UI.Xaml.Controls.PasswordBox.remove_PasswordChanging(System.Runtime.InteropServices.WindowsRuntime.EventRegistrationToken token)"
Dynamic,Method,"System.Void Windows.Foundation.TypedEventHandler<Windows.UI.Xaml.Controls.PasswordBox, Windows.UI.Xaml.Controls.PasswordBoxPasswordChangingEventArgs>.Invoke(Windows.UI.Xaml.Controls.PasswordBox, Windows.UI.Xaml.Controls.PasswordBoxPasswordChangingEventArgs)"
Dynamic,Method,"System.Runtime.InteropServices.WindowsRuntime.EventRegistrationToken Windows.UI.Xaml.Controls.ItemCollection.add_VectorChanged(Windows.Foundation.Collections.VectorChangedEventHandler<System.Object> vhnd)"
Dynamic,Method,"System.Void Windows.UI.Xaml.Controls.ItemCollection.remove_VectorChanged(System.Runtime.InteropServices.WindowsRuntime.EventRegistrationToken token)"
Dynamic,Method,"System.Void Windows.Foundation.Collections.VectorChangedEventHandler<System.Object>.Invoke(Windows.Foundation.Collections.IObservableVector<System.Object>, Windows.Foundation.Collections.IVectorChangedEventArgs)"
Dynamic,Method,"System.Runtime.InteropServices.WindowsRuntime.EventRegistrationToken Windows.UI.Xaml.Controls.ComboBox.add_DropDownClosed(System.EventHandler<System.Object> handler)"
Dynamic,Method,"System.Void Windows.UI.Xaml.Controls.ComboBox.remove_DropDownClosed(System.Runtime.InteropServices.WindowsRuntime.EventRegistrationToken token)"
Dynamic,Method,"System.Runtime.InteropServices.WindowsRuntime.EventRegistrationToken Windows.UI.Xaml.Controls.ComboBox.add_DropDownOpened(System.EventHandler<System.Object> handler)"
Dynamic,Method,"System.Void Windows.UI.Xaml.Controls.ComboBox.remove_DropDownOpened(System.Runtime.InteropServices.WindowsRuntime.EventRegistrationToken token)"
Dynamic,Method,"System.Runtime.InteropServices.WindowsRuntime.EventRegistrationToken Windows.UI.Xaml.Controls.ComboBox.add_TextSubmitted(Windows.Foundation.TypedEventHandler<Windows.UI.Xaml.Controls.ComboBox, Windows.UI.Xaml.Controls.ComboBoxTextSubmittedEventArgs> handler)"
Dynamic,Method,"System.Void Windows.UI.Xaml.Controls.ComboBox.remove_TextSubmitted(System.Runtime.InteropServices.WindowsRuntime.EventRegistrationToken token)"
Dynamic,Method,"System.Void Windows.Foundation.TypedEventHandler<Windows.UI.Xaml.Controls.ComboBox, Windows.UI.Xaml.Controls.ComboBoxTextSubmittedEventArgs>.Invoke(Windows.UI.Xaml.Controls.ComboBox, Windows.UI.Xaml.Controls.ComboBoxTextSubmittedEventArgs)"
Dynamic,Method,"System.Runtime.InteropServices.WindowsRuntime.EventRegistrationToken Windows.UI.Xaml.Controls.GroupStyle.add_PropertyChanged(System.ComponentModel.PropertyChangedEventHandler handler)"
Dynamic,Method,"System.Void Windows.UI.Xaml.Controls.GroupStyle.remove_PropertyChanged(System.Runtime.InteropServices.WindowsRuntime.EventRegistrationToken token)"
Dynamic,Method,"System.Void Windows.UI.Xaml.Controls.ToggleSwitch.OnOnContentChanged(System.Object oldContent, System.Object newContent)"
Dynamic,Method,"System.Void Windows.UI.Xaml.Controls.ToggleSwitch.OnOffContentChanged(System.Object oldContent, System.Object newContent)"
Dynamic,Method,"System.Void Windows.UI.Xaml.Controls.ToggleSwitch.OnHeaderChanged(System.Object oldContent, System.Object newContent)"
Dynamic,Method,"System.Runtime.InteropServices.WindowsRuntime.EventRegistrationToken Windows.UI.Xaml.Controls.ToggleSwitch.add_Toggled(Windows.UI.Xaml.RoutedEventHandler handler)"
Dynamic,Method,"System.Void Windows.UI.Xaml.Controls.ToggleSwitch.remove_Toggled(System.Runtime.InteropServices.WindowsRuntime.EventRegistrationToken token)"
Dynamic,Method,"System.Runtime.InteropServices.WindowsRuntime.EventRegistrationToken Windows.UI.Xaml.Controls.Primitives.RangeBase.add_ValueChanged(Windows.UI.Xaml.Controls.Primitives.RangeBaseValueChangedEventHandler handler)"
Dynamic,Method,"System.Void Windows.UI.Xaml.Controls.Primitives.RangeBase.remove_ValueChanged(System.Runtime.InteropServices.WindowsRuntime.EventRegistrationToken token)"
Dynamic,Method,"System.Void Windows.UI.Xaml.Controls.Primitives.RangeBaseValueChangedEventHandler.Invoke(System.Object sender, Windows.UI.Xaml.Controls.Primitives.RangeBaseValueChangedEventArgs e)"
Dynamic,Method,"System.Runtime.InteropServices.WindowsRuntime.EventRegistrationToken Windows.UI.Xaml.Media.ImageBrush.add_ImageFailed(Windows.UI.Xaml.ExceptionRoutedEventHandler handler)"
Dynamic,Method,"System.Void Windows.UI.Xaml.Media.ImageBrush.remove_ImageFailed(System.Runtime.InteropServices.WindowsRuntime.EventRegistrationToken token)"
Dynamic,Method,"System.Runtime.InteropServices.WindowsRuntime.EventRegistrationToken Windows.UI.Xaml.Media.ImageBrush.add_ImageOpened(Windows.UI.Xaml.RoutedEventHandler handler)"
Dynamic,Method,"System.Void Windows.UI.Xaml.Media.ImageBrush.remove_ImageOpened(System.Runtime.InteropServices.WindowsRuntime.EventRegistrationToken token)"
Dynamic,Method,"System.Void Windows.UI.Xaml.Markup.IXamlType.AddToVector(System.Object instance, System.Object value)"
Dynamic,Method,"System.Runtime.InteropServices.WindowsRuntime.EventRegistrationToken Windows.UI.Xaml.Controls.MediaElement.add_BufferingProgressChanged(Windows.UI.Xaml.RoutedEventHandler handler)"
Dynamic,Method,"System.Void Windows.UI.Xaml.Controls.MediaElement.remove_BufferingProgressChanged(System.Runtime.InteropServices.WindowsRuntime.EventRegistrationToken token)"
Dynamic,Method,"System.Runtime.InteropServices.WindowsRuntime.EventRegistrationToken Windows.UI.Xaml.Controls.MediaElement.add_CurrentStateChanged(Windows.UI.Xaml.RoutedEventHandler handler)"
Dynamic,Method,"System.Void Windows.UI.Xaml.Controls.MediaElement.remove_CurrentStateChanged(System.Runtime.InteropServices.WindowsRuntime.EventRegistrationToken token)"
Dynamic,Method,"System.Runtime.InteropServices.WindowsRuntime.EventRegistrationToken Windows.UI.Xaml.Controls.MediaElement.add_DownloadProgressChanged(Windows.UI.Xaml.RoutedEventHandler handler)"
Dynamic,Method,"System.Void Windows.UI.Xaml.Controls.MediaElement.remove_DownloadProgressChanged(System.Runtime.InteropServices.WindowsRuntime.EventRegistrationToken token)"
Dynamic,Method,"System.Runtime.InteropServices.WindowsRuntime.EventRegistrationToken Windows.UI.Xaml.Controls.MediaElement.add_MarkerReached(Windows.UI.Xaml.Media.TimelineMarkerRoutedEventHandler handler)"
Dynamic,Method,"System.Void Windows.UI.Xaml.Controls.MediaElement.remove_MarkerReached(System.Runtime.InteropServices.WindowsRuntime.EventRegistrationToken token)"
Dynamic,Method,"System.Void Windows.UI.Xaml.Media.TimelineMarkerRoutedEventHandler.Invoke(System.Object sender, Windows.UI.Xaml.Media.TimelineMarkerRoutedEventArgs e)"
Dynamic,Method,"System.Runtime.InteropServices.WindowsRuntime.EventRegistrationToken Windows.UI.Xaml.Controls.MediaElement.add_MediaEnded(Windows.UI.Xaml.RoutedEventHandler handler)"
Dynamic,Method,"System.Void Windows.UI.Xaml.Controls.MediaElement.remove_MediaEnded(System.Runtime.InteropServices.WindowsRuntime.EventRegistrationToken token)"
Dynamic,Method,"System.Runtime.InteropServices.WindowsRuntime.EventRegistrationToken Windows.UI.Xaml.Controls.MediaElement.add_MediaFailed(Windows.UI.Xaml.ExceptionRoutedEventHandler handler)"
Dynamic,Method,"System.Void Windows.UI.Xaml.Controls.MediaElement.remove_MediaFailed(System.Runtime.InteropServices.WindowsRuntime.EventRegistrationToken token)"
Dynamic,Method,"System.Runtime.InteropServices.WindowsRuntime.EventRegistrationToken Windows.UI.Xaml.Controls.MediaElement.add_MediaOpened(Windows.UI.Xaml.RoutedEventHandler handler)"
Dynamic,Method,"System.Void Windows.UI.Xaml.Controls.MediaElement.remove_MediaOpened(System.Runtime.InteropServices.WindowsRuntime.EventRegistrationToken token)"
Dynamic,Method,"System.Runtime.InteropServices.WindowsRuntime.EventRegistrationToken Windows.UI.Xaml.Controls.MediaElement.add_RateChanged(Windows.UI.Xaml.Media.RateChangedRoutedEventHandler handler)"
Dynamic,Method,"System.Void Windows.UI.Xaml.Controls.MediaElement.remove_RateChanged(System.Runtime.InteropServices.WindowsRuntime.EventRegistrationToken token)"
Dynamic,Method,"System.Void Windows.UI.Xaml.Media.RateChangedRoutedEventHandler.Invoke(System.Object sender, Windows.UI.Xaml.Media.RateChangedRoutedEventArgs e)"
Dynamic,Method,"System.Runtime.InteropServices.WindowsRuntime.EventRegistrationToken Windows.UI.Xaml.Controls.MediaElement.add_SeekCompleted(Windows.UI.Xaml.RoutedEventHandler handler)"
Dynamic,Method,"System.Void Windows.UI.Xaml.Controls.MediaElement.remove_SeekCompleted(System.Runtime.InteropServices.WindowsRuntime.EventRegistrationToken token)"
Dynamic,Method,"System.Runtime.InteropServices.WindowsRuntime.EventRegistrationToken Windows.UI.Xaml.Controls.MediaElement.add_VolumeChanged(Windows.UI.Xaml.RoutedEventHandler handler)"
Dynamic,Method,"System.Void Windows.UI.Xaml.Controls.MediaElement.remove_VolumeChanged(System.Runtime.InteropServices.WindowsRuntime.EventRegistrationToken token)"
Dynamic,Method,"System.Runtime.InteropServices.WindowsRuntime.EventRegistrationToken Windows.UI.Xaml.Controls.MediaElement.add_PartialMediaFailureDetected(Windows.Foundation.TypedEventHandler<Windows.UI.Xaml.Controls.MediaElement, Windows.UI.Xaml.Media.PartialMediaFailureDetectedEventArgs> handler)"
Dynamic,Method,"System.Void Windows.UI.Xaml.Controls.MediaElement.remove_PartialMediaFailureDetected(System.Runtime.InteropServices.WindowsRuntime.EventRegistrationToken token)"
Dynamic,Method,"System.Void Windows.Foundation.TypedEventHandler<Windows.UI.Xaml.Controls.MediaElement, Windows.UI.Xaml.Media.PartialMediaFailureDetectedEventArgs>.Invoke(Windows.UI.Xaml.Controls.MediaElement, Windows.UI.Xaml.Media.PartialMediaFailureDetectedEventArgs)"
Dynamic,Method,"System.Void Windows.UI.Xaml.Markup.IXamlMember.SetValue(System.Object instance, System.Object value)"
Dynamic,Method,"System.Collections.Generic.IEnumerator<T> System.Collections.Generic.IEnumerable<T>.GetEnumerator()"
Dynamic,Method,"System.Void System.Collections.Generic.ICollection<T>.Add(T item)"
Dynamic,Method,"System.Collections.IEnumerator System.Collections.IEnumerable.GetEnumerator()"
Dynamic,Method,"System.Void __DynamicallyInvokableAttribute..ctor()"
Dynamic,Method,"System.Void System.Diagnostics.DebuggerDisplayAttribute..ctor(System.String value)"
Dynamic,Method,"System.Void System.Runtime.CompilerServices.TypeForwardedFromAttribute..ctor(System.String assemblyFullName)"
Dynamic,Method,"System.Void Windows.Foundation.Metadata.ContractVersionAttribute..ctor(System.String contract, System.UInt32 version)"
Dynamic,Method,"System.Void Windows.Foundation.Metadata.DeprecatedAttribute..ctor(System.String message, Windows.Foundation.Metadata.DeprecationType type, System.UInt32 version, System.String contract)"
Dynamic,Method,"System.Void System.Runtime.Serialization.DataContractAttribute..ctor()"
Dynamic,Method,"System.Void System.Runtime.Serialization.DataContractAttribute.Namespace.set(System.String value)"
Dynamic,Method,"System.Object System.Func<System.Type, System.Object>.Invoke(System.Type)"
Dynamic,Method,"System.Void System.Reflection.DefaultMemberAttribute..ctor(System.String memberName)"
Dynamic,Method,"System.Void Windows.Foundation.Metadata.MarshalingBehaviorAttribute..ctor(Windows.Foundation.Metadata.MarshalingType behavior)"
Dynamic,Method,"System.Void Windows.Foundation.Metadata.ContractVersionAttribute..ctor(System.Type contract, System.UInt32 version)"
Dynamic,Method,"System.Void Windows.Foundation.Metadata.ThreadingAttribute..ctor(Windows.Foundation.Metadata.ThreadingModel model)"
Dynamic,Method,"System.Void Windows.Foundation.Metadata.WebHostHiddenAttribute..ctor()"
Dynamic,Method,"System.Void Windows.UI.Xaml.Markup.ContentPropertyAttribute..ctor()"
Dynamic,Method,"System.Void System.Diagnostics.DebuggerTypeProxyAttribute..ctor(System.Type type)"
Dynamic,Method,"System.Void System.CodeDom.Compiler.GeneratedCodeAttribute..ctor(System.String tool, System.String version)"
Dynamic,Method,"System.Void System.Diagnostics.DebuggerNonUserCodeAttribute..ctor()"
Dynamic,Method,"System.Void System.Runtime.CompilerServices.CompilerGeneratedAttribute..ctor()"
Dynamic,Method,"System.Void System.AttributeUsageAttribute..ctor(System.AttributeTargets validOn)"
Dynamic,Method,"System.Void System.AttributeUsageAttribute.Inherited.set(System.Boolean value)"
Dynamic,Method,"System.Void Windows.Foundation.Metadata.VersionAttribute..ctor(System.UInt32 version)"
Dynamic,Method,"System.IntPtr System.Diagnostics.Tracing.EventSource.EventData.DataPointer.get()"
Dynamic,Method,"System.Void System.Diagnostics.Tracing.EventSource.EventData.DataPointer.set(System.IntPtr value)"
Dynamic,Method,"System.Int32 System.Diagnostics.Tracing.EventSource.EventData.Size.get()"
Dynamic,Method,"System.Void System.Diagnostics.Tracing.EventSource.EventData.Size.set(System.Int32 value)"
Dynamic,Method,"System.Void System.Diagnostics.Tracing.EventSource.EventMetadata..ctor(System.Diagnostics.Tracing.EventDescriptor descriptor, System.Diagnostics.Tracing.EventTags tags, System.Boolean enabledForAnyListener, System.Boolean enabledForETW, System.String name, System.String message, System.Diagnostics.Tracing.EventSource.EventParameterType[] parameterTypes)"
Dynamic,Method,"System.Void System.Diagnostics.DiagnosticSourceEventSource.Keywords..ctor()"
Dynamic,Method,"System.Void System.Diagnostics.DiagnosticSourceEventSource.FilterAndTransform.CreateFilterAndTransformList(ref System.Diagnostics.DiagnosticSourceEventSource.FilterAndTransform specList, System.String filterAndPayloadSpecs, System.Diagnostics.DiagnosticSourceEventSource eventSource)"
Dynamic,Method,"System.Void System.Diagnostics.DiagnosticSourceEventSource.FilterAndTransform.DestroyFilterAndTransformList(ref System.Diagnostics.DiagnosticSourceEventSource.FilterAndTransform specList)"
Dynamic,Method,"System.Void System.Diagnostics.DiagnosticSourceEventSource.CallbackObserver<T>.OnCompleted()"
Dynamic,Method,"System.Void System.Diagnostics.DiagnosticSourceEventSource.CallbackObserver<T>.OnError(System.Exception error)"
Dynamic,Method,"System.Void System.Diagnostics.DiagnosticSourceEventSource.CallbackObserver<T>.OnNext(T value)"
Dynamic,Method,"System.Void System.Runtime.Serialization.DataMemberAttribute..ctor()"
Dynamic,Method,"System.Void System.Runtime.CompilerServices.AsyncStateMachineAttribute..ctor(System.Type stateMachineType)"
Dynamic,Method,"System.Void System.Diagnostics.DebuggerHiddenAttribute..ctor()"
Dynamic,Method,"System.Void System.Security.SecuritySafeCriticalAttribute..ctor()"
Dynamic,Method,"System.Void System.Security.SecurityCriticalAttribute..ctor()"
Dynamic,Method,"System.Void System.ParamArrayAttribute..ctor()"
Dynamic,Method,"System.Void System.Diagnostics.Tracing.NonEventAttribute..ctor()"
Dynamic,Method,"System.Void System.Diagnostics.DiagnosticSourceEventSource.FilterAndTransform..ctor(System.String filterAndPayloadSpec, System.Int32 startIdx, System.Int32 endIdx, System.Diagnostics.DiagnosticSourceEventSource eventSource, System.Diagnostics.DiagnosticSourceEventSource.FilterAndTransform next)"
Dynamic,Method,"System.Void System.AttributeUsageAttribute.AllowMultiple.set(System.Boolean value)"
Dynamic,Method,"System.Void System.FlagsAttribute..ctor()"
Dynamic,Method,"System.Void Windows.Foundation.Metadata.GuidAttribute..ctor(System.UInt32 a, System.UInt16 b, System.UInt16 c, System.Byte d, System.Byte e, System.Byte f, System.Byte g, System.Byte h, System.Byte i, System.Byte j, System.Byte k)"
Dynamic,Method,"System.Void Windows.Foundation.Metadata.MuseAttribute..ctor()"
Dynamic,Method,"System.Void Windows.Foundation.Metadata.DualApiPartitionAttribute..ctor()"
Dynamic,Method,"System.Void Windows.Foundation.Metadata.AllowMultipleAttribute..ctor()"
Dynamic,Method,"System.Void Windows.Foundation.Metadata.AttributeNameAttribute..ctor(System.String A_0)"
Dynamic,Method,"System.Void Windows.Foundation.Metadata.ContractVersionAttribute..ctor(System.UInt32 version)"
Dynamic,Method,"System.Void Windows.Foundation.Metadata.ApiContractAttribute..ctor()"
Dynamic,Method,"System.Runtime.InteropServices.WindowsRuntime.EventRegistrationToken Windows.UI.Xaml.DispatcherTimer.add_Tick(System.EventHandler<System.Object> handler)"
Dynamic,Method,"System.Void Windows.UI.Xaml.DispatcherTimer.remove_Tick(System.Runtime.InteropServices.WindowsRuntime.EventRegistrationToken token)"
Dynamic,Method,"System.Runtime.InteropServices.WindowsRuntime.EventRegistrationToken Windows.UI.Xaml.Controls.Frame.add_Navigated(Windows.UI.Xaml.Navigation.NavigatedEventHandler handler)"
Dynamic,Method,"System.Void Windows.UI.Xaml.Controls.Frame.remove_Navigated(System.Runtime.InteropServices.WindowsRuntime.EventRegistrationToken token)"
Dynamic,Method,"System.Void Windows.UI.Xaml.Navigation.NavigatedEventHandler.Invoke(System.Object sender, Windows.UI.Xaml.Navigation.NavigationEventArgs e)"
Dynamic,Method,"System.Runtime.InteropServices.WindowsRuntime.EventRegistrationToken Windows.UI.Xaml.Controls.Frame.add_Navigating(Windows.UI.Xaml.Navigation.NavigatingCancelEventHandler handler)"
Dynamic,Method,"System.Void Windows.UI.Xaml.Controls.Frame.remove_Navigating(System.Runtime.InteropServices.WindowsRuntime.EventRegistrationToken token)"
Dynamic,Method,"System.Void Windows.UI.Xaml.Navigation.NavigatingCancelEventHandler.Invoke(System.Object sender, Windows.UI.Xaml.Navigation.NavigatingCancelEventArgs e)"
Dynamic,Method,"System.Runtime.InteropServices.WindowsRuntime.EventRegistrationToken Windows.UI.Xaml.Controls.Frame.add_NavigationFailed(Windows.UI.Xaml.Navigation.NavigationFailedEventHandler handler)"
Dynamic,Method,"System.Void Windows.UI.Xaml.Controls.Frame.remove_NavigationFailed(System.Runtime.InteropServices.WindowsRuntime.EventRegistrationToken token)"
Dynamic,Method,"System.Void Windows.UI.Xaml.Navigation.NavigationFailedEventHandler.Invoke(System.Object sender, Windows.UI.Xaml.Navigation.NavigationFailedEventArgs e)"
Dynamic,Method,"System.Runtime.InteropServices.WindowsRuntime.EventRegistrationToken Windows.UI.Xaml.Controls.Frame.add_NavigationStopped(Windows.UI.Xaml.Navigation.NavigationStoppedEventHandler handler)"
Dynamic,Method,"System.Void Windows.UI.Xaml.Controls.Frame.remove_NavigationStopped(System.Runtime.InteropServices.WindowsRuntime.EventRegistrationToken token)"
Dynamic,Method,"System.Void Windows.UI.Xaml.Navigation.NavigationStoppedEventHandler.Invoke(System.Object sender, Windows.UI.Xaml.Navigation.NavigationEventArgs e)"
Dynamic,Method,"System.Runtime.InteropServices.WindowsRuntime.EventRegistrationToken Windows.UI.Xaml.Media.Imaging.BitmapImage.add_DownloadProgress(Windows.UI.Xaml.Media.Imaging.DownloadProgressEventHandler handler)"
Dynamic,Method,"System.Void Windows.UI.Xaml.Media.Imaging.BitmapImage.remove_DownloadProgress(System.Runtime.InteropServices.WindowsRuntime.EventRegistrationToken token)"
Dynamic,Method,"System.Void Windows.UI.Xaml.Media.Imaging.DownloadProgressEventHandler.Invoke(System.Object sender, Windows.UI.Xaml.Media.Imaging.DownloadProgressEventArgs e)"
Dynamic,Method,"System.Runtime.InteropServices.WindowsRuntime.EventRegistrationToken Windows.UI.Xaml.Media.Imaging.BitmapImage.add_ImageFailed(Windows.UI.Xaml.ExceptionRoutedEventHandler handler)"
Dynamic,Method,"System.Void Windows.UI.Xaml.Media.Imaging.BitmapImage.remove_ImageFailed(System.Runtime.InteropServices.WindowsRuntime.EventRegistrationToken token)"
Dynamic,Method,"System.Runtime.InteropServices.WindowsRuntime.EventRegistrationToken Windows.UI.Xaml.Media.Imaging.BitmapImage.add_ImageOpened(Windows.UI.Xaml.RoutedEventHandler handler)"
Dynamic,Method,"System.Void Windows.UI.Xaml.Media.Imaging.BitmapImage.remove_ImageOpened(System.Runtime.InteropServices.WindowsRuntime.EventRegistrationToken token)"
Dynamic,Method,"System.Void System.Collections.Generic.KeyValuePair<System.Object, System.Object>..ctor(System.Object, System.Object)"
Dynamic,Method,"System.Void System.Collections.DictionaryEntry..ctor(System.Object key, System.Object value)"
Dynamic,Method,"System.Void System.Collections.Generic.Dictionary<System.Object, System.Object>.Item.set(System.Object, System.Object)"
Dynamic,Method,"System.Void System.Collections.Generic.Dictionary<System.Object, System.Object>.Add(System.Object, System.Object)"
Dynamic,Method,"System.Runtime.InteropServices.WindowsRuntime.EventRegistrationToken Windows.UI.Xaml.Controls.Primitives.FlyoutBase.add_Closed(System.EventHandler<System.Object> handler)"
Dynamic,Method,"System.Void Windows.UI.Xaml.Controls.Primitives.FlyoutBase.remove_Closed(System.Runtime.InteropServices.WindowsRuntime.EventRegistrationToken token)"
Dynamic,Method,"System.Runtime.InteropServices.WindowsRuntime.EventRegistrationToken Windows.UI.Xaml.Controls.Primitives.FlyoutBase.add_Opened(System.EventHandler<System.Object> handler)"
Dynamic,Method,"System.Void Windows.UI.Xaml.Controls.Primitives.FlyoutBase.remove_Opened(System.Runtime.InteropServices.WindowsRuntime.EventRegistrationToken token)"
Dynamic,Method,"System.Runtime.InteropServices.WindowsRuntime.EventRegistrationToken Windows.UI.Xaml.Controls.Primitives.FlyoutBase.add_Opening(System.EventHandler<System.Object> handler)"
Dynamic,Method,"System.Void Windows.UI.Xaml.Controls.Primitives.FlyoutBase.remove_Opening(System.Runtime.InteropServices.WindowsRuntime.EventRegistrationToken token)"
Dynamic,Method,"System.Runtime.InteropServices.WindowsRuntime.EventRegistrationToken Windows.UI.Xaml.Controls.Primitives.FlyoutBase.add_Closing(Windows.Foundation.TypedEventHandler<Windows.UI.Xaml.Controls.Primitives.FlyoutBase, Windows.UI.Xaml.Controls.Primitives.FlyoutBaseClosingEventArgs> handler)"
Dynamic,Method,"System.Void Windows.UI.Xaml.Controls.Primitives.FlyoutBase.remove_Closing(System.Runtime.InteropServices.WindowsRuntime.EventRegistrationToken token)"
Dynamic,Method,"System.Void Windows.Foundation.TypedEventHandler<Windows.UI.Xaml.Controls.Primitives.FlyoutBase, Windows.UI.Xaml.Controls.Primitives.FlyoutBaseClosingEventArgs>.Invoke(Windows.UI.Xaml.Controls.Primitives.FlyoutBase, Windows.UI.Xaml.Controls.Primitives.FlyoutBaseClosingEventArgs)"
Dynamic,Method,"System.Runtime.InteropServices.WindowsRuntime.EventRegistrationToken Windows.UI.Xaml.Controls.MenuFlyoutItem.add_Click(Windows.UI.Xaml.RoutedEventHandler handler)"
Dynamic,Method,"System.Void Windows.UI.Xaml.Controls.MenuFlyoutItem.remove_Click(System.Runtime.InteropServices.WindowsRuntime.EventRegistrationToken token)"
Dynamic,Method,"System.Runtime.InteropServices.WindowsRuntime.EventRegistrationToken Windows.UI.Xaml.Documents.TextElement.add_AccessKeyDisplayDismissed(Windows.Foundation.TypedEventHandler<Windows.UI.Xaml.Documents.TextElement, Windows.UI.Xaml.Input.AccessKeyDisplayDismissedEventArgs> handler)"
Dynamic,Method,"System.Void Windows.UI.Xaml.Documents.TextElement.remove_AccessKeyDisplayDismissed(System.Runtime.InteropServices.WindowsRuntime.EventRegistrationToken token)"
Dynamic,Method,"System.Void Windows.Foundation.TypedEventHandler<Windows.UI.Xaml.Documents.TextElement, Windows.UI.Xaml.Input.AccessKeyDisplayDismissedEventArgs>.Invoke(Windows.UI.Xaml.Documents.TextElement, Windows.UI.Xaml.Input.AccessKeyDisplayDismissedEventArgs)"
Dynamic,Method,"System.Runtime.InteropServices.WindowsRuntime.EventRegistrationToken Windows.UI.Xaml.Documents.TextElement.add_AccessKeyDisplayRequested(Windows.Foundation.TypedEventHandler<Windows.UI.Xaml.Documents.TextElement, Windows.UI.Xaml.Input.AccessKeyDisplayRequestedEventArgs> handler)"
Dynamic,Method,"System.Void Windows.UI.Xaml.Documents.TextElement.remove_AccessKeyDisplayRequested(System.Runtime.InteropServices.WindowsRuntime.EventRegistrationToken token)"
Dynamic,Method,"System.Void Windows.Foundation.TypedEventHandler<Windows.UI.Xaml.Documents.TextElement, Windows.UI.Xaml.Input.AccessKeyDisplayRequestedEventArgs>.Invoke(Windows.UI.Xaml.Documents.TextElement, Windows.UI.Xaml.Input.AccessKeyDisplayRequestedEventArgs)"
Dynamic,Method,"System.Runtime.InteropServices.WindowsRuntime.EventRegistrationToken Windows.UI.Xaml.Documents.TextElement.add_AccessKeyInvoked(Windows.Foundation.TypedEventHandler<Windows.UI.Xaml.Documents.TextElement, Windows.UI.Xaml.Input.AccessKeyInvokedEventArgs> handler)"
Dynamic,Method,"System.Void Windows.UI.Xaml.Documents.TextElement.remove_AccessKeyInvoked(System.Runtime.InteropServices.WindowsRuntime.EventRegistrationToken token)"
Dynamic,Method,"System.Void Windows.Foundation.TypedEventHandler<Windows.UI.Xaml.Documents.TextElement, Windows.UI.Xaml.Input.AccessKeyInvokedEventArgs>.Invoke(Windows.UI.Xaml.Documents.TextElement, Windows.UI.Xaml.Input.AccessKeyInvokedEventArgs)"
Dynamic,Method,"System.Runtime.InteropServices.WindowsRuntime.EventRegistrationToken Windows.UI.Xaml.Window.add_Activated(Windows.UI.Xaml.WindowActivatedEventHandler handler)"
Dynamic,Method,"System.Void Windows.UI.Xaml.Window.remove_Activated(System.Runtime.InteropServices.WindowsRuntime.EventRegistrationToken token)"
Dynamic,Method,"System.Void Windows.UI.Xaml.WindowActivatedEventHandler.Invoke(System.Object sender, Windows.UI.Core.WindowActivatedEventArgs e)"
Dynamic,Method,"System.Runtime.InteropServices.WindowsRuntime.EventRegistrationToken Windows.UI.Xaml.Window.add_Closed(Windows.UI.Xaml.WindowClosedEventHandler handler)"
Dynamic,Method,"System.Void Windows.UI.Xaml.Window.remove_Closed(System.Runtime.InteropServices.WindowsRuntime.EventRegistrationToken token)"
Dynamic,Method,"System.Void Windows.UI.Xaml.WindowClosedEventHandler.Invoke(System.Object sender, Windows.UI.Core.CoreWindowEventArgs e)"
Dynamic,Method,"System.Runtime.InteropServices.WindowsRuntime.EventRegistrationToken Windows.UI.Xaml.Window.add_SizeChanged(Windows.UI.Xaml.WindowSizeChangedEventHandler handler)"
Dynamic,Method,"System.Void Windows.UI.Xaml.Window.remove_SizeChanged(System.Runtime.InteropServices.WindowsRuntime.EventRegistrationToken token)"
Dynamic,Method,"System.Void Windows.UI.Xaml.WindowSizeChangedEventHandler.Invoke(System.Object sender, Windows.UI.Core.WindowSizeChangedEventArgs e)"
Dynamic,Method,"System.Runtime.InteropServices.WindowsRuntime.EventRegistrationToken Windows.UI.Xaml.Window.add_VisibilityChanged(Windows.UI.Xaml.WindowVisibilityChangedEventHandler handler)"
Dynamic,Method,"System.Void Windows.UI.Xaml.Window.remove_VisibilityChanged(System.Runtime.InteropServices.WindowsRuntime.EventRegistrationToken token)"
Dynamic,Method,"System.Void Windows.UI.Xaml.WindowVisibilityChangedEventHandler.Invoke(System.Object sender, Windows.UI.Core.VisibilityChangedEventArgs e)"
Dynamic,Method,"System.Runtime.InteropServices.WindowsRuntime.EventRegistrationToken Windows.UI.Xaml.Data.ICollectionView.add_CurrentChanged(System.EventHandler<System.Object> handler)"
Dynamic,Method,"System.Void Windows.UI.Xaml.Data.ICollectionView.remove_CurrentChanged(System.Runtime.InteropServices.WindowsRuntime.EventRegistrationToken token)"
Dynamic,Method,"System.Runtime.InteropServices.WindowsRuntime.EventRegistrationToken Windows.UI.Xaml.Data.ICollectionView.add_CurrentChanging(Windows.UI.Xaml.Data.CurrentChangingEventHandler handler)"
Dynamic,Method,"System.Void Windows.UI.Xaml.Data.ICollectionView.remove_CurrentChanging(System.Runtime.InteropServices.WindowsRuntime.EventRegistrationToken token)"
Dynamic,Method,"System.Void Windows.UI.Xaml.Data.CurrentChangingEventHandler.Invoke(System.Object sender, Windows.UI.Xaml.Data.CurrentChangingEventArgs e)"
Dynamic,Method,"System.Runtime.InteropServices.WindowsRuntime.EventRegistrationToken Windows.UI.Xaml.Controls.Primitives.IScrollSnapPointsInfo.add_HorizontalSnapPointsChanged(System.EventHandler<System.Object> handler)"
Dynamic,Method,"System.Void Windows.UI.Xaml.Controls.Primitives.IScrollSnapPointsInfo.remove_HorizontalSnapPointsChanged(System.Runtime.InteropServices.WindowsRuntime.EventRegistrationToken token)"
Dynamic,Method,"System.Runtime.InteropServices.WindowsRuntime.EventRegistrationToken Windows.UI.Xaml.Controls.Primitives.IScrollSnapPointsInfo.add_VerticalSnapPointsChanged(System.EventHandler<System.Object> handler)"
Dynamic,Method,"System.Void Windows.UI.Xaml.Controls.Primitives.IScrollSnapPointsInfo.remove_VerticalSnapPointsChanged(System.Runtime.InteropServices.WindowsRuntime.EventRegistrationToken token)"
Dynamic,Method,"TResult System.Func<T, TResult>.Invoke(T arg)"
Dynamic,Method,"System.Void System.Runtime.Serialization.DataContractAttribute.Name.set(System.String value)"
Dynamic,Method,"System.Void System.Object..ctor()"
Dynamic,Method,"System.Void System.Object.Finalize()"
Dynamic,Method,"System.Type System.Object.GetType()"
Dynamic,Method,"System.String System.Object.ToString()"
Dynamic,Method,"System.Boolean System.Object.Equals(System.Object obj)"
Dynamic,Method,"System.Boolean System.Object.Equals(System.Object objA, System.Object objB)"
Dynamic,Method,"System.Boolean System.Object.ReferenceEquals(System.Object objA, System.Object objB)"
Dynamic,Method,"System.Int32 System.Object.GetHashCode()"
Dynamic,Method,"System.Object System.Object.MemberwiseClone()"
Dynamic,Method,"System.Void Windows.UI.Xaml.Controls.Page..ctor()"
Dynamic,Method,"Windows.UI.Xaml.Controls.Frame Windows.UI.Xaml.Controls.Page.Frame.get()"
Dynamic,Method,"Windows.UI.Xaml.Controls.AppBar Windows.UI.Xaml.Controls.Page.BottomAppBar.get()"
Dynamic,Method,"System.Void Windows.UI.Xaml.Controls.Page.put_BottomAppBar(Windows.UI.Xaml.Controls.AppBar value)"
Dynamic,Method,"System.Void Windows.UI.Xaml.Controls.Page.OnNavigatedFrom(Windows.UI.Xaml.Navigation.NavigationEventArgs e)"
Dynamic,Method,"System.Void Windows.UI.Xaml.Controls.Page.OnNavigatedTo(Windows.UI.Xaml.Navigation.NavigationEventArgs e)"
Dynamic,Method,"System.Void Windows.UI.Xaml.Controls.Page.OnNavigatingFrom(Windows.UI.Xaml.Navigation.NavigatingCancelEventArgs e)"
Dynamic,Method,"System.Void Windows.UI.Xaml.Application..ctor()"
Dynamic,Method,"Windows.UI.Xaml.ResourceDictionary Windows.UI.Xaml.Application.Resources.get()"
Dynamic,Method,"System.Void Windows.UI.Xaml.Application.put_Resources(Windows.UI.Xaml.ResourceDictionary value)"
Dynamic,Method,"Windows.UI.Xaml.ApplicationTheme Windows.UI.Xaml.Application.RequestedTheme.get()"
Dynamic,Method,"System.Void Windows.UI.Xaml.Application.put_RequestedTheme(Windows.UI.Xaml.ApplicationTheme value)"
Dynamic,Method,"System.Void Windows.UI.Xaml.Application.Exit()"
Dynamic,Method,"System.Void Windows.UI.Xaml.Application.OnActivated(Windows.ApplicationModel.Activation.IActivatedEventArgs args)"
Dynamic,Method,"System.Void Windows.UI.Xaml.Application.OnLaunched(Windows.ApplicationModel.Activation.LaunchActivatedEventArgs args)"
Dynamic,Method,"System.Void Windows.UI.Xaml.Application.OnFileActivated(Windows.ApplicationModel.Activation.FileActivatedEventArgs args)"
Dynamic,Method,"System.Void Windows.UI.Xaml.Application.OnSearchActivated(Windows.ApplicationModel.Activation.SearchActivatedEventArgs args)"
Dynamic,Method,"System.Void Windows.UI.Xaml.Application.OnShareTargetActivated(Windows.ApplicationModel.Activation.ShareTargetActivatedEventArgs args)"
Dynamic,Method,"System.Void Windows.UI.Xaml.Application.OnFileOpenPickerActivated(Windows.ApplicationModel.Activation.FileOpenPickerActivatedEventArgs args)"
Dynamic,Method,"System.Void Windows.UI.Xaml.Application.OnFileSavePickerActivated(Windows.ApplicationModel.Activation.FileSavePickerActivatedEventArgs args)"
Dynamic,Method,"System.Void Windows.UI.Xaml.Application.OnCachedFileUpdaterActivated(Windows.ApplicationModel.Activation.CachedFileUpdaterActivatedEventArgs args)"
Dynamic,Method,"System.Void Windows.UI.Xaml.Application.OnWindowCreated(Windows.UI.Xaml.WindowCreatedEventArgs args)"
Dynamic,Method,"System.Void Windows.UI.Xaml.Application.OnBackgroundActivated(Windows.ApplicationModel.Activation.BackgroundActivatedEventArgs args)"
Dynamic,Method,"Windows.UI.Xaml.Application Windows.UI.Xaml.Application.Current.get()"
Dynamic,Method,"System.Void Windows.UI.Xaml.Application.Start(Windows.UI.Xaml.ApplicationInitializationCallback callback)"
Dynamic,Method,"System.Void Windows.UI.Xaml.Application.LoadComponent(System.Object component, System.Uri resourceLocator, Windows.UI.Xaml.Controls.Primitives.ComponentResourceLocation componentResourceLocation)"
Dynamic,Method,"System.Void System.Collections.ObjectModel.ObservableCollection<Contact>..ctor()"
Dynamic,Method,"System.Void System.Collections.ObjectModel.ObservableCollection<Contact>..ctor(System.Collections.Generic.IEnumerable<Contact>)"
Dynamic,Method,"System.Void System.Collections.ObjectModel.ObservableCollection<Contact>.add_CollectionChanged(System.Collections.Specialized.NotifyCollectionChangedEventHandler)"
Dynamic,Method,"System.Void System.Collections.ObjectModel.ObservableCollection<Contact>.remove_CollectionChanged(System.Collections.Specialized.NotifyCollectionChangedEventHandler)"
Dynamic,Method,"System.Void System.Collections.ObjectModel.ObservableCollection<Contact>.ClearItems()"
Dynamic,Method,"System.Void System.Collections.ObjectModel.ObservableCollection<Contact>.RemoveItem(System.Int32)"
Dynamic,Method,"System.Void System.Collections.ObjectModel.ObservableCollection<Contact>.InsertItem(System.Int32, Contact)"
Dynamic,Method,"System.Void System.Collections.ObjectModel.ObservableCollection<Contact>.SetItem(System.Int32, Contact)"
Dynamic,Method,"System.Void System.Collections.ObjectModel.ObservableCollection<Contact>.add_PropertyChanged(System.ComponentModel.PropertyChangedEventHandler)"
Dynamic,Method,"System.Void System.Collections.ObjectModel.ObservableCollection<Contact>.remove_PropertyChanged(System.ComponentModel.PropertyChangedEventHandler)"
Dynamic,Method,"System.Void System.Collections.ObjectModel.ObservableCollection<Contact>.CheckReentrancy()"
Dynamic,Method,"System.Void Windows.UI.Xaml.Controls.UserControl..ctor()"
Dynamic,Method,"Windows.UI.Xaml.UIElement Windows.UI.Xaml.Controls.UserControl.Content.get()"
Dynamic,Method,"System.Void Windows.UI.Xaml.Controls.UserControl.put_Content(Windows.UI.Xaml.UIElement value)"
Dynamic,Method,"System.Boolean System.MulticastDelegate.Equals(System.Object obj)"
Dynamic,Method,"System.Int32 System.MulticastDelegate.GetHashCode()"
Dynamic,Method,"System.Boolean System.MulticastDelegate.op_Equality(System.MulticastDelegate d1, System.MulticastDelegate d2)"
Dynamic,Method,"System.Boolean System.MulticastDelegate.op_Inequality(System.MulticastDelegate d1, System.MulticastDelegate d2)"
Dynamic,Method,"System.Delegate[] System.MulticastDelegate.GetInvocationList()"
Dynamic,Method,"System.String System.ValueType.ToString()"
Dynamic,Method,"System.Boolean System.ValueType.Equals(System.Object obj)"
Dynamic,Method,"System.Int32 System.ValueType.GetHashCode()"
Dynamic,Method,"System.Void System.ValueType..ctor()"
Dynamic,Method,"System.Void System.Attribute..ctor()"
Dynamic,Method,"System.Boolean System.Attribute.Equals(System.Object obj)"
Dynamic,Method,"System.Int32 System.Attribute.GetHashCode()"
Dynamic,Method,"System.Int32 System.Enum.CompareTo(System.Object target)"
Dynamic,Method,"System.Boolean System.Enum.Equals(System.Object obj)"
Dynamic,Method,"System.Int32 System.Enum.GetHashCode()"
Dynamic,Method,"System.String System.Enum.Format(System.Type enumType, System.Object value, System.String format)"
Dynamic,Method,"System.String System.Enum.GetName(System.Type enumType, System.Object value)"
Dynamic,Method,"System.String[] System.Enum.GetNames(System.Type enumType)"
Dynamic,Method,"System.Type System.Enum.GetUnderlyingType(System.Type enumType)"
Dynamic,Method,"System.Array System.Enum.GetValues(System.Type enumType)"
Dynamic,Method,"System.Boolean System.Enum.HasFlag(System.Enum flag)"
Dynamic,Method,"System.Boolean System.Enum.IsDefined(System.Type enumType, System.Object value)"
Dynamic,Method,"System.Object System.Enum.Parse(System.Type enumType, System.String value)"
Dynamic,Method,"System.Object System.Enum.Parse(System.Type enumType, System.String value, System.Boolean ignoreCase)"
Dynamic,Method,"System.Object System.Enum.ToObject(System.Type enumType, System.Object value)"
Dynamic,Method,"System.Boolean System.Enum.TryParse<TEnum>(System.String value, System.Boolean ignoreCase, out TEnum result)"
Dynamic,Method,"System.Boolean System.Enum.TryParse<TEnum>(System.String value, out TEnum result)"
Dynamic,Method,"System.String System.Enum.ToString()"
Dynamic,Method,"System.String System.Enum.ToString(System.String format)"
Dynamic,Method,"System.Void System.Enum..ctor()"
Dynamic,Method,"System.Void System.Diagnostics.DiagnosticSourceEventSource.TransformSpec..ctor(System.String transformSpec, System.Int32 startIdx, System.Int32 endIdx, System.Diagnostics.DiagnosticSourceEventSource.TransformSpec next)"
Dynamic,Method,"System.Void System.Diagnostics.DiagnosticSourceEventSource.CallbackObserver<T>..ctor(System.Action<T> callback)"
Dynamic,Method,"System.Void Windows.Foundation.Metadata.OverloadAttribute..ctor(System.String method)"
Dynamic,Method,"System.Void System.Collections.ObjectModel.ObservableCollection<Contact>.OnPropertyChanged(System.ComponentModel.PropertyChangedEventArgs)"
Dynamic,Method,"System.Void System.Collections.ObjectModel.ObservableCollection<Contact>.OnCollectionChanged(System.Collections.Specialized.NotifyCollectionChangedEventArgs)"
Dynamic,Method,"System.Void Windows.Foundation.Metadata.PreviousContractVersionAttribute..ctor(System.String contract, System.UInt32 versionLow, System.UInt32 versionHigh)"
Dynamic,Method,"System.Void System.Action<System.String, System.String, System.Collections.Generic.IEnumerable<System.Collections.Generic.KeyValuePair<System.String, System.String>>>.Invoke(System.String, System.String, System.Collections.Generic.IEnumerable<System.Collections.Generic.KeyValuePair<System.String, System.String>>)"
Dynamic,Method,"System.Void System.Collections.ObjectModel.ObservableCollection<T>..ctor()"
Dynamic,Method,"System.Void System.Collections.ObjectModel.ObservableCollection<T>..ctor(System.Collections.Generic.IEnumerable<T> collection)"
Dynamic,Method,"System.Void System.Collections.ObjectModel.ObservableCollection<T>.add_CollectionChanged(System.Collections.Specialized.NotifyCollectionChangedEventHandler value)"
Dynamic,Method,"System.Void System.Collections.ObjectModel.ObservableCollection<T>.remove_CollectionChanged(System.Collections.Specialized.NotifyCollectionChangedEventHandler value)"
Dynamic,Method,"System.Void System.Collections.ObjectModel.ObservableCollection<T>.ClearItems()"
Dynamic,Method,"System.Void System.Collections.ObjectModel.ObservableCollection<T>.RemoveItem(System.Int32 index)"
Dynamic,Method,"System.Void System.Collections.ObjectModel.ObservableCollection<T>.InsertItem(System.Int32 index, T item)"
Dynamic,Method,"System.Void System.Collections.ObjectModel.ObservableCollection<T>.SetItem(System.Int32 index, T item)"
Dynamic,Method,"System.Void System.Collections.ObjectModel.ObservableCollection<T>.MoveItem(System.Int32 oldIndex, System.Int32 newIndex)"
Dynamic,Method,"System.Void System.Collections.ObjectModel.ObservableCollection<T>.OnPropertyChanged(System.ComponentModel.PropertyChangedEventArgs e)"
Dynamic,Method,"System.Void System.Collections.ObjectModel.ObservableCollection<T>.add_PropertyChanged(System.ComponentModel.PropertyChangedEventHandler value)"
Dynamic,Method,"System.Void System.Collections.ObjectModel.ObservableCollection<T>.remove_PropertyChanged(System.ComponentModel.PropertyChangedEventHandler value)"
Dynamic,Method,"System.Void System.Collections.ObjectModel.ObservableCollection<T>.OnCollectionChanged(System.Collections.Specialized.NotifyCollectionChangedEventArgs e)"
Dynamic,Method,"System.IDisposable System.Collections.ObjectModel.ObservableCollection<T>.BlockReentrancy()"
Dynamic,Method,"System.Void System.Collections.ObjectModel.ObservableCollection<T>.CheckReentrancy()"
Dynamic,Method,"System.Void System.Collections.ObjectModel.Collection<Contact>..ctor()"
Dynamic,Method,"System.Void System.Collections.ObjectModel.Collection<Contact>..ctor(System.Collections.Generic.IList<Contact>)"
Dynamic,Method,"System.Int32 System.Collections.ObjectModel.Collection<Contact>.Count.get()"
Dynamic,Method,"System.Collections.Generic.IList<Contact> System.Collections.ObjectModel.Collection<Contact>.Items.get()"
Dynamic,Method,"Contact System.Collections.ObjectModel.Collection<Contact>.Item.get(System.Int32)"
Dynamic,Method,"System.Void System.Collections.ObjectModel.Collection<Contact>.Item.set(System.Int32, Contact)"
Dynamic,Method,"System.Void System.Collections.ObjectModel.Collection<Contact>.Add(Contact)"
Dynamic,Method,"System.Void System.Collections.ObjectModel.Collection<Contact>.Clear()"
Dynamic,Method,"System.Void System.Collections.ObjectModel.Collection<Contact>.CopyTo(Contact[], System.Int32)"
Dynamic,Method,"System.Boolean System.Collections.ObjectModel.Collection<Contact>.Contains(Contact)"
Dynamic,Method,"System.Collections.Generic.IEnumerator<Contact> System.Collections.ObjectModel.Collection<Contact>.GetEnumerator()"
Dynamic,Method,"System.Int32 System.Collections.ObjectModel.Collection<Contact>.IndexOf(Contact)"
Dynamic,Method,"System.Void System.Collections.ObjectModel.Collection<Contact>.Insert(System.Int32, Contact)"
Dynamic,Method,"System.Boolean System.Collections.ObjectModel.Collection<Contact>.Remove(Contact)"
Dynamic,Method,"System.Void System.Collections.ObjectModel.Collection<Contact>.RemoveAt(System.Int32)"
Dynamic,Method,"System.Void System.Collections.ObjectModel.Collection<Contact>.ClearItems()"
Dynamic,Method,"System.Void System.Collections.ObjectModel.Collection<Contact>.InsertItem(System.Int32, Contact)"
Dynamic,Method,"System.Void System.Collections.ObjectModel.Collection<Contact>.RemoveItem(System.Int32)"
Dynamic,Method,"System.Void System.Collections.ObjectModel.Collection<Contact>.SetItem(System.Int32, Contact)"
Dynamic,Method,"System.Void Windows.UI.Xaml.Controls.Control..ctor()"
Dynamic,Method,"System.Double Windows.UI.Xaml.Controls.Control.FontSize.get()"
Dynamic,Method,"System.Void Windows.UI.Xaml.Controls.Control.put_FontSize(System.Double value)"
Dynamic,Method,"Windows.UI.Xaml.Media.FontFamily Windows.UI.Xaml.Controls.Control.FontFamily.get()"
Dynamic,Method,"System.Void Windows.UI.Xaml.Controls.Control.put_FontFamily(Windows.UI.Xaml.Media.FontFamily value)"
Dynamic,Method,"Windows.UI.Text.FontWeight Windows.UI.Xaml.Controls.Control.FontWeight.get()"
Dynamic,Method,"System.Void Windows.UI.Xaml.Controls.Control.put_FontWeight(Windows.UI.Text.FontWeight value)"
Dynamic,Method,"Windows.UI.Xaml.Media.Brush Windows.UI.Xaml.Controls.Control.Foreground.get()"
Dynamic,Method,"System.Void Windows.UI.Xaml.Controls.Control.put_Foreground(Windows.UI.Xaml.Media.Brush value)"
Dynamic,Method,"System.Void Windows.UI.Xaml.Controls.Control.put_IsEnabled(System.Boolean value)"
Dynamic,Method,"Windows.UI.Xaml.Thickness Windows.UI.Xaml.Controls.Control.Padding.get()"
Dynamic,Method,"System.Void Windows.UI.Xaml.Controls.Control.put_Padding(Windows.UI.Xaml.Thickness value)"
Dynamic,Method,"Windows.UI.Xaml.HorizontalAlignment Windows.UI.Xaml.Controls.Control.HorizontalContentAlignment.get()"
Dynamic,Method,"System.Void Windows.UI.Xaml.Controls.Control.put_HorizontalContentAlignment(Windows.UI.Xaml.HorizontalAlignment value)"
Dynamic,Method,"Windows.UI.Xaml.Media.Brush Windows.UI.Xaml.Controls.Control.Background.get()"
Dynamic,Method,"System.Void Windows.UI.Xaml.Controls.Control.put_Background(Windows.UI.Xaml.Media.Brush value)"
Dynamic,Method,"Windows.UI.Xaml.Thickness Windows.UI.Xaml.Controls.Control.BorderThickness.get()"
Dynamic,Method,"System.Void Windows.UI.Xaml.Controls.Control.put_BorderThickness(Windows.UI.Xaml.Thickness value)"
Dynamic,Method,"Windows.UI.Xaml.Media.Brush Windows.UI.Xaml.Controls.Control.BorderBrush.get()"
Dynamic,Method,"System.Void Windows.UI.Xaml.Controls.Control.put_BorderBrush(Windows.UI.Xaml.Media.Brush value)"
Dynamic,Method,"System.Boolean Windows.UI.Xaml.Controls.Control.Focus(Windows.UI.Xaml.FocusState value)"
Dynamic,Method,"System.Object Windows.UI.Xaml.Controls.Control.DefaultStyleKey.get()"
Dynamic,Method,"System.Void Windows.UI.Xaml.Controls.Control.put_DefaultStyleKey(System.Object value)"
Dynamic,Method,"Windows.UI.Xaml.DependencyObject Windows.UI.Xaml.Controls.Control.GetTemplateChild(System.String childName)"
Dynamic,Method,"System.Void Windows.UI.Xaml.Controls.Control.OnPointerEntered(Windows.UI.Xaml.Input.PointerRoutedEventArgs e)"
Dynamic,Method,"System.Void Windows.UI.Xaml.Controls.Control.OnPointerPressed(Windows.UI.Xaml.Input.PointerRoutedEventArgs e)"
Dynamic,Method,"System.Void Windows.UI.Xaml.Controls.Control.OnPointerMoved(Windows.UI.Xaml.Input.PointerRoutedEventArgs e)"
Dynamic,Method,"System.Void Windows.UI.Xaml.Controls.Control.OnPointerReleased(Windows.UI.Xaml.Input.PointerRoutedEventArgs e)"
Dynamic,Method,"System.Void Windows.UI.Xaml.Controls.Control.OnPointerExited(Windows.UI.Xaml.Input.PointerRoutedEventArgs e)"
Dynamic,Method,"System.Void Windows.UI.Xaml.Controls.Control.OnPointerCaptureLost(Windows.UI.Xaml.Input.PointerRoutedEventArgs e)"
Dynamic,Method,"System.Void Windows.UI.Xaml.Controls.Control.OnPointerCanceled(Windows.UI.Xaml.Input.PointerRoutedEventArgs e)"
Dynamic,Method,"System.Void Windows.UI.Xaml.Controls.Control.OnPointerWheelChanged(Windows.UI.Xaml.Input.PointerRoutedEventArgs e)"
Dynamic,Method,"System.Void Windows.UI.Xaml.Controls.Control.OnTapped(Windows.UI.Xaml.Input.TappedRoutedEventArgs e)"
Dynamic,Method,"System.Void Windows.UI.Xaml.Controls.Control.OnDoubleTapped(Windows.UI.Xaml.Input.DoubleTappedRoutedEventArgs e)"
Dynamic,Method,"System.Void Windows.UI.Xaml.Controls.Control.OnHolding(Windows.UI.Xaml.Input.HoldingRoutedEventArgs e)"
Dynamic,Method,"System.Void Windows.UI.Xaml.Controls.Control.OnRightTapped(Windows.UI.Xaml.Input.RightTappedRoutedEventArgs e)"
Dynamic,Method,"System.Void Windows.UI.Xaml.Controls.Control.OnManipulationStarting(Windows.UI.Xaml.Input.ManipulationStartingRoutedEventArgs e)"
Dynamic,Method,"System.Void Windows.UI.Xaml.Controls.Control.OnManipulationInertiaStarting(Windows.UI.Xaml.Input.ManipulationInertiaStartingRoutedEventArgs e)"
Dynamic,Method,"System.Void Windows.UI.Xaml.Controls.Control.OnManipulationStarted(Windows.UI.Xaml.Input.ManipulationStartedRoutedEventArgs e)"
Dynamic,Method,"System.Void Windows.UI.Xaml.Controls.Control.OnManipulationDelta(Windows.UI.Xaml.Input.ManipulationDeltaRoutedEventArgs e)"
Dynamic,Method,"System.Void Windows.UI.Xaml.Controls.Control.OnManipulationCompleted(Windows.UI.Xaml.Input.ManipulationCompletedRoutedEventArgs e)"
Dynamic,Method,"System.Void Windows.UI.Xaml.Controls.Control.OnKeyUp(Windows.UI.Xaml.Input.KeyRoutedEventArgs e)"
Dynamic,Method,"System.Void Windows.UI.Xaml.Controls.Control.OnKeyDown(Windows.UI.Xaml.Input.KeyRoutedEventArgs e)"
Dynamic,Method,"System.Void Windows.UI.Xaml.Controls.Control.OnGotFocus(Windows.UI.Xaml.RoutedEventArgs e)"
Dynamic,Method,"System.Void Windows.UI.Xaml.Controls.Control.OnLostFocus(Windows.UI.Xaml.RoutedEventArgs e)"
Dynamic,Method,"System.Void Windows.UI.Xaml.Controls.Control.OnDragEnter(Windows.UI.Xaml.DragEventArgs e)"
Dynamic,Method,"System.Void Windows.UI.Xaml.Controls.Control.OnDragLeave(Windows.UI.Xaml.DragEventArgs e)"
Dynamic,Method,"System.Void Windows.UI.Xaml.Controls.Control.OnDragOver(Windows.UI.Xaml.DragEventArgs e)"
Dynamic,Method,"System.Void Windows.UI.Xaml.Controls.Control.OnDrop(Windows.UI.Xaml.DragEventArgs e)"
Dynamic,Method,"System.Void Windows.UI.Xaml.Controls.Control.OnPreviewKeyDown(Windows.UI.Xaml.Input.KeyRoutedEventArgs e)"
Dynamic,Method,"System.Void Windows.UI.Xaml.Controls.Control.OnPreviewKeyUp(Windows.UI.Xaml.Input.KeyRoutedEventArgs e)"
Dynamic,Method,"System.Void Windows.UI.Xaml.Controls.Control.OnCharacterReceived(Windows.UI.Xaml.Input.CharacterReceivedRoutedEventArgs e)"
Dynamic,Method,"System.Int32 System.Delegate.GetHashCode()"
Dynamic,Method,"System.Object System.Delegate.DynamicInvoke(params System.Object[] args)"
Dynamic,Method,"System.Delegate System.Delegate.Combine(System.Delegate a, System.Delegate b)"
Dynamic,Method,"System.Delegate System.Delegate.Remove(System.Delegate source, System.Delegate value)"
Dynamic,Method,"System.Delegate System.Delegate.RemoveAll(System.Delegate source, System.Delegate value)"
Dynamic,Method,"System.Delegate System.Delegate.Combine(params System.Delegate[] delegates)"
Dynamic,Method,"System.Delegate[] System.Delegate.GetInvocationList()"
Dynamic,Method,"System.Boolean System.Delegate.Equals(System.Object obj)"
Dynamic,Method,"System.Boolean System.Delegate.op_Equality(System.Delegate d1, System.Delegate d2)"
Dynamic,Method,"System.Boolean System.Delegate.op_Inequality(System.Delegate d1, System.Delegate d2)"
Dynamic,Method,"System.Object System.Delegate.Target.get()"
Dynamic,Method,"System.Int32 System.Array.Length.get()"
Dynamic,Method,"System.Array System.Array.CreateInstance(System.Type elementType, System.Int32 length)"
Dynamic,Method,"System.Void System.Array.Resize<T>(ref T[] array, System.Int32 newSize)"
Dynamic,Method,"System.Void System.Array.Copy(System.Array sourceArray, System.Int32 sourceIndex, System.Array destinationArray, System.Int32 destinationIndex, System.Int32 length)"
Dynamic,Method,"System.Void System.Array.Copy(System.Array sourceArray, System.Array destinationArray, System.Int32 length)"
Dynamic,Method,"System.Void System.Array.Clear(System.Array array, System.Int32 index, System.Int32 length)"
Dynamic,Method,"System.Int32 System.Array.GetLength(System.Int32 dimension)"
Dynamic,Method,"System.Int32 System.Array.Rank.get()"
Dynamic,Method,"System.Void System.Array.CopyTo(System.Array array, System.Int32 index)"
Dynamic,Method,"System.Object System.Array.Clone()"
Dynamic,Method,"System.Int32 System.Array.BinarySearch<T>(T[] array, System.Int32 index, System.Int32 length, T value, System.Collections.Generic.IComparer<T> comparer)"
Dynamic,Method,"System.Int32 System.Array.IndexOf<T>(T[] array, T value)"
Dynamic,Method,"System.Int32 System.Array.IndexOf<T>(T[] array, T value, System.Int32 startIndex, System.Int32 count)"
Dynamic,Method,"System.Int32 System.Array.LastIndexOf<T>(T[] array, T value, System.Int32 startIndex, System.Int32 count)"
Dynamic,Method,"System.Void System.Array.Reverse(System.Array array)"
Dynamic,Method,"System.Void System.Array.Sort<T>(T[] array, System.Int32 index, System.Int32 length, System.Collections.Generic.IComparer<T> comparer)"
Dynamic,Method,"T[] System.Array.Empty<T>()"
Dynamic,Method,"System.Int32 System.Array.GetLowerBound(System.Int32 dimension)"
Dynamic,Method,"System.Int32 System.Array.GetUpperBound(System.Int32 dimension)"
Dynamic,Method,"System.Void System.Array.SetValue(System.Object value, System.Int32 index)"
Dynamic,Method,"System.Collections.IEnumerator System.Array.GetEnumerator()"
Dynamic,Method,"System.Void System.Diagnostics.DiagnosticSourceEventSource.Subscriptions..ctor(System.IDisposable subscription, System.Diagnostics.DiagnosticSourceEventSource.Subscriptions next)"
Dynamic,Method,"System.IDisposable System.Collections.ObjectModel.ObservableCollection<Contact>.BlockReentrancy()"
Dynamic,Method,"System.Void System.Action<T1, T2, T3>.Invoke(T1 arg1, T2 arg2, T3 arg3)"
Dynamic,Method,"System.Void System.Collections.ObjectModel.Collection<T>..ctor()"
Dynamic,Method,"System.Void System.Collections.ObjectModel.Collection<T>..ctor(System.Collections.Generic.IList<T> list)"
Dynamic,Method,"System.Int32 System.Collections.ObjectModel.Collection<T>.Count.get()"
Dynamic,Method,"System.Collections.Generic.IList<T> System.Collections.ObjectModel.Collection<T>.Items.get()"
Dynamic,Method,"T System.Collections.ObjectModel.Collection<T>.Item.get(System.Int32 index)"
Dynamic,Method,"System.Void System.Collections.ObjectModel.Collection<T>.Item.set(System.Int32 index, T value)"
Dynamic,Method,"System.Void System.Collections.ObjectModel.Collection<T>.Add(T item)"
Dynamic,Method,"System.Void System.Collections.ObjectModel.Collection<T>.Clear()"
Dynamic,Method,"System.Void System.Collections.ObjectModel.Collection<T>.CopyTo(T[] array, System.Int32 index)"
Dynamic,Method,"System.Boolean System.Collections.ObjectModel.Collection<T>.Contains(T item)"
Dynamic,Method,"System.Collections.Generic.IEnumerator<T> System.Collections.ObjectModel.Collection<T>.GetEnumerator()"
Dynamic,Method,"System.Int32 System.Collections.ObjectModel.Collection<T>.IndexOf(T item)"
Dynamic,Method,"System.Void System.Collections.ObjectModel.Collection<T>.Insert(System.Int32 index, T item)"
Dynamic,Method,"System.Boolean System.Collections.ObjectModel.Collection<T>.Remove(T item)"
Dynamic,Method,"System.Void System.Collections.ObjectModel.Collection<T>.RemoveAt(System.Int32 index)"
Dynamic,Method,"System.Void System.Collections.ObjectModel.Collection<T>.ClearItems()"
Dynamic,Method,"System.Void System.Collections.ObjectModel.Collection<T>.InsertItem(System.Int32 index, T item)"
Dynamic,Method,"System.Void System.Collections.ObjectModel.Collection<T>.RemoveItem(System.Int32 index)"
Dynamic,Method,"System.Void System.Collections.ObjectModel.Collection<T>.SetItem(System.Int32 index, T item)"
Dynamic,Method,"System.Void Windows.UI.Xaml.FrameworkElement..ctor()"
Dynamic,Method,"Windows.UI.Xaml.ResourceDictionary Windows.UI.Xaml.FrameworkElement.Resources.get()"
Dynamic,Method,"System.Void Windows.UI.Xaml.FrameworkElement.put_Resources(Windows.UI.Xaml.ResourceDictionary value)"
Dynamic,Method,"System.Object Windows.UI.Xaml.FrameworkElement.Tag.get()"
Dynamic,Method,"System.Void Windows.UI.Xaml.FrameworkElement.put_Tag(System.Object value)"
Dynamic,Method,"System.Double Windows.UI.Xaml.FrameworkElement.Width.get()"
Dynamic,Method,"System.Void Windows.UI.Xaml.FrameworkElement.put_Width(System.Double value)"
Dynamic,Method,"System.Double Windows.UI.Xaml.FrameworkElement.Height.get()"
Dynamic,Method,"System.Void Windows.UI.Xaml.FrameworkElement.put_Height(System.Double value)"
Dynamic,Method,"System.Double Windows.UI.Xaml.FrameworkElement.MinWidth.get()"
Dynamic,Method,"System.Void Windows.UI.Xaml.FrameworkElement.put_MinWidth(System.Double value)"
Dynamic,Method,"System.Double Windows.UI.Xaml.FrameworkElement.MaxWidth.get()"
Dynamic,Method,"System.Void Windows.UI.Xaml.FrameworkElement.put_MaxWidth(System.Double value)"
Dynamic,Method,"System.Double Windows.UI.Xaml.FrameworkElement.MinHeight.get()"
Dynamic,Method,"System.Void Windows.UI.Xaml.FrameworkElement.put_MinHeight(System.Double value)"
Dynamic,Method,"System.Double Windows.UI.Xaml.FrameworkElement.MaxHeight.get()"
Dynamic,Method,"System.Void Windows.UI.Xaml.FrameworkElement.put_MaxHeight(System.Double value)"
Dynamic,Method,"Windows.UI.Xaml.HorizontalAlignment Windows.UI.Xaml.FrameworkElement.HorizontalAlignment.get()"
Dynamic,Method,"System.Void Windows.UI.Xaml.FrameworkElement.put_HorizontalAlignment(Windows.UI.Xaml.HorizontalAlignment value)"
Dynamic,Method,"Windows.UI.Xaml.VerticalAlignment Windows.UI.Xaml.FrameworkElement.VerticalAlignment.get()"
Dynamic,Method,"System.Void Windows.UI.Xaml.FrameworkElement.put_VerticalAlignment(Windows.UI.Xaml.VerticalAlignment value)"
Dynamic,Method,"Windows.UI.Xaml.Thickness Windows.UI.Xaml.FrameworkElement.Margin.get()"
Dynamic,Method,"System.Void Windows.UI.Xaml.FrameworkElement.put_Margin(Windows.UI.Xaml.Thickness value)"
Dynamic,Method,"System.String Windows.UI.Xaml.FrameworkElement.Name.get()"
Dynamic,Method,"System.Void Windows.UI.Xaml.FrameworkElement.put_Name(System.String value)"
Dynamic,Method,"System.Object Windows.UI.Xaml.FrameworkElement.DataContext.get()"
Dynamic,Method,"System.Void Windows.UI.Xaml.FrameworkElement.put_DataContext(System.Object value)"
Dynamic,Method,"Windows.UI.Xaml.Style Windows.UI.Xaml.FrameworkElement.Style.get()"
Dynamic,Method,"System.Void Windows.UI.Xaml.FrameworkElement.put_Style(Windows.UI.Xaml.Style value)"
Dynamic,Method,"System.Void Windows.UI.Xaml.FrameworkElement.InvalidateViewport()"
Dynamic,Method,"Windows.Foundation.Size Windows.UI.Xaml.FrameworkElement.MeasureOverride(Windows.Foundation.Size availableSize)"
Dynamic,Method,"Windows.Foundation.Size Windows.UI.Xaml.FrameworkElement.ArrangeOverride(Windows.Foundation.Size finalSize)"
Dynamic,Method,"System.Void Windows.UI.Xaml.FrameworkElement.OnApplyTemplate()"
Dynamic,Method,"System.Boolean Windows.UI.Xaml.FrameworkElement.GoToElementStateCore(System.String stateName, System.Boolean useTransitions)"
Dynamic,Method,"System.Collections.Generic.List<System.Collections.Generic.KeyValuePair<System.String, System.String>> System.Diagnostics.DiagnosticSourceEventSource.FilterAndTransform.Morph(System.Object args)"
Dynamic,Method,"System.Void Windows.UI.Xaml.UIElement.put_Opacity(System.Double value)"
Dynamic,Method,"Windows.UI.Xaml.Visibility Windows.UI.Xaml.UIElement.Visibility.get()"
Dynamic,Method,"System.Void Windows.UI.Xaml.UIElement.put_Visibility(Windows.UI.Xaml.Visibility value)"
Dynamic,Method,"Windows.UI.Xaml.Automation.Peers.AutomationPeer Windows.UI.Xaml.UIElement.OnCreateAutomationPeer()"
Dynamic,Method,"System.Void Windows.UI.Xaml.UIElement.OnDisconnectVisualChildren()"
Dynamic,Method,"System.Collections.Generic.IEnumerable<System.Collections.Generic.IEnumerable<Windows.Foundation.Point>> Windows.UI.Xaml.UIElement.FindSubElementsForTouchTargeting(Windows.Foundation.Point point, Windows.Foundation.Rect boundingRect)"
Dynamic,Method,"System.Collections.Generic.IEnumerable<Windows.UI.Xaml.DependencyObject> Windows.UI.Xaml.UIElement.GetChildrenInTabFocusOrder()"
Dynamic,Method,"System.Void Windows.UI.Xaml.UIElement.OnProcessKeyboardAccelerators(Windows.UI.Xaml.Input.ProcessKeyboardAcceleratorEventArgs args)"
Dynamic,Method,"System.Void Windows.UI.Xaml.UIElement.OnKeyboardAcceleratorInvoked(Windows.UI.Xaml.Input.KeyboardAcceleratorInvokedEventArgs args)"
Dynamic,Method,"System.Void Windows.UI.Xaml.UIElement.OnBringIntoViewRequested(Windows.UI.Xaml.BringIntoViewRequestedEventArgs e)"
Dynamic,Method,"System.Void Windows.UI.Xaml.UIElement.PopulatePropertyInfoOverride(System.String propertyName, Windows.UI.Composition.AnimationPropertyInfo animationPropertyInfo)"
Dynamic,Method,"System.Collections.Generic.KeyValuePair<System.String, System.String> System.Diagnostics.DiagnosticSourceEventSource.TransformSpec.Morph(System.Object obj)"
Dynamic,Method,"System.Void Windows.UI.Xaml.DependencyObject..ctor()"
Dynamic,Method,"System.Object Windows.UI.Xaml.DependencyObject.GetValue(Windows.UI.Xaml.DependencyProperty dp)"
Dynamic,Method,"System.Void Windows.UI.Xaml.DependencyObject.SetValue(Windows.UI.Xaml.DependencyProperty dp, System.Object value)"
Dynamic,Method,"Windows.UI.Core.CoreDispatcher Windows.UI.Xaml.DependencyObject.Dispatcher.get()"
Dynamic,Method,"System.Void System.Array.Sort<T>(T[] array, System.Collections.Generic.IComparer<T> comparer)"
Dynamic,Method,"System.Int32 System.Array.BinarySearch<T>(T[] array, T value, System.Collections.Generic.IComparer<T> comparer)"
Dynamic,Method,"System.Void System.Array.Sort<T>(T[] array, System.Int32 index, System.Int32 length)"
Dynamic,Method,"System.Void System.Array.Sort(System.Array array, System.Int32 index, System.Int32 length, System.Collections.IComparer comparer)"
Dynamic,Method,"System.Void System.Array.Sort(System.Array keys, System.Array items, System.Int32 index, System.Int32 length, System.Collections.IComparer comparer)"
Dynamic,Method,"System.Void System.Array.Sort<T>(T[] array, System.Comparison<T> comparison)"
Dynamic,Method,"System.Void System.Array.Reverse(System.Array array, System.Int32 index, System.Int32 length)"
BaseTypeSerialize,Type,"System.Diagnostics.Tracing.EventSource"
BaseTypeSerialize,Type,"System.Object"
BaseTypeSerialize,Type,"System.ValueType"
BaseTypeSerialize,Type,"System.Enum"
DataBinding,Method,"System.String System.Type.Name.get()"
DataBinding,Method,"System.String Windows.UI.Xaml.Data.ICustomProperty.Name.get()"
DataBinding,Method,"System.Xml.XmlDictionaryString System.Runtime.Serialization.DataContract.Name.get()"
DataBinding,Method,"System.Void System.Runtime.Serialization.DataContract.Name.set(System.Xml.XmlDictionaryString value)"
DataBinding,Method,"System.String System.Runtime.Serialization.DataMember.Name.get()"
DataBinding,Method,"System.Void System.Runtime.Serialization.DataMember.Name.set(System.String value)"
DataBinding,Method,"System.String System.Diagnostics.Tracing.EventSource.Name.get()"
DataBinding,Method,"System.String System.Diagnostics.Tracing.EventSourceAttribute.Name.get()"
DataBinding,Method,"System.Void System.Diagnostics.Tracing.EventSourceAttribute.Name.set(System.String value)"
DataBinding,Method,"System.String Contact.Uin.get()"
DataBinding,Method,"System.Void Contact.Uin.set(System.String value)"
DataBinding,Method,"System.String Contact.Name.get()"
DataBinding,Method,"System.Void Contact.Name.set(System.String value)"
DataBinding,Method,"System.String Contact.Group.get()"
DataBinding,Method,"System.Void Contact.Group.set(System.String value)"
DataBinding,Method,"System.Boolean Contact.IsTemporary.get()"
DataBinding,Method,"System.Void Contact.IsTemporary.set(System.Boolean value)"
DataBinding,Method,"System.String Contact.XtrazIcon.get()"
DataBinding,Method,"System.Void Contact.XtrazIcon.set(System.String value)"
DataBinding,Method,"ContactInfo Contact.Info.get()"
DataBinding,Method,"System.Void Contact.Info.set(ContactInfo value)"
DataBinding,Method,"System.UInt16 Contact.ItemId.get()"
DataBinding,Method,"System.Void Contact.ItemId.set(System.UInt16 value)"
DataBinding,Method,"System.UInt16 Contact.GroupId.get()"
DataBinding,Method,"System.Void Contact.GroupId.set(System.UInt16 value)"
DataBinding,Method,"System.String Contact.StatusIcon.get()"
DataBinding,Method,"System.Void Contact.StatusIcon.set(System.String value)"
DataBinding,Method,"System.Boolean Contact.IsNewOnline.get()"
DataBinding,Method,"System.Void Contact.IsNewOnline.set(System.Boolean value)"
DataBinding,Method,"System.Int32 Contact.UnreadCount.get()"
DataBinding,Method,"System.Void Contact.UnreadCount.set(System.Int32 value)"
DataBinding,Method,"System.Boolean Contact.HasUnread.get()"
DataBinding,Method,"System.Byte Contact.BackgroundAlpha.get()"
DataBinding,Method,"System.String ContactInfo.Uin.get()"
DataBinding,Method,"System.Void ContactInfo.Uin.set(System.String value)"
DataBinding,Method,"System.String kicquwp.ChatMessage.Text.get()"
DataBinding,Method,"System.Void kicquwp.ChatMessage.Text.set(System.String value)"
DataBinding,Method,"System.String kicquwp.ChatMessage.SenderName.get()"
DataBinding,Method,"System.Void kicquwp.ChatMessage.SenderName.set(System.String value)"
DataBinding,Method,"System.String kicquwp.ChatMessage.Time.get()"
DataBinding,Method,"System.Void kicquwp.ChatMessage.Time.set(System.String value)"
DataBinding,Method,"System.Boolean kicquwp.ChatMessage.IsIncoming.get()"
DataBinding,Method,"System.Void kicquwp.ChatMessage.IsIncoming.set(System.Boolean value)"
DataBinding,Method,"System.Boolean kicquwp.ChatMessage.IsOutgoing.get()"
DataBinding,Method,"System.Void kicquwp.ChatMessage.IsOutgoing.set(System.Boolean value)"
DataBinding,Method,"System.String kicquwp.ContactGroup.GroupName.get()"
DataBinding,Method,"System.Void kicquwp.ContactGroup.GroupName.set(System.String value)"
DataBinding,Method,"System.String kicquwp.EmojiItem.ImagePath.get()"
DataBinding,Method,"System.Void kicquwp.EmojiItem.ImagePath.set(System.String value)"
DataBinding,Method,"System.String kicquwp.FeatureItem.Text.get()"
DataBinding,Method,"System.Void kicquwp.FeatureItem.Text.set(System.String value)"
DataBinding,Method,"System.String kicquwp.Message.Time.get()"
DataBinding,Method,"System.Void kicquwp.Message.Time.set(System.String value)"
DataBinding,Method,"System.String kicquwp.SearchResult.Uin.get()"
DataBinding,Method,"System.Void kicquwp.SearchResult.Uin.set(System.String value)"
DataBinding,Method,"System.String kicquwp.SearchResult.Nick.get()"
DataBinding,Method,"System.Void kicquwp.SearchResult.Nick.set(System.String value)"
DataBinding,Method,"System.String kicquwp.SearchResult.FirstName.get()"
DataBinding,Method,"System.Void kicquwp.SearchResult.FirstName.set(System.String value)"
DataBinding,Method,"System.String kicquwp.SearchResult.LastName.get()"
DataBinding,Method,"System.Void kicquwp.SearchResult.LastName.set(System.String value)"
DataBinding,Method,"System.String kicquwp.SearchResult.Email.get()"
DataBinding,Method,"System.Void kicquwp.SearchResult.Email.set(System.String value)"
DataBinding,Method,"System.Boolean kicquwp.SearchResult.IsOnline.get()"
DataBinding,Method,"System.Void kicquwp.SearchResult.IsOnline.set(System.Boolean value)"
DataBinding,Method,"System.Byte kicquwp.SearchResult.Gender.get()"
DataBinding,Method,"System.Void kicquwp.SearchResult.Gender.set(System.Byte value)"
DataBinding,Method,"System.UInt16 kicquwp.SearchResult.Age.get()"
DataBinding,Method,"System.Void kicquwp.SearchResult.Age.set(System.UInt16 value)"
DataBinding,Method,"System.String kicquwp.SearchResult.DisplayName.get()"
DataBinding,Method,"System.String kicquwp.SearchResult.UinLine.get()"
DataBinding,Method,"System.String kicquwp.SearchResult.EmailLine.get()"
DataBinding,Method,"System.String kicquwp.SearchResult.Initials.get()"
DataBinding,Method,"System.String kicquwp.kicquwp_XamlTypeInfo.XamlMember.Name.get()"
DataBinding,Method,"System.String kicquwp.OscarProtocol.SsiGroup.Name.get()"
DataBinding,Method,"System.Void kicquwp.OscarProtocol.SsiGroup.Name.set(System.String value)"
DataBinding,Method,"System.String System.Diagnostics.Tracing.EventDataAttribute.Name.get()"
DataBinding,Method,"System.Void System.Diagnostics.Tracing.EventDataAttribute.Name.set(System.String value)"
DataBinding,Method,"System.String System.Globalization.CultureInfo.Name.get()"
DataBinding,Method,"System.String System.Globalization.CultureInfo.DisplayName.get()"
DataBinding,Method,"System.String System.Xml.XmlQualifiedName.Name.get()"
DataBinding,Method,"System.String System.Runtime.Serialization.DataContractAttribute.Name.get()"
DataBinding,Method,"System.Void System.Runtime.Serialization.DataContractAttribute.Name.set(System.String value)"
DataBinding,Method,"System.String System.Runtime.Serialization.CollectionDataContractAttribute.Name.get()"
DataBinding,Method,"System.Void System.Runtime.Serialization.CollectionDataContractAttribute.Name.set(System.String value)"
DataBinding,Method,"System.String System.Reflection.MemberInfo.Name.get()"
DataBinding,Method,"System.String System.Runtime.Serialization.XmlSerializableReader.Name.get()"
DataBinding,Method,"System.String System.Xml.XmlReader.Name.get()"
DataBinding,Method,"System.String System.Xml.XmlNode.Name.get()"
DataBinding,Method,"System.String System.Xml.XmlDocument.Name.get()"
DataBinding,Method,"System.String System.Xml.XmlAttribute.Name.get()"
DataBinding,Method,"System.String System.Reflection.ParameterInfo.Name.get()"
DataBinding,Method,"System.String Windows.UI.Xaml.FrameworkElement.Name.get()"
DataBinding,Method,"System.Void Windows.UI.Xaml.FrameworkElement.put_Name(System.String value)"
DataBinding,Method,"System.String Windows.UI.Xaml.Controls.TextBox.Text.get()"
DataBinding,Method,"System.Void Windows.UI.Xaml.Controls.TextBox.put_Text(System.String value)"
DataBinding,Method,"System.String Windows.UI.Xaml.Controls.TextBlock.Text.get()"
DataBinding,Method,"System.Void Windows.UI.Xaml.Controls.TextBlock.put_Text(System.String value)"
DataBinding,Method,"System.String Windows.UI.Xaml.Controls.ComboBox.Text.get()"
DataBinding,Method,"System.Void Windows.UI.Xaml.Controls.ComboBox.put_Text(System.String value)"
DataBinding,Method,"Windows.UI.Xaml.Controls.ItemsPanelTemplate Windows.UI.Xaml.Controls.GroupStyle.Panel.get()"
DataBinding,Method,"System.Void Windows.UI.Xaml.Controls.GroupStyle.put_Panel(Windows.UI.Xaml.Controls.ItemsPanelTemplate value)"
DataBinding,Method,"System.Boolean Windows.UI.Xaml.Controls.GroupStyle.HidesIfEmpty.get()"
DataBinding,Method,"System.Void Windows.UI.Xaml.Controls.GroupStyle.put_HidesIfEmpty(System.Boolean value)"
DataBinding,Method,"Windows.UI.Xaml.Controls.DataTemplateSelector Windows.UI.Xaml.Controls.GroupStyle.HeaderTemplateSelector.get()"
DataBinding,Method,"System.Void Windows.UI.Xaml.Controls.GroupStyle.put_HeaderTemplateSelector(Windows.UI.Xaml.Controls.DataTemplateSelector value)"
DataBinding,Method,"Windows.UI.Xaml.DataTemplate Windows.UI.Xaml.Controls.GroupStyle.HeaderTemplate.get()"
DataBinding,Method,"System.Void Windows.UI.Xaml.Controls.GroupStyle.put_HeaderTemplate(Windows.UI.Xaml.DataTemplate value)"
DataBinding,Method,"Windows.UI.Xaml.Controls.StyleSelector Windows.UI.Xaml.Controls.GroupStyle.ContainerStyleSelector.get()"
DataBinding,Method,"System.Void Windows.UI.Xaml.Controls.GroupStyle.put_ContainerStyleSelector(Windows.UI.Xaml.Controls.StyleSelector value)"
DataBinding,Method,"Windows.UI.Xaml.Style Windows.UI.Xaml.Controls.GroupStyle.ContainerStyle.get()"
DataBinding,Method,"System.Void Windows.UI.Xaml.Controls.GroupStyle.put_ContainerStyle(Windows.UI.Xaml.Style value)"
DataBinding,Method,"Windows.UI.Xaml.Style Windows.UI.Xaml.Controls.GroupStyle.HeaderContainerStyle.get()"
DataBinding,Method,"System.Void Windows.UI.Xaml.Controls.GroupStyle.put_HeaderContainerStyle(Windows.UI.Xaml.Style value)"
DataBinding,Method,"System.String Windows.UI.Xaml.Markup.IXamlMember.Name.get()"
DataBinding,Method,"System.String Windows.Storage.StorageFile.Name.get()"
DataBinding,Method,"System.String Windows.Storage.StorageFile.DisplayName.get()"
DataBinding,Method,"System.String System.Diagnostics.DebuggerDisplayAttribute.Name.get()"
DataBinding,Method,"System.Void System.Diagnostics.DebuggerDisplayAttribute.Name.set(System.String value)"
DataBinding,Method,"System.String System.Runtime.Serialization.DataMemberAttribute.Name.get()"
DataBinding,Method,"System.Void System.Runtime.Serialization.DataMemberAttribute.Name.set(System.String value)"
DataBinding,Method,"System.String Windows.ApplicationModel.Background.BackgroundTaskRegistration.Name.get()"
DataBinding,Method,"System.String Windows.Storage.StorageFolder.Name.get()"
DataBinding,Method,"System.String Windows.Storage.StorageFolder.DisplayName.get()"
DataBinding,Method,"System.String Windows.Storage.ApplicationDataContainer.Name.get()"
DataBinding,Method,"System.String Windows.Networking.HostName.DisplayName.get()"
DataBinding,Method,"System.String Windows.UI.Xaml.Controls.ComboBoxTextSubmittedEventArgs.Text.get()"
DataBinding,Method,"System.String System.Xml.XmlElement.Name.get()"
DataBinding,Method,"System.String Windows.Globalization.Language.DisplayName.get()"
DataBinding,Method,"System.String Windows.Globalization.GeographicRegion.DisplayName.get()"
DataBinding,Method,"System.String Windows.UI.Xaml.Controls.MenuFlyoutItem.Text.get()"
DataBinding,Method,"System.Void Windows.UI.Xaml.Controls.MenuFlyoutItem.put_Text(System.String value)"
DataBinding,Method,"System.String Windows.UI.Xaml.Documents.TextElement.Name.get()"
DataBinding,Method,"System.String Windows.UI.Xaml.Documents.Run.Text.get()"
DataBinding,Method,"System.Void Windows.UI.Xaml.Documents.Run.put_Text(System.String value)"
DataBinding,Method,"System.String Windows.ApplicationModel.Background.BackgroundTaskBuilder.Name.get()"
DataBinding,Method,"System.Void Windows.ApplicationModel.Background.BackgroundTaskBuilder.put_Name(System.String value)"
DataBinding,Method,"System.String System.Globalization.CompareInfo.Name.get()"
DataBinding,Method,"System.String System.Reflection.Module.Name.get()"
DataBinding,Method,"System.String System.Reflection.AssemblyName.Name.get()"
DataBinding,Method,"System.Void System.Reflection.AssemblyName.Name.set(System.String value)"
DataBinding,Method,"System.String System.Xml.XmlName.Name.get()"
DataBinding,Method,"System.String System.TimeZoneInfo.DisplayName.get()"
DataBinding,Method,"System.String Windows.ApplicationModel.Package.DisplayName.get()"
DataBinding,Method,"System.String Windows.Storage.IStorageItem.Name.get()"
DataBinding,Method,"System.String Windows.ApplicationModel.Background.IBackgroundTaskRegistration.Name.get()"
DataBinding,Method,"System.String Windows.ApplicationModel.PackageId.Name.get()"
DataBinding,Method,"System.String Windows.Storage.IStorageItemProperties.DisplayName.get()"
DataBinding,Method,"System.String System.Xml.XmlDictionaryReader.XmlWrappedReader.Name.get()"
DataBinding,Method,"System.String System.Xml.XmlDocumentType.Name.get()"
DataBinding,Method,"System.String System.Xml.XmlDeclaration.Name.get()"
DataBinding,Method,"System.String System.Diagnostics.Tracing.TraceLoggingTypeInfo.Name.get()"
DataBinding,Method,"System.String System.Xml.XmlText.Name.get()"
DataBinding,Method,"System.String System.Xml.XmlComment.Name.get()"
DataBinding,Method,"System.String System.Xml.XmlProcessingInstruction.Name.get()"
DataBinding,Method,"System.String System.Xml.XmlCDataSection.Name.get()"
DataBinding,Method,"System.String System.Xml.XmlDocumentFragment.Name.get()"
DataBinding,Method,"System.String System.Xml.XmlEntityReference.Name.get()"
DataBinding,Method,"System.String System.Xml.XmlWhitespace.Name.get()"
DataBinding,Method,"System.String System.Xml.XmlSignificantWhitespace.Name.get()"
DataBinding,Method,"System.String System.Diagnostics.DiagnosticListener.Name.get()"
DataBinding,Method,"System.Void System.Diagnostics.DiagnosticListener.Name.set(System.String value)"
DataBinding,Method,"System.String System.Xml.XmlTextReaderImpl.Name.get()"
DataBinding,Method,"System.String System.Xml.XmlAsyncCheckReader.Name.get()"
DataBinding,Method,"System.String System.Net.Http.Headers.NameValueHeaderValue.Name.get()"
DataBinding,Method,"System.String System.Xml.XmlEntity.Name.get()"
DataBinding,Method,"System.String System.Xml.Serialization.XmlAnyElementAttribute.Name.get()"
DataBinding,Method,"System.Void System.Xml.Serialization.XmlAnyElementAttribute.Name.set(System.String value)"
DataBinding,Method,"System.String System.Xml.Serialization.XmlEnumAttribute.Name.get()"
DataBinding,Method,"System.Void System.Xml.Serialization.XmlEnumAttribute.Name.set(System.String value)"
DataBinding,Method,"System.String System.Xml.IDtdEntityInfo.Name.get()"
DataBinding,Method,"System.String System.Xml.IDtdEntityInfo.Text.get()"
DataBinding,Method,"System.String System.Net.Http.Headers.ContentDispositionHeaderValue.Name.get()"
DataBinding,Method,"System.Void System.Net.Http.Headers.ContentDispositionHeaderValue.Name.set(System.String value)"
DataBinding,Method,"System.String System.Net.Http.Headers.WarningHeaderValue.Text.get()"
DataBinding,Method,"System.Xml.XmlQualifiedName System.Xml.IDtdInfo.Name.get()"
DataBinding,Method,"System.String System.Net.Http.Headers.ProductHeaderValue.Name.get()"
DataBinding,Method,"System.String System.Net.Cookie.Name.get()"
DataBinding,Method,"System.Void System.Net.Cookie.Name.set(System.String value)"
DataContractJsonSerializer,Type,"System.Collections.Generic.List<Contact>"
DataContractJsonSerializer,Method,"System.Void System.Collections.Generic.List<Contact>..ctor()"
DataContractJsonSerializer,Method,"System.Void System.Collections.Generic.List<Contact>..ctor(System.Int32)"
DataContractJsonSerializer,Method,"System.Void System.Collections.Generic.List<Contact>..ctor(System.Collections.Generic.IEnumerable<Contact>)"
DataContractJsonSerializer,Method,"System.Int32 System.Collections.Generic.List<Contact>.Capacity.get()"
DataContractJsonSerializer,Method,"System.Void System.Collections.Generic.List<Contact>.Capacity.set(System.Int32)"
DataContractJsonSerializer,Method,"System.Int32 System.Collections.Generic.List<Contact>.Count.get()"
DataContractJsonSerializer,Method,"Contact System.Collections.Generic.List<Contact>.Item.get(System.Int32)"
DataContractJsonSerializer,Method,"System.Void System.Collections.Generic.List<Contact>.Item.set(System.Int32, Contact)"
ContagiousDataContractSerializer,Type,"Contact"
ContagiousDataContractSerializer,Type,"System.Object"
ContagiousDataContractSerializer,Type,"System.Int32"
ContagiousDataContractSerializer,Type,"System.Void"
ContagiousDataContractSerializer,Type,"System.String"
ContagiousDataContractSerializer,Type,"System.Boolean"
ContagiousDataContractSerializer,Type,"ContactInfo"
ContagiousDataContractSerializer,Type,"System.UInt16"
ContagiousDataContractSerializer,Type,"System.ValueType"
ContagiousDataContractSerializer,Type,"System.Char"
ContagiousDataContractSerializer,Type,"System.UInt32"
ContagiousDataContractSerializer,Type,"System.Byte"
ContagiousDataContractSerializer,Field,"System.Int32 System.Int32.MaxValue"
ContagiousDataContractSerializer,Field,"System.Int32 System.Int32.MinValue"
ContagiousDataContractSerializer,Field,"System.String System.String.Empty"
ContagiousDataContractSerializer,Field,"System.String System.Boolean.TrueString"
ContagiousDataContractSerializer,Field,"System.String System.Boolean.FalseString"
ContagiousDataContractSerializer,Field,"System.UInt16 System.UInt16.MaxValue"
ContagiousDataContractSerializer,Field,"System.UInt16 System.UInt16.MinValue"
ContagiousDataContractSerializer,Field,"System.Char System.Char.MaxValue"
ContagiousDataContractSerializer,Field,"System.Char System.Char.MinValue"
ContagiousDataContractSerializer,Field,"System.UInt32 System.UInt32.MaxValue"
ContagiousDataContractSerializer,Field,"System.UInt32 System.UInt32.MinValue"
ContagiousDataContractSerializer,Field,"System.Byte System.Byte.MaxValue"
ContagiousDataContractSerializer,Field,"System.Byte System.Byte.MinValue"
ContagiousDataContractSerializer,Method,"System.Int32 System.Collections.Generic.List<Contact>.Capacity.get()"
ContagiousDataContractSerializer,Method,"System.Void System.Collections.Generic.List<Contact>.Capacity.set(System.Int32)"
ContagiousDataContractSerializer,Method,"Contact System.Collections.Generic.List<Contact>.Item.get(System.Int32)"
ContagiousDataContractSerializer,Method,"System.Void System.Collections.Generic.List<Contact>.Item.set(System.Int32, Contact)"
ContagiousDataContractSerializer,Method,"System.String Contact.Uin.get()"
ContagiousDataContractSerializer,Method,"System.Void Contact.Uin.set(System.String value)"
ContagiousDataContractSerializer,Method,"System.String Contact.Name.get()"
ContagiousDataContractSerializer,Method,"System.Void Contact.Name.set(System.String value)"
ContagiousDataContractSerializer,Method,"System.String Contact.Group.get()"
ContagiousDataContractSerializer,Method,"System.Void Contact.Group.set(System.String value)"
ContagiousDataContractSerializer,Method,"System.Boolean Contact.IsTemporary.get()"
ContagiousDataContractSerializer,Method,"System.Void Contact.IsTemporary.set(System.Boolean value)"
ContagiousDataContractSerializer,Method,"System.String Contact.XtrazIcon.get()"
ContagiousDataContractSerializer,Method,"System.Void Contact.XtrazIcon.set(System.String value)"
ContagiousDataContractSerializer,Method,"ContactInfo Contact.Info.get()"
ContagiousDataContractSerializer,Method,"System.Void Contact.Info.set(ContactInfo value)"
ContagiousDataContractSerializer,Method,"System.UInt16 Contact.ItemId.get()"
ContagiousDataContractSerializer,Method,"System.Void Contact.ItemId.set(System.UInt16 value)"
ContagiousDataContractSerializer,Method,"System.UInt16 Contact.GroupId.get()"
ContagiousDataContractSerializer,Method,"System.Void Contact.GroupId.set(System.UInt16 value)"
ContagiousDataContractSerializer,Method,"System.String Contact.StatusIcon.get()"
ContagiousDataContractSerializer,Method,"System.Void Contact.StatusIcon.set(System.String value)"
ContagiousDataContractSerializer,Method,"System.Boolean Contact.IsNewOnline.get()"
ContagiousDataContractSerializer,Method,"System.Void Contact.IsNewOnline.set(System.Boolean value)"
ContagiousDataContractSerializer,Method,"System.Int32 Contact.UnreadCount.get()"
ContagiousDataContractSerializer,Method,"System.Void Contact.UnreadCount.set(System.Int32 value)"
ContagiousDataContractSerializer,Method,"System.String ContactInfo.Uin.get()"
ContagiousDataContractSerializer,Method,"System.Void ContactInfo.Uin.set(System.String value)"
ContagiousDataContractSerializer,Method,"System.UInt32 ContactInfo.Status.get()"
ContagiousDataContractSerializer,Method,"System.Void ContactInfo.Status.set(System.UInt32 value)"
ContagiousDataContractSerializer,Method,"System.UInt32 ContactInfo.OnlineTime.get()"
ContagiousDataContractSerializer,Method,"System.Void ContactInfo.OnlineTime.set(System.UInt32 value)"
ContagiousDataContractSerializer,Method,"System.UInt32 ContactInfo.SignonTime.get()"
ContagiousDataContractSerializer,Method,"System.Void ContactInfo.SignonTime.set(System.UInt32 value)"
ContagiousDataContractSerializer,Method,"System.UInt32 ContactInfo.MemberSince.get()"
ContagiousDataContractSerializer,Method,"System.Void ContactInfo.MemberSince.set(System.UInt32 value)"
ContagiousDataContractSerializer,Method,"System.UInt32 ContactInfo.ExternalIp.get()"
ContagiousDataContractSerializer,Method,"System.Void ContactInfo.ExternalIp.set(System.UInt32 value)"
ContagiousDataContractSerializer,Method,"System.UInt16 ContactInfo.UserClass.get()"
ContagiousDataContractSerializer,Method,"System.Void ContactInfo.UserClass.set(System.UInt16 value)"
ContagiousDataContractSerializer,Method,"System.UInt32 ContactInfo.DcInternalIp.get()"
ContagiousDataContractSerializer,Method,"System.Void ContactInfo.DcInternalIp.set(System.UInt32 value)"
ContagiousDataContractSerializer,Method,"System.UInt16 ContactInfo.DcPort.get()"
ContagiousDataContractSerializer,Method,"System.Void ContactInfo.DcPort.set(System.UInt16 value)"
ContagiousDataContractSerializer,Method,"System.Byte ContactInfo.DcType.get()"
ContagiousDataContractSerializer,Method,"System.Void ContactInfo.DcType.set(System.Byte value)"
ContagiousDataContractSerializer,Method,"System.String ContactInfo.StatusMessage.get()"
ContagiousDataContractSerializer,Method,"System.Void ContactInfo.StatusMessage.set(System.String value)"
ContagiousDataContractSerializer,Method,"System.String ContactInfo.Mood.get()"
ContagiousDataContractSerializer,Method,"System.Void ContactInfo.Mood.set(System.String value)"
WeakBrowse,Type,"Windows.UI.Xaml.UIElement"
WeakBrowse,Type,"Windows.UI.Xaml.FrameworkElement"
WeakBrowse,Type,"Windows.UI.Xaml.Controls.Control"
WeakBrowse,Type,"Windows.UI.Xaml.Controls.ContentControl"
WeakBrowse,Type,"Windows.UI.Xaml.Controls.Primitives.SelectorItem"
WeakBrowse,Type,"Windows.UI.Xaml.Controls.GridViewItem"
WeakBrowse,Type,"Windows.UI.Xaml.Controls.ListViewItem"
WeakBrowse,Type,"Windows.UI.Xaml.Controls.Primitives.ButtonBase"
WeakBrowse,Type,"Windows.UI.Xaml.Controls.Button"
WeakBrowse,Type,"Windows.UI.Xaml.Controls.TextBox"
WeakBrowse,Type,"Windows.UI.Xaml.Controls.UserControl"
WeakBrowse,Type,"Windows.UI.Xaml.Controls.AppBar"
WeakBrowse,Type,"Windows.UI.Xaml.Controls.Page"
WeakBrowse,Type,"Windows.UI.Xaml.Controls.Panel"
WeakBrowse,Type,"Windows.UI.Xaml.Controls.Grid"
WeakBrowse,Type,"Windows.UI.Xaml.Controls.Border"
WeakBrowse,Type,"Windows.UI.Xaml.Controls.ScrollViewer"
WeakBrowse,Type,"Windows.UI.Xaml.Controls.StackPanel"
WeakBrowse,Type,"Windows.UI.Xaml.Controls.ProgressRing"
WeakBrowse,Type,"Windows.UI.Xaml.Controls.TextBlock"
WeakBrowse,Type,"Windows.UI.Xaml.Controls.IconElement"
WeakBrowse,Type,"Windows.UI.Xaml.Controls.FontIcon"
WeakBrowse,Type,"Windows.UI.Xaml.Controls.ItemsControl"
WeakBrowse,Type,"Windows.UI.Xaml.Controls.Primitives.Selector"
WeakBrowse,Type,"Windows.UI.Xaml.Controls.ListViewBase"
WeakBrowse,Type,"Windows.UI.Xaml.Controls.ListView"
WeakBrowse,Type,"Windows.UI.Xaml.Controls.GridView"
WeakBrowse,Type,"Windows.UI.Xaml.Controls.VirtualizingPanel"
WeakBrowse,Type,"Windows.UI.Xaml.Controls.Primitives.OrientedVirtualizingPanel"
WeakBrowse,Type,"Windows.UI.Xaml.Controls.WrapGrid"
WeakBrowse,Type,"Windows.UI.Xaml.Controls.Image"
WeakBrowse,Type,"Windows.UI.Xaml.Controls.RichTextBlock"
WeakBrowse,Type,"Windows.UI.Xaml.Controls.CommandBar"
WeakBrowse,Type,"Windows.UI.Xaml.Controls.AppBarButton"
WeakBrowse,Type,"Windows.UI.Xaml.Controls.ContentDialog"
WeakBrowse,Type,"Windows.UI.Xaml.Controls.PasswordBox"
WeakBrowse,Type,"Windows.UI.Xaml.Controls.ComboBox"
WeakBrowse,Type,"Windows.UI.Xaml.Controls.ComboBoxItem"
WeakBrowse,Type,"Windows.UI.Xaml.Shapes.Shape"
WeakBrowse,Type,"Windows.UI.Xaml.Shapes.Rectangle"
WeakBrowse,Type,"Windows.UI.Xaml.Shapes.Ellipse"
WeakBrowse,Type,"Windows.UI.Xaml.Controls.ToggleSwitch"
WeakBrowse,Type,"Windows.UI.Xaml.Controls.Primitives.RangeBase"
WeakBrowse,Type,"Windows.UI.Xaml.Controls.Slider"
WeakBrowse,Type,"Windows.UI.Xaml.Controls.MediaElement"
WeakBrowse,Type,"FxResources.System.Private.DataContractSerialization.SR"
WeakBrowse,Type,"FxResources.System.Xml.ReaderWriter.SR"
WeakBrowse,Type,"FxResources.System.Xml.XmlDocument.SR"
WeakBrowse,Type,"FxResources.System.Security.Cryptography.Primitives.SR"
WeakBrowse,Type,"FxResources.System.Security.Cryptography.Encoding.SR"
WeakBrowse,Type,"FxResources.System.Runtime.Numerics.SR"
WeakBrowse,Type,"FxResources.System.Numerics.Vectors.SR"
WeakBrowse,Type,"FxResources.System.Runtime.WindowsRuntime.UI.Xaml.SR"
WeakBrowse,Type,"FxResources.System.Text.Encoding.CodePages.SR"
WeakBrowse,Type,"System.Runtime.Serialization.DataContractAttribute"
WeakBrowse,Type,"System.Runtime.Serialization.CollectionDataContractAttribute"
WeakBrowse,Type,"System.Runtime.Serialization.ContractNamespaceAttribute"
WeakBrowse,Type,"System.Runtime.Serialization.KnownTypeAttribute"
WeakBrowse,Type,"System.Runtime.Serialization.DataContract"
WeakBrowse,Type,"System.Runtime.CompilerServices.InternalsVisibleToAttribute"
WeakBrowse,Type,"System.Collections.Generic.IEnumerable<System.Collections.Generic.KeyValuePair>"
WeakBrowse,Type,"System.Collections.Generic.ICollection"
WeakBrowse,Type,"System.Collections.Generic.IEnumerable"
WeakBrowse,Type,"System.Collections.IEnumerable"
WeakBrowse,Type,"System.String"
WeakBrowse,Type,"System.Object"
WeakBrowse,Type,"System.Runtime.Serialization.DataContractResolver"
WeakBrowse,Type,"System.Xml.Serialization.XmlSerializer"
WeakBrowse,Type,"System.Xml.Serialization.XmlIncludeAttribute"
WeakBrowse,Type,"Windows.System.Profile.AnalyticsInfo"
WeakBrowse,Type,"System.Diagnostics.DiagnosticSourceEventSource"
WeakBrowse,Type,"System.Diagnostics.Tracing.EventSourceAttribute"
WeakBrowse,Type,"System.Resources.MissingManifestResourceException"
WeakBrowse,Type,"System.Void"
WeakBrowse,Type,"System.AggregateException"
WeakBrowse,Type,"System.Exception"
WeakBrowse,Type,"System.ArgumentException"
WeakBrowse,Type,"System.ArgumentNullException"
WeakBrowse,Type,"System.ArgumentOutOfRangeException"
WeakBrowse,Type,"System.ArrayTypeMismatchException"
WeakBrowse,Type,"System.BadImageFormatException"
WeakBrowse,Type,"System.DataMisalignedException"
WeakBrowse,Type,"System.DivideByZeroException"
WeakBrowse,Type,"System.FormatException"
WeakBrowse,Type,"System.IndexOutOfRangeException"
WeakBrowse,Type,"System.InvalidCastException"
WeakBrowse,Type,"System.InvalidOperationException"
WeakBrowse,Type,"System.MissingFieldException"
WeakBrowse,Type,"System.MissingMemberException"
WeakBrowse,Type,"System.MissingMethodException"
WeakBrowse,Type,"System.NotImplementedException"
WeakBrowse,Type,"System.NotSupportedException"
WeakBrowse,Type,"System.NullReferenceException"
WeakBrowse,Type,"System.ObjectDisposedException"
WeakBrowse,Type,"System.OverflowException"
WeakBrowse,Type,"System.PlatformNotSupportedException"
WeakBrowse,Type,"System.Collections.IDictionary"
WeakBrowse,Type,"System.Int32"
WeakBrowse,Type,"System.TimeoutException"
WeakBrowse,Type,"System.TypeLoadException"
WeakBrowse,Type,"System.Security.SecurityException"
WeakBrowse,Type,"System.Reflection.TargetInvocationException"
WeakBrowse,Type,"System.IO.FileLoadException"
WeakBrowse,Type,"System.IO.FileNotFoundException"
WeakBrowse,Type,"System.Globalization.CultureNotFoundException"
WeakBrowse,Type,"System.Collections.Generic.KeyNotFoundException"
WeakBrowse,Type,"System.Runtime.Serialization.InvalidDataContractException"
WeakBrowse,Type,"System.Runtime.Serialization.SerializationException"
WeakBrowse,Type,"System.Xml.XmlException"
WeakBrowse,Type,"System.Array<System.String>"
WeakBrowse,Type,"System.Array<System.Char>"
WeakBrowse,Type,"System.Char"
WeakBrowse,Type,"System.Runtime.InteropServices.MarshalDirectiveException"
WeakBrowse,Type,"System.Runtime.InteropServices.SEHException"
WeakBrowse,Type,"System.Boolean"
WeakBrowse,Type,"System.Xml.XmlQualifiedName"
WeakBrowse,Type,"System.AttributeTargets"
WeakBrowse,Type,"System.Collections.Specialized.NotifyCollectionChangedAction"
WeakBrowse,Type,"Windows.UI.Xaml.DurationType"
WeakBrowse,Type,"Windows.UI.Xaml.GridUnitType"
WeakBrowse,Type,"Windows.UI.Xaml.Media.Animation.RepeatBehaviorType"
WeakBrowse,Type,"Windows.Foundation.PropertyType"
WeakBrowse,Type,"Windows.Foundation.AsyncStatus"
WeakBrowse,Type,"System.Diagnostics.Tracing.EventSource.EventParameterType"
WeakBrowse,Type,"System.Diagnostics.DebuggableAttribute.DebuggingModes"
WeakBrowse,Type,"System.DayOfWeek"
WeakBrowse,Type,"System.Globalization.DateTimeStyles"
WeakBrowse,Type,"System.Globalization.TimeSpanStyles"
WeakBrowse,Type,"System.UriKind"
WeakBrowse,Type,"System.UriHostNameType"
WeakBrowse,Type,"System.UriComponents"
WeakBrowse,Type,"System.UriFormat"
WeakBrowse,Type,"System.StringComparison"
WeakBrowse,Type,"Windows.ApplicationModel.Background.BackgroundTaskCancellationReason"
WeakBrowse,Type,"System.TypeCode"
WeakBrowse,Type,"System.Globalization.NumberStyles"
WeakBrowse,Type,"System.Runtime.InteropServices.VarEnum"
WeakBrowse,Type,"System.Runtime.Serialization.SerializationMode"
WeakBrowse,Type,"System.Byte"
WeakBrowse,Type,"System.Runtime.Serialization.CollectionKind"
WeakBrowse,Type,"System.Xml.XmlNodeType"
WeakBrowse,Type,"System.Xml.XmlNamespaceScope"
WeakBrowse,Type,"System.Xml.WriteState"
WeakBrowse,Type,"System.Xml.XmlSpace"
WeakBrowse,Type,"System.Xml.ExceptionType"
WeakBrowse,Type,"System.Xml.XmlDateTimeSerializationMode"
WeakBrowse,Type,"System.StringSplitOptions"
WeakBrowse,Type,"System.DateTimeKind"
WeakBrowse,Type,"System.Runtime.Serialization.EmitTypeInformation"
WeakBrowse,Type,"System.Diagnostics.Tracing.EventLevel"
WeakBrowse,Type,"System.Int64"
WeakBrowse,Type,"System.Diagnostics.Tracing.EventKeywords"
WeakBrowse,Type,"System.Diagnostics.Tracing.EventOpcode"
WeakBrowse,Type,"System.Diagnostics.Tracing.EventTask"
WeakBrowse,Type,"System.Diagnostics.Tracing.EventTags"
WeakBrowse,Type,"System.Diagnostics.Tracing.EventActivityOptions"
WeakBrowse,Type,"System.Diagnostics.Tracing.EventChannel"
WeakBrowse,Type,"System.Diagnostics.Tracing.EventSourceSettings"
WeakBrowse,Type,"System.Diagnostics.Tracing.EventManifestOptions"
WeakBrowse,Type,"System.Diagnostics.Tracing.EventCommand"
WeakBrowse,Type,"System.Reflection.MethodAttributes"
WeakBrowse,Type,"System.Reflection.CallingConventions"
WeakBrowse,Type,"System.Reflection.MethodImplAttributes"
WeakBrowse,Type,"System.Runtime.InteropServices.CustomQueryInterfaceMode"
WeakBrowse,Type,"System.Threading.Tasks.TaskCreationOptions"
WeakBrowse,Type,"System.Threading.Tasks.TaskStatus"
WeakBrowse,Type,"System.Threading.Tasks.TaskContinuationOptions"
WeakBrowse,Type,"Windows.UI.Xaml.ApplicationTheme"
WeakBrowse,Type,"Windows.UI.Xaml.HorizontalAlignment"
WeakBrowse,Type,"Windows.UI.Xaml.VerticalAlignment"
WeakBrowse,Type,"Windows.UI.Xaml.Visibility"
WeakBrowse,Type,"Windows.UI.Xaml.TextWrapping"
WeakBrowse,Type,"Windows.UI.Xaml.Controls.ScrollBarVisibility"
WeakBrowse,Type,"Windows.UI.Xaml.Controls.Orientation"
WeakBrowse,Type,"Windows.UI.Xaml.TextTrimming"
WeakBrowse,Type,"Windows.UI.Xaml.Controls.ListViewSelectionMode"
WeakBrowse,Type,"Windows.UI.Xaml.Media.Stretch"
WeakBrowse,Type,"Windows.UI.Xaml.Controls.Symbol"
WeakBrowse,Type,"System.Runtime.InteropServices.CallingConvention"
WeakBrowse,Type,"System.Runtime.GCLatencyMode"
WeakBrowse,Type,"System.Runtime.InteropServices.GCHandleType"
WeakBrowse,Type,"Windows.Foundation.Metadata.MarshalingType"
WeakBrowse,Type,"Windows.Foundation.Metadata.ThreadingModel"
WeakBrowse,Type,"System.ComponentModel.EditorBrowsableState"
WeakBrowse,Type,"System.Runtime.InteropServices.ComInterfaceType"
WeakBrowse,Type,"System.Diagnostics.DebuggerBrowsableState"
WeakBrowse,Type,"kicquwp.OscarProtocol"
WeakBrowse,Type,"System.Reflection.DispatchProxy"
WeakBrowse,Type,"System.Func<System.Type, System.Object>"
WeakBrowse,Type,"System.Runtime.Serialization.ClassDataContract"
WeakBrowse,Type,"System.Collections.Generic.KeyValuePair"
WeakBrowse,Type,"System.Uri"
WeakBrowse,Type,"System.Xml.XmlAttribute"
WeakBrowse,Type,"kicquwp.LoginPage"
WeakBrowse,Type,"kicquwp.FeatureItem"
WeakBrowse,Type,"kicquwp.SettingsPage"
WeakBrowse,Type,"kicquwp.AccountInfoPage"
WeakBrowse,Type,"kicquwp.SearchPage"
WeakBrowse,Type,"kicquwp.InfoPage"
WeakBrowse,Type,"kicquwp.ChatPage"
WeakBrowse,Type,"kicquwp.BoolToVisibilityConverter"
WeakBrowse,Type,"Windows.UI.Xaml.DependencyObject"
WeakBrowse,Type,"kicquwp.ByteToOpacityConverter"
WeakBrowse,Type,"kicquwp.MainPage"
WeakBrowse,Type,"System.Collections.ObjectModel.ObservableCollection<Contact>"
WeakBrowse,Type,"System.Collections.ObjectModel.Collection<Contact>"
WeakBrowse,Type,"Contact"
WeakBrowse,Type,"ContactInfo"
WeakBrowse,Type,"System.ValueType"
WeakBrowse,Type,"System.Runtime.Serialization.Json.JsonReadWriteDelegates"
WeakBrowse,Type,"kicquwp.OscarProtocol.TLV"
WeakBrowse,Type,"kicquwp.OscarProtocol.SsiGroup"
WeakBrowse,Type,"kicquwp.SearchResult"
WeakBrowse,Type,"System.Diagnostics.DiagnosticSourceEventSource.Keywords"
WeakBrowse,Type,"System.ComponentModel.INotifyPropertyChanged"
WeakBrowse,Type,"Windows.UI.Xaml.Markup.IComponentConnector"
WeakBrowse,Type,"Windows.UI.Xaml.Markup.IComponentConnector2"
WeakBrowse,Type,"Windows.UI.Xaml.Markup.IXamlMetadataProvider"
WeakBrowse,Type,"Windows.UI.Xaml.Data.IValueConverter"
WeakBrowse,Type,"System.IDisposable"
WeakBrowse,Type,"Windows.UI.Xaml.Markup.IXamlType"
WeakBrowse,Type,"Windows.UI.Xaml.Markup.IXamlMember"
WeakBrowse,Type,"System.Runtime.CompilerServices.IAsyncStateMachine"
WeakBrowse,Type,"kicquwp.App"
WeakBrowse,Type,"kicquwp.ContactStorage"
WeakBrowse,Type,"kicquwp.ControlChannelService"
WeakBrowse,Type,"kicquwp.GitHubUpdateService"
WeakBrowse,Type,"kicquwp.NotificationService"
WeakBrowse,Type,"kicquwp.ReconnectService"
WeakBrowse,Type,"kicquwp.SoundService"
WeakBrowse,Type,"kicquwp.Program"
WeakBrowse,Type,"kicquwp.App.<>c"
WeakBrowse,Type,"kicquwp.App.<>c__DisplayClass18_0"
WeakBrowse,Type,"kicquwp.ChatPage.<>c__DisplayClass27_0"
WeakBrowse,Type,"kicquwp.ChatPage.<>c__DisplayClass30_0"
WeakBrowse,Type,"kicquwp.LoginPage.<>c__DisplayClass13_0"
WeakBrowse,Type,"kicquwp.MainPage.<>c__DisplayClass39_0"
WeakBrowse,Type,"kicquwp.OscarProtocol.<>c__DisplayClass148_0"
WeakBrowse,Type,"kicquwp.OscarProtocol.<>c__DisplayClass181_0"
WeakBrowse,Type,"kicquwp.ReconnectService.<>c__DisplayClass39_0"
WeakBrowse,Type,"Windows.ApplicationModel.Background.IBackgroundTask"
WeakBrowse,Type,"Background.BackgroundTask.BackgroundTask"
WeakBrowse,Type,"Windows.Foundation.IStringable"
WeakBrowse,Type,"System.Diagnostics.Tracing.EventSource"
WeakBrowse,Type,"System.UInt16"
WeakBrowse,Type,"System.ComponentModel.PropertyChangedEventHandler"
WeakBrowse,Type,"System.UInt32"
WeakBrowse,Type,"Windows.UI.Xaml.Navigation.NavigationEventArgs"
WeakBrowse,Type,"Windows.UI.Xaml.RoutedEventArgs"
WeakBrowse,Type,"kicquwp.UserBasicInfo"
WeakBrowse,Type,"Windows.UI.Xaml.Media.ImageBrush"
WeakBrowse,Type,"Windows.ApplicationModel.Activation.LaunchActivatedEventArgs"
WeakBrowse,Type,"Windows.ApplicationModel.Activation.BackgroundActivatedEventArgs"
WeakBrowse,Type,"Windows.UI.Xaml.Navigation.NavigationFailedEventArgs"
WeakBrowse,Type,"Windows.ApplicationModel.Activation.IActivatedEventArgs"
WeakBrowse,Type,"Windows.ApplicationModel.SuspendingEventArgs"
WeakBrowse,Type,"System.Type"
WeakBrowse,Type,"kicquwp.ChatMessage"
WeakBrowse,Type,"Windows.UI.Xaml.RoutedEventHandler"
WeakBrowse,Type,"System.Func<System.String, System.Threading.Tasks.Task>"
WeakBrowse,Type,"Windows.UI.Xaml.Input.KeyRoutedEventArgs"
WeakBrowse,Type,"Windows.UI.Xaml.Controls.TextChangedEventArgs"
WeakBrowse,Type,"Windows.UI.Xaml.Input.HoldingRoutedEventArgs"
WeakBrowse,Type,"Windows.UI.Xaml.Controls.ItemClickEventArgs"
WeakBrowse,Type,"Windows.UI.Core.CoreWindow"
WeakBrowse,Type,"Windows.UI.Core.VisibilityChangedEventArgs"
WeakBrowse,Type,"kicquwp.ContactGroup"
WeakBrowse,Type,"Windows.Networking.Sockets.StreamSocket"
WeakBrowse,Type,"kicquwp.EmojiItem"
WeakBrowse,Type,"kicquwp.EmojiManager"
WeakBrowse,Type,"Windows.UI.Xaml.DependencyPropertyChangedEventArgs"
WeakBrowse,Type,"kicquwp.UpdateCheckResult"
WeakBrowse,Type,"System.DateTime"
WeakBrowse,Type,"Windows.UI.Xaml.Controls.ContentDialogButtonClickEventArgs"
WeakBrowse,Type,"System.Double"
WeakBrowse,Type,"kicquwp.Message"
WeakBrowse,Type,"System.Action"
WeakBrowse,Type,"Windows.UI.Core.CoreDispatcher"
WeakBrowse,Type,"System.Action<System.String, System.String>"
WeakBrowse,Type,"System.Action<System.String>"
WeakBrowse,Type,"System.Action<Contact>"
WeakBrowse,Type,"System.Action<System.String, System.UInt16>"
WeakBrowse,Type,"System.Action<kicquwp.UserBasicInfo>"
WeakBrowse,Type,"System.Action<System.Collections.Generic.List<kicquwp.SearchResult>, System.Boolean>"
WeakBrowse,Type,"System.Action<kicquwp.OscarProtocol.UserFullInfo>"
WeakBrowse,Type,"System.Collections.Generic.List<System.Byte[]>"
WeakBrowse,Type,"System.Array<System.Byte>"
WeakBrowse,Type,"System.Collections.Generic.List<kicquwp.OscarProtocol.TLV>"
WeakBrowse,Type,"System.Array<System.UInt16>"
WeakBrowse,Type,"Windows.Foundation.IAsyncOperation<System.UInt32>"
WeakBrowse,Type,"Windows.Storage.Streams.DataReader"
WeakBrowse,Type,"kicquwp.OscarProtocol.FlapFrame"
WeakBrowse,Type,"System.Threading.CancellationToken"
WeakBrowse,Type,"System.TimeSpan"
WeakBrowse,Type,"System.IO.MemoryStream"
WeakBrowse,Type,"System.Collections.Generic.List<kicquwp.SearchResult>"
WeakBrowse,Type,"System.Action<kicquwp.OscarProtocol>"
WeakBrowse,Type,"kicquwp.SettingsManager"
WeakBrowse,Type,"Windows.UI.Xaml.Controls.Primitives.RangeBaseValueChangedEventArgs"
WeakBrowse,Type,"kicquwp.kicquwp_XamlTypeInfo.XamlTypeInfoProvider"
WeakBrowse,Type,"kicquwp.kicquwp_XamlTypeInfo.XamlSystemBaseType"
WeakBrowse,Type,"kicquwp.kicquwp_XamlTypeInfo.Activator"
WeakBrowse,Type,"System.IntPtr"
WeakBrowse,Type,"System.AsyncCallback"
WeakBrowse,Type,"System.IAsyncResult"
WeakBrowse,Type,"kicquwp.kicquwp_XamlTypeInfo.AddToCollection"
WeakBrowse,Type,"kicquwp.kicquwp_XamlTypeInfo.AddToDictionary"
WeakBrowse,Type,"kicquwp.kicquwp_XamlTypeInfo.XamlUserType"
WeakBrowse,Type,"kicquwp.kicquwp_XamlTypeInfo.Getter"
WeakBrowse,Type,"kicquwp.kicquwp_XamlTypeInfo.Setter"
WeakBrowse,Type,"kicquwp.kicquwp_XamlTypeInfo.XamlMember"
WeakBrowse,Type,"kicquwp.AccountInfoPage.<OnNavigatedTo>d__2"
WeakBrowse,Type,"kicquwp.AccountInfoPage.<LoadUserInfo>d__4"
WeakBrowse,Type,"kicquwp.AccountInfoPage.<SaveButton_Click>d__5"
WeakBrowse,Type,"Windows.UI.Xaml.UnhandledExceptionEventArgs"
WeakBrowse,Type,"System.Threading.Tasks.UnobservedTaskExceptionEventArgs"
WeakBrowse,Type,"kicquwp.App.<>c__DisplayClass19_0"
WeakBrowse,Type,"System.Threading.Tasks.Task"
WeakBrowse,Type,"kicquwp.App.<OnActivated>d__21"
WeakBrowse,Type,"kicquwp.App.<>c__DisplayClass22_0"
WeakBrowse,Type,"kicquwp.App.<OpenChatPageFromToastAsync>d__22"
WeakBrowse,Type,"kicquwp.App.<OnResuming>d__25"
WeakBrowse,Type,"kicquwp.ChatPage.<OnNavigatedTo>d__15"
WeakBrowse,Type,"kicquwp.ChatPage.<OnChatConnectionLost>d__16"
WeakBrowse,Type,"kicquwp.ChatPage.<AddToContacts_Click>d__20"
WeakBrowse,Type,"kicquwp.ChatPage.<ContactInfo_Click>d__22"
WeakBrowse,Type,"kicquwp.ChatPage.<RenameContact_Click>d__23"
WeakBrowse,Type,"kicquwp.ChatPage.<DeleteContact_Click>d__24"
WeakBrowse,Type,"kicquwp.ChatPage.<ClearChat_Click>d__25"
WeakBrowse,Type,"kicquwp.ChatPage.<>c__DisplayClass26_0"
WeakBrowse,Type,"Windows.UI.Xaml.Controls.ContentDialogOpenedEventArgs"
WeakBrowse,Type,"kicquwp.ChatPage.<ShowRenameDialogAsync>d__26"
WeakBrowse,Type,"kicquwp.ChatPage.<OnIncomingMessage>d__27"
WeakBrowse,Type,"kicquwp.ChatPage.<SendMessage_Click>d__28"
WeakBrowse,Type,"kicquwp.ChatPage.<MessageTextBox_KeyDown>d__29"
WeakBrowse,Type,"kicquwp.ChatPage.<>c"
WeakBrowse,Type,"kicquwp.ChatPage.<SendCurrentMessageAsync>d__30"
WeakBrowse,Type,"kicquwp.ChatPage.<>c__DisplayClass31_0"
WeakBrowse,Type,"kicquwp.ChatPage.<OnTypingNotification>d__31"
WeakBrowse,Type,"kicquwp.ChatPage.<MessageTextBox_TextChanged>d__32"
WeakBrowse,Type,"kicquwp.ChatPage.<OnTypingTimerTick>d__33"
WeakBrowse,Type,"kicquwp.ChatPage.<>c__DisplayClass34_0"
WeakBrowse,Type,"kicquwp.ChatPage.<ForwardMessageAsync>d__38"
WeakBrowse,Type,"kicquwp.ChatPage.<ShowForwardContactPickerAsync>d__39"
WeakBrowse,Type,"kicquwp.ChatPage.<LoadEmojiAnimationsAsync>d__41"
WeakBrowse,Type,"kicquwp.ChatPage.<ApplyChatBackgroundAsync>d__47"
WeakBrowse,Type,"kicquwp.ChatPage.<SaveMessageAsync>d__50"
WeakBrowse,Type,"kicquwp.ChatPage.<LoadHistoryAsync>d__51"
WeakBrowse,Type,"kicquwp.ChatPage.<ShowErrorDialogAsync>d__52"
WeakBrowse,Type,"kicquwp.ChatPage.<ShowDialogAsync>d__53"
WeakBrowse,Type,"kicquwp.ChatPage.<ShowInfoDialogAsync>d__54"
WeakBrowse,Type,"kicquwp.ChatPage.<<RenameContact_Click>b__23_0>d"
WeakBrowse,Type,"kicquwp.ContactStorage.<SaveContactsToFileAsync>d__0"
WeakBrowse,Type,"kicquwp.ContactStorage.<LoadContactsFromFileAsync>d__1"
WeakBrowse,Type,"kicquwp.ControlChannelService.<InitializeAsync>d__9"
WeakBrowse,Type,"kicquwp.FeatureItem.<>c"
WeakBrowse,Type,"kicquwp.GitHubUpdateService.<CheckForUpdatesAsync>d__7"
WeakBrowse,Type,"kicquwp.GitHubUpdateService.<OpenReleasePageAsync>d__8"
WeakBrowse,Type,"kicquwp.LoginPage.<>c"
WeakBrowse,Type,"kicquwp.LoginPage.<LoginButton_Click>d__3"
WeakBrowse,Type,"kicquwp.LoginPage.<>c__DisplayClass4_0"
WeakBrowse,Type,"kicquwp.LoginPage.<UpdateStatusText>d__4"
WeakBrowse,Type,"kicquwp.LoginPage.<RegButton_Click>d__6"
WeakBrowse,Type,"kicquwp.LoginPage.<RegisterDialog_PrimaryButtonClick>d__7"
WeakBrowse,Type,"kicquwp.LoginPage.<ShowErrorDialog>d__8"
WeakBrowse,Type,"kicquwp.LoginPage.<HelpButton_Click>d__10"
WeakBrowse,Type,"kicquwp.LoginPage.<ExitButton_Click>d__11"
WeakBrowse,Type,"kicquwp.LoginPage.<ShowMessageDialog>d__13"
WeakBrowse,Type,"kicquwp.MainPage.<>c__DisplayClass15_0"
WeakBrowse,Type,"kicquwp.MainPage.<InitAsync>d__15"
WeakBrowse,Type,"kicquwp.MainPage.<LoadLastUsedUinAsync>d__17"
WeakBrowse,Type,"kicquwp.MainPage.<SaveLastUsedUinAsync>d__18"
WeakBrowse,Type,"kicquwp.MainPage.<ContactItem_Holding>d__23"
WeakBrowse,Type,"kicquwp.MainPage.<OnConnectionLostHandler>d__24"
WeakBrowse,Type,"kicquwp.MainPage.<ShowContactContextMenuAsync>d__25"
WeakBrowse,Type,"kicquwp.MainPage.<ShowTemporaryContactMenuAsync>d__26"
WeakBrowse,Type,"kicquwp.MainPage.<ShowRegularContactMenuAsync>d__27"
WeakBrowse,Type,"kicquwp.MainPage.<ShowEditDeleteMenuAsync>d__28"
WeakBrowse,Type,"kicquwp.MainPage.<>c__DisplayClass29_0"
WeakBrowse,Type,"kicquwp.MainPage.<ShowRenameDialogAsync>d__29"
WeakBrowse,Type,"kicquwp.MainPage.<ConfirmAndDeleteContactAsync>d__30"
WeakBrowse,Type,"kicquwp.MainPage.<ShowContactInfoAsync>d__31"
WeakBrowse,Type,"kicquwp.MainPage.<>c__DisplayClass32_0"
WeakBrowse,Type,"kicquwp.MainPage.<>c"
WeakBrowse,Type,"kicquwp.MainPage.<ShowMoveToGroupDialogAsync>d__32"
WeakBrowse,Type,"kicquwp.MainPage.<>c__DisplayClass33_0"
WeakBrowse,Type,"kicquwp.MainPage.<>c__DisplayClass35_0"
WeakBrowse,Type,"kicquwp.MainPage.<OnKickedOut>d__39"
WeakBrowse,Type,"kicquwp.MainPage.<SetStatus_Click>d__43"
WeakBrowse,Type,"kicquwp.MainPage.<LoadContacts>d__46"
WeakBrowse,Type,"kicquwp.MainPage.<ApplySettings>d__47"
WeakBrowse,Type,"kicquwp.MainPage.<ApplyBackgroundAsync>d__48"
WeakBrowse,Type,"kicquwp.MainPage.<LogoutButton_Click>d__50"
WeakBrowse,Type,"kicquwp.MainPage.<ShowErrorDialogAsync>d__58"
WeakBrowse,Type,"kicquwp.MainPage.<ShowInfoDialogAsync>d__59"
WeakBrowse,Type,"kicquwp.MainPage.<<ApplySettings>b__47_0>d"
WeakBrowse,Type,"kicquwp.NotificationService.<OnMessageReceived>d__12"
WeakBrowse,Type,"kicquwp.NotificationService.<>c"
WeakBrowse,Type,"kicquwp.NotificationService.<PlaySound>d__19"
WeakBrowse,Type,"System.Collections.Generic.List<System.UInt16>"
WeakBrowse,Type,"kicquwp.OscarProtocol.UserFullInfo"
WeakBrowse,Type,"kicquwp.OscarProtocol.StatusIconHelper"
WeakBrowse,Type,"kicquwp.OscarProtocol.SnacFlags"
WeakBrowse,Type,"kicquwp.OscarProtocol.SnacPacket"
WeakBrowse,Type,"kicquwp.OscarProtocol.<ConnectAsync>d__76"
WeakBrowse,Type,"kicquwp.OscarProtocol.<AuthenticateAsync>d__80"
WeakBrowse,Type,"kicquwp.OscarProtocol.<DirectAuth>d__81"
WeakBrowse,Type,"kicquwp.OscarProtocol.<RegisterNewAccountAsync>d__82"
WeakBrowse,Type,"kicquwp.OscarProtocol.<SendLoginWithChallenge>d__85"
WeakBrowse,Type,"kicquwp.OscarProtocol.<SendTlvLogin>d__86"
WeakBrowse,Type,"kicquwp.OscarProtocol.<SendFlapAsync>d__90"
WeakBrowse,Type,"kicquwp.OscarProtocol.<SendServiceVersionsRequestAsync>d__92"
WeakBrowse,Type,"kicquwp.OscarProtocol.<SendSnacAsync>d__95"
WeakBrowse,Type,"kicquwp.OscarProtocol.<SendClientReadyAsync>d__96"
WeakBrowse,Type,"kicquwp.OscarProtocol.<WaitForServerFamiliesAsync>d__97"
WeakBrowse,Type,"kicquwp.OscarProtocol.<>c__DisplayClass103_0"
WeakBrowse,Type,"kicquwp.OscarProtocol.<>c__DisplayClass104_0"
WeakBrowse,Type,"kicquwp.OscarProtocol.<>c__DisplayClass104_1"
WeakBrowse,Type,"kicquwp.OscarProtocol.<>c__DisplayClass108_0"
WeakBrowse,Type,"kicquwp.OscarProtocol.<ReceiveFlapAsync>d__108"
WeakBrowse,Type,"kicquwp.OscarProtocol.<ReceiveFlapWithTimeout>d__110"
WeakBrowse,Type,"kicquwp.OscarProtocol.<WaitForServiceVersionsAsync>d__111"
WeakBrowse,Type,"kicquwp.OscarProtocol.<InitializeOscarSessionAsync>d__113"
WeakBrowse,Type,"kicquwp.OscarProtocol.<>c__DisplayClass114_0"
WeakBrowse,Type,"kicquwp.OscarProtocol.<InitServicesAsync>d__114"
WeakBrowse,Type,"kicquwp.OscarProtocol.<SendRateLimitsAckAsync>d__115"
WeakBrowse,Type,"kicquwp.OscarProtocol.<SendIcbmParametersAsync>d__116"
WeakBrowse,Type,"kicquwp.OscarProtocol.<ClientIdentAsync>d__117"
WeakBrowse,Type,"kicquwp.OscarProtocol.<ReceiveSnacAsync>d__121"
WeakBrowse,Type,"kicquwp.OscarProtocol.<ReceiveSnacWithTimeout>d__123"
WeakBrowse,Type,"kicquwp.OscarProtocol.<GetContactsAsync>d__124"
WeakBrowse,Type,"kicquwp.OscarProtocol.<SendClientCapabilitiesAsync>d__125"
WeakBrowse,Type,"kicquwp.OscarProtocol.<>c__DisplayClass129_0"
WeakBrowse,Type,"kicquwp.OscarProtocol.<>c__DisplayClass129_1"
WeakBrowse,Type,"kicquwp.OscarProtocol.<RemoveContactAsync>d__129"
WeakBrowse,Type,"kicquwp.OscarProtocol.<>c__DisplayClass130_0"
WeakBrowse,Type,"kicquwp.OscarProtocol.<>c__DisplayClass130_1"
WeakBrowse,Type,"kicquwp.OscarProtocol.<RenameContactAsync>d__130"
WeakBrowse,Type,"kicquwp.OscarProtocol.<MoveContactAsync>d__131"
WeakBrowse,Type,"kicquwp.OscarProtocol.<SendSetStatusAsync>d__134"
WeakBrowse,Type,"kicquwp.OscarProtocol.<ConnectToBosAsync>d__135"
WeakBrowse,Type,"kicquwp.OscarProtocol.<ConnectToBosSocketAsync>d__136"
WeakBrowse,Type,"kicquwp.OscarProtocol.<HandleBosRedirectAsync>d__137"
WeakBrowse,Type,"kicquwp.OscarProtocol.<SendIcbmAsync>d__141"
WeakBrowse,Type,"kicquwp.OscarProtocol.<SendSingleIcbmAsync>d__142"
WeakBrowse,Type,"kicquwp.OscarProtocol.<WaitForRedirectOrBosAsync>d__147"
WeakBrowse,Type,"kicquwp.OscarProtocol.<ShowMessageDialog>d__148"
WeakBrowse,Type,"kicquwp.OscarProtocol.<AuthenticateAndInitializeAsync>d__149"
WeakBrowse,Type,"kicquwp.OscarProtocol.<SendCapabilitiesAsync>d__150"
WeakBrowse,Type,"kicquwp.OscarProtocol.<>c__DisplayClass152_0"
WeakBrowse,Type,"kicquwp.OscarProtocol.<>c__DisplayClass152_1"
WeakBrowse,Type,"kicquwp.OscarProtocol.<HandleIncomingIcbm>d__152"
WeakBrowse,Type,"kicquwp.OscarProtocol.<>c__DisplayClass155_0"
WeakBrowse,Type,"kicquwp.OscarProtocol.<RequestFullUserInfoAsync>d__155"
WeakBrowse,Type,"kicquwp.OscarProtocol.<>c__DisplayClass157_0"
WeakBrowse,Type,"kicquwp.OscarProtocol.<SetBasicUserInfoAsync>d__157"
WeakBrowse,Type,"kicquwp.OscarProtocol.<SetStatusAsync>d__165"
WeakBrowse,Type,"kicquwp.OscarProtocol.<ReceiveLoopAsync>d__167"
WeakBrowse,Type,"kicquwp.OscarProtocol.<HandleFlapAsync>d__168"
WeakBrowse,Type,"kicquwp.OscarProtocol.<>c__DisplayClass169_0"
WeakBrowse,Type,"kicquwp.OscarProtocol.<SendTypingNotificationAsync>d__170"
WeakBrowse,Type,"kicquwp.OscarProtocol.<>c__DisplayClass171_0"
WeakBrowse,Type,"kicquwp.OscarProtocol.<>c__DisplayClass174_0"
WeakBrowse,Type,"kicquwp.OscarProtocol.<HandleUserOfflineAsync>d__174"
WeakBrowse,Type,"kicquwp.OscarProtocol.<>c"
WeakBrowse,Type,"kicquwp.OscarProtocol.<HandleServiceFamilies>d__175"
WeakBrowse,Type,"kicquwp.OscarProtocol.<SearchByUinAsync>d__180"
WeakBrowse,Type,"kicquwp.OscarProtocol.<SearchByDetailsAsync>d__183"
WeakBrowse,Type,"kicquwp.OscarProtocol.<SearchByEmailAsync>d__184"
WeakBrowse,Type,"kicquwp.OscarProtocol.<ReceiveSearchResults>d__185"
WeakBrowse,Type,"kicquwp.OscarProtocol.<>c__DisplayClass186_0"
WeakBrowse,Type,"kicquwp.OscarProtocol.<DeleteAccountAsync>d__191"
WeakBrowse,Type,"kicquwp.OscarProtocol.<DisconnectAfterDeleteAsync>d__194"
WeakBrowse,Type,"kicquwp.OscarProtocol.<>c__DisplayClass198_0"
WeakBrowse,Type,"kicquwp.OscarProtocol.<>c__DisplayClass198_1"
WeakBrowse,Type,"kicquwp.OscarProtocol.<AddContactAsync>d__198"
WeakBrowse,Type,"kicquwp.OscarProtocol.<RequestUserInfoAsync>d__200"
WeakBrowse,Type,"kicquwp.OscarProtocol.<HandleServiceVersionsResponse>d__201"
WeakBrowse,Type,"kicquwp.OscarProtocol.<TeardownForReconnectAsync>d__202"
WeakBrowse,Type,"kicquwp.OscarProtocol.<DisconnectAsync>d__203"
WeakBrowse,Type,"kicquwp.OscarProtocol.<>c__DisplayClass205_0"
WeakBrowse,Type,"kicquwp.OscarProtocol.<>c__DisplayClass205_1"
WeakBrowse,Type,"kicquwp.OscarProtocol.<HandleUserOnlineAsync>d__205"
WeakBrowse,Type,"kicquwp.OscarProtocol.<ReceiveServerSnacsAsync>d__211"
WeakBrowse,Type,"kicquwp.OscarProtocol.<KeepAliveLoopAsync>d__212"
WeakBrowse,Type,"kicquwp.ReconnectService.<OnNetworkStatusChanged>d__33"
WeakBrowse,Type,"kicquwp.ReconnectService.<MonitorLoopAsync>d__35"
WeakBrowse,Type,"kicquwp.ReconnectService.<ForceReconnectAsync>d__36"
WeakBrowse,Type,"kicquwp.ReconnectService.<TryReconnectAsync>d__37"
WeakBrowse,Type,"kicquwp.ReconnectService.<OnIncomingMessage>d__40"
WeakBrowse,Type,"kicquwp.SearchPage.<SearchButton_Click>d__8"
WeakBrowse,Type,"kicquwp.SearchPage.<AddContact_Click>d__9"
WeakBrowse,Type,"kicquwp.SettingsPage.<PickBackground_Click>d__2"
WeakBrowse,Type,"kicquwp.SettingsPage.<PickChatBackground_Click>d__3"
WeakBrowse,Type,"kicquwp.SettingsPage.<ClearChatBackground_Click>d__11"
WeakBrowse,Type,"kicquwp.SettingsPage.<ClearBackground_Click>d__15"
WeakBrowse,Type,"kicquwp.SettingsPage.<CheckUpdate_Click>d__18"
WeakBrowse,Type,"kicquwp.SettingsPage.<OpenReleases_Click>d__19"
WeakBrowse,Type,"kicquwp.SettingsPage.<CheckForUpdatesAsync>d__21"
WeakBrowse,Type,"kicquwp.SettingsPage.<>c__DisplayClass23_0"
WeakBrowse,Type,"kicquwp.SettingsPage.<DeleteAccount_Click>d__23"
WeakBrowse,Type,"kicquwp.SoundService.<PlayMessage>d__4"
WeakBrowse,Type,"kicquwp.SoundService.<PlayOnline>d__5"
WeakBrowse,Type,"kicquwp.SoundService.<PlayOffline>d__6"
WeakBrowse,Type,"kicquwp.SoundService.<PlayError>d__7"
WeakBrowse,Type,"kicquwp.SoundService.<PlayNotification>d__8"
WeakBrowse,Type,"kicquwp.SoundService.<>c"
WeakBrowse,Type,"kicquwp.SoundService.<Play>d__9"
WeakBrowse,Type,"kicquwp.Program.<>c"
WeakBrowse,Type,"Windows.UI.Xaml.ApplicationInitializationCallbackParams"
WeakBrowse,Type,"kicquwp.App.<>c.<<CheckUpdateOnStartup>b__18_0>d"
WeakBrowse,Type,"kicquwp.App.<>c__DisplayClass18_0.<<CheckUpdateOnStartup>b__1>d"
WeakBrowse,Type,"kicquwp.ChatPage.<>c__DisplayClass27_0.<<OnIncomingMessage>b__0>d"
WeakBrowse,Type,"kicquwp.ChatPage.<>c__DisplayClass30_0.<<SendCurrentMessageAsync>b__2>d"
WeakBrowse,Type,"kicquwp.LoginPage.<>c__DisplayClass13_0.<<ShowMessageDialog>b__0>d"
WeakBrowse,Type,"kicquwp.MainPage.<>c__DisplayClass39_0.<<OnKickedOut>b__0>d"
WeakBrowse,Type,"kicquwp.OscarProtocol.<>c__DisplayClass148_0.<<ShowMessageDialog>b__0>d"
WeakBrowse,Type,"kicquwp.OscarProtocol.<>c__DisplayClass181_0.<<RequestFullUserInfoDetailedAsync>b__1>d"
WeakBrowse,Type,"kicquwp.ReconnectService.<>c__DisplayClass39_0.<<ForceReconnect>b__0>d"
WeakBrowse,Type,"System.Diagnostics.Tracing.EventAttribute"
WeakBrowse,Type,"System.Diagnostics.Tracing.EventDataAttribute"
WeakBrowse,Type,"Windows.ApplicationModel.Background.IBackgroundTaskInstance"
WeakBrowse,Type,"Background.BackgroundTask.BackgroundTask.<Run>d__1"
WeakBrowse,Type,"System.Diagnostics.Tracing.PropertyValue.ReferenceTypeHelper<System.Object>"
WeakBrowse,Type,"System.Reflection.PropertyInfo"
WeakBrowse,Type,"System.Collections.Generic.IDictionary<System.String, System.String>"
WeakBrowse,Type,"System.Guid"
WeakBrowse,Type,"System.Array<System.Diagnostics.Tracing.EventSource.EventMetadata>"
WeakBrowse,Type,"System.Diagnostics.Tracing.EventCommandEventArgs"
WeakBrowse,Type,"System.Array<System.Object>"
WeakBrowse,Type,"System.Diagnostics.Tracing.EventSourceOptions"
WeakBrowse,Type,"System.Collections.Generic.IEnumerable<System.Collections.Generic.KeyValuePair<System.String, System.String>>"
WeakBrowse,Type,"System.Runtime.CompilerServices.CompilationRelaxationsAttribute"
WeakBrowse,Type,"System.Runtime.CompilerServices.RuntimeCompatibilityAttribute"
WeakBrowse,Type,"System.Diagnostics.DebuggableAttribute"
WeakBrowse,Type,"System.Reflection.AssemblyTitleAttribute"
WeakBrowse,Type,"System.Reflection.AssemblyDescriptionAttribute"
WeakBrowse,Type,"System.Reflection.AssemblyConfigurationAttribute"
WeakBrowse,Type,"System.Reflection.AssemblyCompanyAttribute"
WeakBrowse,Type,"System.Reflection.AssemblyProductAttribute"
WeakBrowse,Type,"System.Reflection.AssemblyCopyrightAttribute"
WeakBrowse,Type,"System.Reflection.AssemblyTrademarkAttribute"
WeakBrowse,Type,"System.Reflection.AssemblyFileVersionAttribute"
WeakBrowse,Type,"System.Runtime.InteropServices.ComVisibleAttribute"
WeakBrowse,Type,"System.Runtime.Versioning.TargetFrameworkAttribute"
WeakBrowse,Type,"System.Reflection.AssemblyDefaultAliasAttribute"
WeakBrowse,Type,"System.Reflection.AssemblyInformationalVersionAttribute"
WeakBrowse,Type,"System.CLSCompliantAttribute"
WeakBrowse,Type,"System.Reflection.AssemblyMetadataAttribute"
WeakBrowse,Type,"System.Resources.NeutralResourcesLanguageAttribute"
WeakBrowse,Type,"System.Runtime.CompilerServices.ExtensionAttribute"
WeakBrowse,Type,"System.Reflection.AssemblyKeyFileAttribute"
WeakBrowse,Type,"System.Reflection.AssemblyDelaySignAttribute"
WeakBrowse,Type,"System.Windows.Input.ICommand"
WeakBrowse,Type,"System.EventHandler"
WeakBrowse,Type,"System.EventArgs"
WeakBrowse,Type,"System.Collections.Specialized.INotifyCollectionChanged"
WeakBrowse,Type,"System.Collections.Specialized.NotifyCollectionChangedEventHandler"
WeakBrowse,Type,"System.Collections.Specialized.NotifyCollectionChangedEventArgs"
WeakBrowse,Type,"System.ComponentModel.PropertyChangedEventArgs"
WeakBrowse,Type,"Windows.UI.Xaml.Data.ICustomProperty"
WeakBrowse,Type,"Windows.UI.Xaml.DependencyPropertyChangedEventHandler"
WeakBrowse,Type,"System.Runtime.InteropServices.WindowsRuntime.EventRegistrationToken"
WeakBrowse,Type,"Windows.Foundation.TypedEventHandler<Windows.UI.Xaml.Controls.Control, Windows.UI.Xaml.Controls.FocusDisengagedEventArgs>"
WeakBrowse,Type,"Windows.UI.Xaml.Controls.FocusDisengagedEventArgs"
WeakBrowse,Type,"Windows.Foundation.TypedEventHandler<Windows.UI.Xaml.Controls.Control, Windows.UI.Xaml.Controls.FocusEngagedEventArgs>"
WeakBrowse,Type,"Windows.UI.Xaml.Controls.FocusEngagedEventArgs"
WeakBrowse,Type,"System.EventHandler<System.Object>"
WeakBrowse,Type,"Windows.UI.Xaml.SizeChangedEventHandler"
WeakBrowse,Type,"Windows.Foundation.TypedEventHandler<Windows.UI.Xaml.FrameworkElement, Windows.UI.Xaml.DataContextChangedEventArgs>"
WeakBrowse,Type,"Windows.UI.Xaml.DataContextChangedEventArgs"
WeakBrowse,Type,"Windows.Foundation.TypedEventHandler<Windows.UI.Xaml.FrameworkElement, System.Object>"
WeakBrowse,Type,"Windows.Foundation.TypedEventHandler<Windows.UI.Xaml.FrameworkElement, Windows.UI.Xaml.EffectiveViewportChangedEventArgs>"
WeakBrowse,Type,"Windows.UI.Xaml.EffectiveViewportChangedEventArgs"
WeakBrowse,Type,"Windows.UI.Xaml.Input.DoubleTappedEventHandler"
WeakBrowse,Type,"Windows.UI.Xaml.DragEventHandler"
WeakBrowse,Type,"Windows.UI.Xaml.Input.HoldingEventHandler"
WeakBrowse,Type,"Windows.UI.Xaml.Input.KeyEventHandler"
WeakBrowse,Type,"Windows.UI.Xaml.Input.ManipulationCompletedEventHandler"
WeakBrowse,Type,"Windows.UI.Xaml.Input.ManipulationDeltaEventHandler"
WeakBrowse,Type,"Windows.UI.Xaml.Input.ManipulationInertiaStartingEventHandler"
WeakBrowse,Type,"Windows.UI.Xaml.Input.ManipulationStartedEventHandler"
WeakBrowse,Type,"Windows.UI.Xaml.Input.ManipulationStartingEventHandler"
WeakBrowse,Type,"Windows.UI.Xaml.Input.PointerEventHandler"
WeakBrowse,Type,"Windows.UI.Xaml.Input.RightTappedEventHandler"
WeakBrowse,Type,"Windows.UI.Xaml.Input.TappedEventHandler"
WeakBrowse,Type,"Windows.Foundation.TypedEventHandler<Windows.UI.Xaml.UIElement, Windows.UI.Xaml.DragStartingEventArgs>"
WeakBrowse,Type,"Windows.UI.Xaml.DragStartingEventArgs"
WeakBrowse,Type,"Windows.Foundation.TypedEventHandler<Windows.UI.Xaml.UIElement, Windows.UI.Xaml.DropCompletedEventArgs>"
WeakBrowse,Type,"Windows.UI.Xaml.DropCompletedEventArgs"
WeakBrowse,Type,"Windows.Foundation.TypedEventHandler<Windows.UI.Xaml.UIElement, Windows.UI.Xaml.Input.AccessKeyDisplayDismissedEventArgs>"
WeakBrowse,Type,"Windows.UI.Xaml.Input.AccessKeyDisplayDismissedEventArgs"
WeakBrowse,Type,"Windows.Foundation.TypedEventHandler<Windows.UI.Xaml.UIElement, Windows.UI.Xaml.Input.AccessKeyDisplayRequestedEventArgs>"
WeakBrowse,Type,"Windows.UI.Xaml.Input.AccessKeyDisplayRequestedEventArgs"
WeakBrowse,Type,"Windows.Foundation.TypedEventHandler<Windows.UI.Xaml.UIElement, Windows.UI.Xaml.Input.AccessKeyInvokedEventArgs>"
WeakBrowse,Type,"Windows.UI.Xaml.Input.AccessKeyInvokedEventArgs"
WeakBrowse,Type,"Windows.Foundation.TypedEventHandler<Windows.UI.Xaml.UIElement, Windows.UI.Xaml.RoutedEventArgs>"
WeakBrowse,Type,"Windows.Foundation.TypedEventHandler<Windows.UI.Xaml.UIElement, Windows.UI.Xaml.Input.ContextRequestedEventArgs>"
WeakBrowse,Type,"Windows.UI.Xaml.Input.ContextRequestedEventArgs"
WeakBrowse,Type,"Windows.Foundation.TypedEventHandler<Windows.UI.Xaml.UIElement, Windows.UI.Xaml.Input.GettingFocusEventArgs>"
WeakBrowse,Type,"Windows.UI.Xaml.Input.GettingFocusEventArgs"
WeakBrowse,Type,"Windows.Foundation.TypedEventHandler<Windows.UI.Xaml.UIElement, Windows.UI.Xaml.Input.LosingFocusEventArgs>"
WeakBrowse,Type,"Windows.UI.Xaml.Input.LosingFocusEventArgs"
WeakBrowse,Type,"Windows.Foundation.TypedEventHandler<Windows.UI.Xaml.UIElement, Windows.UI.Xaml.Input.NoFocusCandidateFoundEventArgs>"
WeakBrowse,Type,"Windows.UI.Xaml.Input.NoFocusCandidateFoundEventArgs"
WeakBrowse,Type,"Windows.Foundation.TypedEventHandler<Windows.UI.Xaml.UIElement, Windows.UI.Xaml.Input.CharacterReceivedRoutedEventArgs>"
WeakBrowse,Type,"Windows.UI.Xaml.Input.CharacterReceivedRoutedEventArgs"
WeakBrowse,Type,"Windows.Foundation.TypedEventHandler<Windows.UI.Xaml.UIElement, Windows.UI.Xaml.Input.ProcessKeyboardAcceleratorEventArgs>"
WeakBrowse,Type,"Windows.UI.Xaml.Input.ProcessKeyboardAcceleratorEventArgs"
WeakBrowse,Type,"Windows.Foundation.TypedEventHandler<Windows.UI.Xaml.UIElement, Windows.UI.Xaml.BringIntoViewRequestedEventArgs>"
WeakBrowse,Type,"Windows.UI.Xaml.BringIntoViewRequestedEventArgs"
WeakBrowse,Type,"System.Reflection.FieldInfo"
WeakBrowse,Type,"System.Runtime.Serialization.KeyValue<System.Object, System.Object>"
WeakBrowse,Type,"Windows.UI.Xaml.Application"
WeakBrowse,Type,"Windows.UI.Xaml.SuspendingEventHandler"
WeakBrowse,Type,"Windows.UI.Xaml.UnhandledExceptionEventHandler"
WeakBrowse,Type,"Windows.UI.Xaml.EnteredBackgroundEventHandler"
WeakBrowse,Type,"Windows.UI.Xaml.LeavingBackgroundEventHandler"
WeakBrowse,Type,"System.Collections.Generic.IDictionary<System.Object, System.Object>"
WeakBrowse,Type,"Windows.UI.Xaml.Controls.ContextMenuOpeningEventHandler"
WeakBrowse,Type,"Windows.UI.Xaml.Controls.TextChangedEventHandler"
WeakBrowse,Type,"Windows.UI.Xaml.Controls.TextControlPasteEventHandler"
WeakBrowse,Type,"Windows.Foundation.TypedEventHandler<Windows.UI.Xaml.Controls.TextBox, Windows.UI.Xaml.Controls.CandidateWindowBoundsChangedEventArgs>"
WeakBrowse,Type,"Windows.UI.Xaml.Controls.CandidateWindowBoundsChangedEventArgs"
WeakBrowse,Type,"Windows.Foundation.TypedEventHandler<Windows.UI.Xaml.Controls.TextBox, Windows.UI.Xaml.Controls.TextBoxTextChangingEventArgs>"
WeakBrowse,Type,"Windows.UI.Xaml.Controls.TextBoxTextChangingEventArgs"
WeakBrowse,Type,"Windows.Foundation.TypedEventHandler<Windows.UI.Xaml.Controls.TextBox, Windows.UI.Xaml.Controls.TextCompositionChangedEventArgs>"
WeakBrowse,Type,"Windows.UI.Xaml.Controls.TextCompositionChangedEventArgs"
WeakBrowse,Type,"Windows.Foundation.TypedEventHandler<Windows.UI.Xaml.Controls.TextBox, Windows.UI.Xaml.Controls.TextCompositionEndedEventArgs>"
WeakBrowse,Type,"Windows.UI.Xaml.Controls.TextCompositionEndedEventArgs"
WeakBrowse,Type,"Windows.Foundation.TypedEventHandler<Windows.UI.Xaml.Controls.TextBox, Windows.UI.Xaml.Controls.TextCompositionStartedEventArgs>"
WeakBrowse,Type,"Windows.UI.Xaml.Controls.TextCompositionStartedEventArgs"
WeakBrowse,Type,"Windows.Foundation.TypedEventHandler<Windows.UI.Xaml.Controls.TextBox, Windows.UI.Xaml.Controls.TextBoxBeforeTextChangingEventArgs>"
WeakBrowse,Type,"Windows.UI.Xaml.Controls.TextBoxBeforeTextChangingEventArgs"
WeakBrowse,Type,"Windows.Foundation.TypedEventHandler<Windows.UI.Xaml.Controls.TextBox, Windows.UI.Xaml.Controls.TextControlCopyingToClipboardEventArgs>"
WeakBrowse,Type,"Windows.UI.Xaml.Controls.TextControlCopyingToClipboardEventArgs"
WeakBrowse,Type,"Windows.Foundation.TypedEventHandler<Windows.UI.Xaml.Controls.TextBox, Windows.UI.Xaml.Controls.TextControlCuttingToClipboardEventArgs>"
WeakBrowse,Type,"Windows.UI.Xaml.Controls.TextControlCuttingToClipboardEventArgs"
WeakBrowse,Type,"Windows.Foundation.TypedEventHandler<Windows.UI.Xaml.Controls.TextBox, Windows.UI.Xaml.Controls.TextBoxSelectionChangingEventArgs>"
WeakBrowse,Type,"Windows.UI.Xaml.Controls.TextBoxSelectionChangingEventArgs"
WeakBrowse,Type,"System.EventHandler<Windows.UI.Xaml.Controls.ScrollViewerViewChangedEventArgs>"
WeakBrowse,Type,"Windows.UI.Xaml.Controls.ScrollViewerViewChangedEventArgs"
WeakBrowse,Type,"System.EventHandler<Windows.UI.Xaml.Controls.ScrollViewerViewChangingEventArgs>"
WeakBrowse,Type,"Windows.UI.Xaml.Controls.ScrollViewerViewChangingEventArgs"
WeakBrowse,Type,"Windows.Foundation.TypedEventHandler<Windows.UI.Xaml.Controls.ScrollViewer, Windows.UI.Xaml.Controls.AnchorRequestedEventArgs>"
WeakBrowse,Type,"Windows.UI.Xaml.Controls.AnchorRequestedEventArgs"
WeakBrowse,Type,"Windows.Foundation.TypedEventHandler<Windows.UI.Xaml.Controls.TextBlock, Windows.UI.Xaml.Controls.IsTextTrimmedChangedEventArgs>"
WeakBrowse,Type,"Windows.UI.Xaml.Controls.IsTextTrimmedChangedEventArgs"
WeakBrowse,Type,"Windows.UI.Xaml.Controls.DragItemsStartingEventHandler"
WeakBrowse,Type,"Windows.UI.Xaml.Controls.ItemClickEventHandler"
WeakBrowse,Type,"Windows.Foundation.TypedEventHandler<Windows.UI.Xaml.Controls.ListViewBase, Windows.UI.Xaml.Controls.ContainerContentChangingEventArgs>"
WeakBrowse,Type,"Windows.UI.Xaml.Controls.ContainerContentChangingEventArgs"
WeakBrowse,Type,"Windows.Foundation.TypedEventHandler<Windows.UI.Xaml.Controls.ListViewBase, Windows.UI.Xaml.Controls.ChoosingGroupHeaderContainerEventArgs>"
WeakBrowse,Type,"Windows.UI.Xaml.Controls.ChoosingGroupHeaderContainerEventArgs"
WeakBrowse,Type,"Windows.Foundation.TypedEventHandler<Windows.UI.Xaml.Controls.ListViewBase, Windows.UI.Xaml.Controls.ChoosingItemContainerEventArgs>"
WeakBrowse,Type,"Windows.UI.Xaml.Controls.ChoosingItemContainerEventArgs"
WeakBrowse,Type,"Windows.Foundation.TypedEventHandler<Windows.UI.Xaml.Controls.ListViewBase, Windows.UI.Xaml.Controls.DragItemsCompletedEventArgs>"
WeakBrowse,Type,"Windows.UI.Xaml.Controls.DragItemsCompletedEventArgs"
WeakBrowse,Type,"Windows.UI.Xaml.Controls.SelectionChangedEventHandler"
WeakBrowse,Type,"Windows.UI.Xaml.ExceptionRoutedEventHandler"
WeakBrowse,Type,"Windows.Foundation.TypedEventHandler<Windows.UI.Xaml.Controls.RichTextBlock, Windows.UI.Xaml.Controls.IsTextTrimmedChangedEventArgs>"
WeakBrowse,Type,"Windows.Foundation.TypedEventHandler<Windows.UI.Xaml.Controls.CommandBar, Windows.UI.Xaml.Controls.DynamicOverflowItemsChangingEventArgs>"
WeakBrowse,Type,"Windows.UI.Xaml.Controls.DynamicOverflowItemsChangingEventArgs"
WeakBrowse,Type,"Windows.Foundation.TypedEventHandler<Windows.UI.Xaml.Controls.ContentDialog, Windows.UI.Xaml.Controls.ContentDialogClosedEventArgs>"
WeakBrowse,Type,"Windows.UI.Xaml.Controls.ContentDialogClosedEventArgs"
WeakBrowse,Type,"Windows.Foundation.TypedEventHandler<Windows.UI.Xaml.Controls.ContentDialog, Windows.UI.Xaml.Controls.ContentDialogClosingEventArgs>"
WeakBrowse,Type,"Windows.UI.Xaml.Controls.ContentDialogClosingEventArgs"
WeakBrowse,Type,"Windows.Foundation.TypedEventHandler<Windows.UI.Xaml.Controls.ContentDialog, Windows.UI.Xaml.Controls.ContentDialogOpenedEventArgs>"
WeakBrowse,Type,"Windows.Foundation.TypedEventHandler<Windows.UI.Xaml.Controls.ContentDialog, Windows.UI.Xaml.Controls.ContentDialogButtonClickEventArgs>"
WeakBrowse,Type,"Windows.Foundation.TypedEventHandler<Windows.UI.Xaml.Controls.PasswordBox, Windows.UI.Xaml.Controls.PasswordBoxPasswordChangingEventArgs>"
WeakBrowse,Type,"Windows.UI.Xaml.Controls.PasswordBoxPasswordChangingEventArgs"
WeakBrowse,Type,"Windows.UI.Xaml.Controls.ItemCollection"
WeakBrowse,Type,"Windows.Foundation.Collections.VectorChangedEventHandler<System.Object>"
WeakBrowse,Type,"Windows.Foundation.Collections.IObservableVector<System.Object>"
WeakBrowse,Type,"Windows.Foundation.TypedEventHandler<Windows.UI.Xaml.Controls.ComboBox, Windows.UI.Xaml.Controls.ComboBoxTextSubmittedEventArgs>"
WeakBrowse,Type,"Windows.UI.Xaml.Controls.ComboBoxTextSubmittedEventArgs"
WeakBrowse,Type,"Windows.UI.Xaml.Controls.GroupStyle"
WeakBrowse,Type,"Windows.UI.Xaml.Controls.Primitives.RangeBaseValueChangedEventHandler"
WeakBrowse,Type,"Windows.UI.Xaml.Media.TimelineMarkerRoutedEventHandler"
WeakBrowse,Type,"Windows.UI.Xaml.Media.RateChangedRoutedEventHandler"
WeakBrowse,Type,"Windows.Foundation.TypedEventHandler<Windows.UI.Xaml.Controls.MediaElement, Windows.UI.Xaml.Media.PartialMediaFailureDetectedEventArgs>"
WeakBrowse,Type,"Windows.UI.Xaml.Media.PartialMediaFailureDetectedEventArgs"
WeakBrowse,Type,"__DynamicallyInvokableAttribute"
WeakBrowse,Type,"System.Diagnostics.DebuggerDisplayAttribute"
WeakBrowse,Type,"System.Runtime.CompilerServices.TypeForwardedFromAttribute"
WeakBrowse,Type,"Windows.Foundation.Metadata.ContractVersionAttribute"
WeakBrowse,Type,"Windows.Foundation.Metadata.DeprecatedAttribute"
WeakBrowse,Type,"Windows.Foundation.Metadata.DeprecationType"
WeakBrowse,Type,"System.Reflection.DefaultMemberAttribute"
WeakBrowse,Type,"Windows.Foundation.Metadata.MarshalingBehaviorAttribute"
WeakBrowse,Type,"Windows.Foundation.Metadata.ThreadingAttribute"
WeakBrowse,Type,"Windows.Foundation.Metadata.WebHostHiddenAttribute"
WeakBrowse,Type,"Windows.UI.Xaml.Markup.ContentPropertyAttribute"
WeakBrowse,Type,"System.Diagnostics.DebuggerTypeProxyAttribute"
WeakBrowse,Type,"System.CodeDom.Compiler.GeneratedCodeAttribute"
WeakBrowse,Type,"System.Diagnostics.DebuggerNonUserCodeAttribute"
WeakBrowse,Type,"System.Runtime.CompilerServices.CompilerGeneratedAttribute"
WeakBrowse,Type,"System.AttributeUsageAttribute"
WeakBrowse,Type,"Windows.Foundation.Metadata.VersionAttribute"
WeakBrowse,Type,"System.Diagnostics.Tracing.EventSource.EventData"
WeakBrowse,Type,"System.Diagnostics.Tracing.EventSource.EventMetadata"
WeakBrowse,Type,"System.Diagnostics.Tracing.EventDescriptor"
WeakBrowse,Type,"System.Array<System.Diagnostics.Tracing.EventSource.EventParameterType>"
WeakBrowse,Type,"System.Diagnostics.DiagnosticSourceEventSource.FilterAndTransform"
WeakBrowse,Type,"System.Diagnostics.DiagnosticSourceEventSource.CallbackObserver"
WeakBrowse,Type,"System.Xml.XmlDictionaryString"
WeakBrowse,Type,"System.Runtime.Serialization.DataMember"
WeakBrowse,Type,"System.Globalization.CultureInfo"
WeakBrowse,Type,"System.Reflection.MemberInfo"
WeakBrowse,Type,"System.Runtime.Serialization.XmlSerializableReader"
WeakBrowse,Type,"System.Xml.XmlReader"
WeakBrowse,Type,"System.Xml.XmlNode"
WeakBrowse,Type,"System.Xml.XmlDocument"
WeakBrowse,Type,"System.Reflection.ParameterInfo"
WeakBrowse,Type,"Windows.UI.Xaml.Controls.ItemsPanelTemplate"
WeakBrowse,Type,"Windows.UI.Xaml.DataTemplate"
WeakBrowse,Type,"Windows.UI.Xaml.Style"
WeakBrowse,Type,"Windows.Storage.StorageFile"
WeakBrowse,Type,"System.Runtime.Serialization.DataMemberAttribute"
WeakBrowse,Type,"System.Collections.Generic.List<Contact>"
WeakBrowse,Type,"Windows.UI.Composition.IAnimationObject"
WeakBrowse,Type,"Windows.UI.Composition.IVisualElement"
WeakBrowse,Type,"Windows.UI.Xaml.Controls.Primitives.IScrollSnapPointsInfo"
WeakBrowse,Type,"Windows.UI.Xaml.Controls.ICommandBarElement"
WeakBrowse,Type,"System.Attribute"
WeakBrowse,Type,"System.IComparable"
WeakBrowse,Type,"System.Collections.Generic.IEnumerable<System.Char>"
WeakBrowse,Type,"System.IComparable<System.String>"
WeakBrowse,Type,"System.IEquatable<System.String>"
WeakBrowse,Type,"System.IConvertible"
WeakBrowse,Type,"System.Collections.ObjectModel.ReadOnlyCollection<System.Exception>"
WeakBrowse,Type,"System.ArithmeticException"
WeakBrowse,Type,"System.MemberAccessException"
WeakBrowse,Type,"System.Collections.ICollection"
WeakBrowse,Type,"System.IFormattable"
WeakBrowse,Type,"System.IComparable<System.Int32>"
WeakBrowse,Type,"System.IEquatable<System.Int32>"
WeakBrowse,Type,"System.IO.IOException"
WeakBrowse,Type,"System.Array"
WeakBrowse,Type,"System.Array"
WeakBrowse,Type,"System.Collections.Generic.IEnumerable<System.String>"
WeakBrowse,Type,"System.Collections.Generic.ICollection<System.String>"
WeakBrowse,Type,"System.Collections.Generic.IList<System.String>"
WeakBrowse,Type,"System.Collections.Generic.IReadOnlyList<System.String>"
WeakBrowse,Type,"System.Collections.Generic.IReadOnlyCollection<System.String>"
WeakBrowse,Type,"System.Collections.Generic.ICollection<System.Char>"
WeakBrowse,Type,"System.Collections.Generic.IList<System.Char>"
WeakBrowse,Type,"System.Collections.Generic.IReadOnlyList<System.Char>"
WeakBrowse,Type,"System.Collections.Generic.IReadOnlyCollection<System.Char>"
WeakBrowse,Type,"System.IComparable<System.Char>"
WeakBrowse,Type,"System.IEquatable<System.Char>"
WeakBrowse,Type,"System.IComparable<System.Boolean>"
WeakBrowse,Type,"System.IEquatable<System.Boolean>"
WeakBrowse,Type,"System.Enum"
WeakBrowse,Type,"System.IComparable<System.Byte>"
WeakBrowse,Type,"System.IEquatable<System.Byte>"
WeakBrowse,Type,"System.IComparable<System.Int64>"
WeakBrowse,Type,"System.IEquatable<System.Int64>"
WeakBrowse,Type,"System.Func"
WeakBrowse,Type,"System.MulticastDelegate"
WeakBrowse,Type,"System.Collections.ObjectModel.ObservableCollection"
WeakBrowse,Type,"System.Collections.ObjectModel.Collection"
WeakBrowse,Type,"System.Collections.Generic.IList<Contact>"
WeakBrowse,Type,"System.Collections.Generic.ICollection<Contact>"
WeakBrowse,Type,"System.Collections.Generic.IEnumerable<Contact>"
WeakBrowse,Type,"System.Collections.IList"
WeakBrowse,Type,"System.Collections.Generic.IReadOnlyList<Contact>"
WeakBrowse,Type,"System.Collections.Generic.IReadOnlyCollection<Contact>"
WeakBrowse,Type,"System.IComparable<System.UInt16>"
WeakBrowse,Type,"System.IEquatable<System.UInt16>"
WeakBrowse,Type,"System.IComparable<System.UInt32>"
WeakBrowse,Type,"System.IEquatable<System.UInt32>"
WeakBrowse,Type,"Windows.UI.Xaml.Media.TileBrush"
WeakBrowse,Type,"Windows.ApplicationModel.Activation.ILaunchActivatedEventArgs"
WeakBrowse,Type,"Windows.ApplicationModel.Activation.IPrelaunchActivatedEventArgs"
WeakBrowse,Type,"Windows.ApplicationModel.Activation.IBackgroundActivatedEventArgs"
WeakBrowse,Type,"Windows.ApplicationModel.ISuspendingEventArgs"
WeakBrowse,Type,"Windows.UI.Core.ICoreWindow"
WeakBrowse,Type,"System.IComparable<System.DateTime>"
WeakBrowse,Type,"System.IEquatable<System.DateTime>"
WeakBrowse,Type,"System.IComparable<System.Double>"
WeakBrowse,Type,"System.IEquatable<System.Double>"
WeakBrowse,Type,"System.Action"
WeakBrowse,Type,"System.Action"
WeakBrowse,Type,"System.Collections.Generic.List"
WeakBrowse,Type,"System.Collections.Generic.IList<System.Byte[]>"
WeakBrowse,Type,"System.Collections.Generic.ICollection<System.Byte[]>"
WeakBrowse,Type,"System.Collections.Generic.IEnumerable<System.Byte[]>"
WeakBrowse,Type,"System.Collections.Generic.IReadOnlyList<System.Byte[]>"
WeakBrowse,Type,"System.Collections.Generic.IReadOnlyCollection<System.Byte[]>"
WeakBrowse,Type,"System.Collections.Generic.IEnumerable<System.Byte>"
WeakBrowse,Type,"System.Collections.Generic.ICollection<System.Byte>"
WeakBrowse,Type,"System.Collections.Generic.IList<System.Byte>"
WeakBrowse,Type,"System.Collections.Generic.IReadOnlyList<System.Byte>"
WeakBrowse,Type,"System.Collections.Generic.IReadOnlyCollection<System.Byte>"
WeakBrowse,Type,"System.Collections.Generic.IList<kicquwp.OscarProtocol.TLV>"
WeakBrowse,Type,"System.Collections.Generic.ICollection<kicquwp.OscarProtocol.TLV>"
WeakBrowse,Type,"System.Collections.Generic.IEnumerable<kicquwp.OscarProtocol.TLV>"
WeakBrowse,Type,"System.Collections.Generic.IReadOnlyList<kicquwp.OscarProtocol.TLV>"
WeakBrowse,Type,"System.Collections.Generic.IReadOnlyCollection<kicquwp.OscarProtocol.TLV>"
WeakBrowse,Type,"System.Collections.Generic.IEnumerable<System.UInt16>"
WeakBrowse,Type,"System.Collections.Generic.ICollection<System.UInt16>"
WeakBrowse,Type,"System.Collections.Generic.IList<System.UInt16>"
WeakBrowse,Type,"System.Collections.Generic.IReadOnlyList<System.UInt16>"
WeakBrowse,Type,"System.Collections.Generic.IReadOnlyCollection<System.UInt16>"
WeakBrowse,Type,"Windows.Foundation.IAsyncOperation"
WeakBrowse,Type,"Windows.Foundation.IAsyncInfo"
WeakBrowse,Type,"Windows.Storage.Streams.IDataReader"
WeakBrowse,Type,"System.IComparable<System.TimeSpan>"
WeakBrowse,Type,"System.IEquatable<System.TimeSpan>"
WeakBrowse,Type,"System.IO.Stream"
WeakBrowse,Type,"System.Collections.Generic.IList<kicquwp.SearchResult>"
WeakBrowse,Type,"System.Collections.Generic.ICollection<kicquwp.SearchResult>"
WeakBrowse,Type,"System.Collections.Generic.IEnumerable<kicquwp.SearchResult>"
WeakBrowse,Type,"System.Collections.Generic.IReadOnlyList<kicquwp.SearchResult>"
WeakBrowse,Type,"System.Collections.Generic.IReadOnlyCollection<kicquwp.SearchResult>"
WeakBrowse,Type,"System.Diagnostics.Tracing.PropertyValue.ReferenceTypeHelper"
WeakBrowse,Type,"System.Diagnostics.Tracing.PropertyValue.TypeHelper"
WeakBrowse,Type,"System.Diagnostics.Tracing.PropertyValue"
WeakBrowse,Type,"System.Collections.Generic.IDictionary"
WeakBrowse,Type,"System.Collections.Generic.ICollection<System.Collections.Generic.KeyValuePair<System.String, System.String>>"
WeakBrowse,Type,"System.IComparable<System.Guid>"
WeakBrowse,Type,"System.IEquatable<System.Guid>"
WeakBrowse,Type,"System.Collections.Generic.IEnumerable<System.Diagnostics.Tracing.EventSource.EventMetadata>"
WeakBrowse,Type,"System.Collections.Generic.ICollection<System.Diagnostics.Tracing.EventSource.EventMetadata>"
WeakBrowse,Type,"System.Collections.Generic.IList<System.Diagnostics.Tracing.EventSource.EventMetadata>"
WeakBrowse,Type,"System.Collections.Generic.IReadOnlyList<System.Diagnostics.Tracing.EventSource.EventMetadata>"
WeakBrowse,Type,"System.Collections.Generic.IReadOnlyCollection<System.Diagnostics.Tracing.EventSource.EventMetadata>"
WeakBrowse,Type,"System.Collections.Generic.IEnumerable<System.Object>"
WeakBrowse,Type,"System.Collections.Generic.ICollection<System.Object>"
WeakBrowse,Type,"System.Collections.Generic.IList<System.Object>"
WeakBrowse,Type,"System.Collections.Generic.IReadOnlyList<System.Object>"
WeakBrowse,Type,"System.Collections.Generic.IReadOnlyCollection<System.Object>"
WeakBrowse,Type,"System.Collections.Generic.KeyValuePair<System.String, System.String>"
WeakBrowse,Type,"System.IEquatable<System.Runtime.InteropServices.WindowsRuntime.EventRegistrationToken>"
WeakBrowse,Type,"Windows.Foundation.TypedEventHandler"
WeakBrowse,Type,"System.EventHandler"
WeakBrowse,Type,"Windows.UI.Xaml.SizeChangedEventArgs"
WeakBrowse,Type,"Windows.UI.Xaml.Input.DoubleTappedRoutedEventArgs"
WeakBrowse,Type,"Windows.UI.Xaml.DragEventArgs"
WeakBrowse,Type,"Windows.UI.Xaml.Input.ManipulationCompletedRoutedEventArgs"
WeakBrowse,Type,"Windows.UI.Xaml.Input.ManipulationDeltaRoutedEventArgs"
WeakBrowse,Type,"Windows.UI.Xaml.Input.ManipulationInertiaStartingRoutedEventArgs"
WeakBrowse,Type,"Windows.UI.Xaml.Input.ManipulationStartedRoutedEventArgs"
WeakBrowse,Type,"Windows.UI.Xaml.Input.ManipulationStartingRoutedEventArgs"
WeakBrowse,Type,"Windows.UI.Xaml.Input.PointerRoutedEventArgs"
WeakBrowse,Type,"Windows.UI.Xaml.Input.RightTappedRoutedEventArgs"
WeakBrowse,Type,"Windows.UI.Xaml.Input.TappedRoutedEventArgs"
WeakBrowse,Type,"System.Runtime.Serialization.KeyValue"
WeakBrowse,Type,"Windows.ApplicationModel.EnteredBackgroundEventArgs"
WeakBrowse,Type,"Windows.ApplicationModel.LeavingBackgroundEventArgs"
WeakBrowse,Type,"System.Collections.Generic.ICollection<System.Collections.Generic.KeyValuePair<System.Object, System.Object>>"
WeakBrowse,Type,"System.Collections.Generic.IEnumerable<System.Collections.Generic.KeyValuePair<System.Object, System.Object>>"
WeakBrowse,Type,"Windows.UI.Xaml.Controls.ContextMenuEventArgs"
WeakBrowse,Type,"Windows.UI.Xaml.Controls.TextControlPasteEventArgs"
WeakBrowse,Type,"Windows.UI.Xaml.Controls.DragItemsStartingEventArgs"
WeakBrowse,Type,"Windows.UI.Xaml.Controls.SelectionChangedEventArgs"
WeakBrowse,Type,"Windows.UI.Xaml.ExceptionRoutedEventArgs"
WeakBrowse,Type,"Windows.Foundation.Collections.VectorChangedEventHandler"
WeakBrowse,Type,"Windows.Foundation.Collections.IObservableVector"
WeakBrowse,Type,"Windows.Foundation.Collections.IVectorChangedEventArgs"
WeakBrowse,Type,"Windows.UI.Xaml.Media.TimelineMarkerRoutedEventArgs"
WeakBrowse,Type,"Windows.UI.Xaml.Media.RateChangedRoutedEventArgs"
WeakBrowse,Type,"System.Collections.Generic.IEnumerable<System.Diagnostics.Tracing.EventSource.EventParameterType>"
WeakBrowse,Type,"System.Collections.Generic.ICollection<System.Diagnostics.Tracing.EventSource.EventParameterType>"
WeakBrowse,Type,"System.Collections.Generic.IList<System.Diagnostics.Tracing.EventSource.EventParameterType>"
WeakBrowse,Type,"System.Collections.Generic.IReadOnlyList<System.Diagnostics.Tracing.EventSource.EventParameterType>"
WeakBrowse,Type,"System.Collections.Generic.IReadOnlyCollection<System.Diagnostics.Tracing.EventSource.EventParameterType>"
WeakBrowse,Type,"System.IFormatProvider"
WeakBrowse,Type,"System.Xml.IXmlLineInfo"
WeakBrowse,Type,"Windows.UI.Xaml.FrameworkTemplate"
WeakBrowse,Type,"Windows.UI.Xaml.Controls.DataTemplateSelector"
WeakBrowse,Type,"Windows.UI.Xaml.Controls.StyleSelector"
WeakBrowse,Type,"Windows.Storage.IStorageFile"
WeakBrowse,Type,"Windows.Storage.Streams.IRandomAccessStreamReference"
WeakBrowse,Type,"Windows.Storage.IStorageItem"
WeakBrowse,Type,"Windows.Storage.IStorageItemProperties"
WeakBrowse,Type,"System.IEquatable<System.Numerics.Vector3>"
WeakBrowse,Type,"System.Collections.Generic.IEnumerable<Windows.UI.Xaml.Markup.XmlnsDefinition>"
WeakBrowse,Type,"System.Collections.Generic.ICollection<Windows.UI.Xaml.Markup.XmlnsDefinition>"
WeakBrowse,Type,"System.Collections.Generic.IList<Windows.UI.Xaml.Markup.XmlnsDefinition>"
WeakBrowse,Type,"System.Collections.Generic.IReadOnlyList<Windows.UI.Xaml.Markup.XmlnsDefinition>"
WeakBrowse,Type,"System.Collections.Generic.IReadOnlyCollection<Windows.UI.Xaml.Markup.XmlnsDefinition>"
WeakBrowse,Type,"Windows.UI.Xaml.Markup.XmlnsDefinition"
WeakBrowse,Type,"Windows.Networking.Sockets.ControlChannelTrigger"
WeakBrowse,Type,"System.IComparable<System.Version>"
WeakBrowse,Type,"System.IEquatable<System.Version>"
WeakBrowse,Type,"System.Collections.Generic.IDictionary<System.UInt16, kicquwp.OscarProtocol.TLV>"
WeakBrowse,Type,"System.Collections.Generic.ICollection<System.Collections.Generic.KeyValuePair<System.UInt16, kicquwp.OscarProtocol.TLV>>"
WeakBrowse,Type,"System.Collections.Generic.IEnumerable<System.Collections.Generic.KeyValuePair<System.UInt16, kicquwp.OscarProtocol.TLV>>"
WeakBrowse,Type,"System.Collections.Generic.IReadOnlyDictionary<System.UInt16, kicquwp.OscarProtocol.TLV>"
WeakBrowse,Type,"System.Collections.Generic.IReadOnlyCollection<System.Collections.Generic.KeyValuePair<System.UInt16, kicquwp.OscarProtocol.TLV>>"
WeakBrowse,Type,"System.Collections.Generic.IList<kicquwp.OscarProtocol.SsiGroup>"
WeakBrowse,Type,"System.Collections.Generic.ICollection<kicquwp.OscarProtocol.SsiGroup>"
WeakBrowse,Type,"System.Collections.Generic.IEnumerable<kicquwp.OscarProtocol.SsiGroup>"
WeakBrowse,Type,"System.Collections.Generic.IReadOnlyList<kicquwp.OscarProtocol.SsiGroup>"
WeakBrowse,Type,"System.Collections.Generic.IReadOnlyCollection<kicquwp.OscarProtocol.SsiGroup>"
WeakBrowse,Type,"System.Collections.Generic.IList<System.String[]>"
WeakBrowse,Type,"System.Collections.Generic.ICollection<System.String[]>"
WeakBrowse,Type,"System.Collections.Generic.IEnumerable<System.String[]>"
WeakBrowse,Type,"System.Collections.Generic.IReadOnlyList<System.String[]>"
WeakBrowse,Type,"System.Collections.Generic.IReadOnlyCollection<System.String[]>"
WeakBrowse,Type,"System.Collections.IEnumerator"
WeakBrowse,Type,"System.Collections.Generic.IList<kicquwp.EmojiItem>"
WeakBrowse,Type,"System.Collections.Generic.ICollection<kicquwp.EmojiItem>"
WeakBrowse,Type,"System.Collections.Generic.IEnumerable<kicquwp.EmojiItem>"
WeakBrowse,Type,"System.Collections.Generic.IReadOnlyList<kicquwp.EmojiItem>"
WeakBrowse,Type,"System.Collections.Generic.IReadOnlyCollection<kicquwp.EmojiItem>"
WeakBrowse,Type,"Windows.ApplicationModel.Background.IBackgroundTaskRegistration"
WeakBrowse,Type,"System.Collections.Generic.IReadOnlyDictionary<System.String, System.String>"
WeakBrowse,Type,"System.Collections.Generic.IReadOnlyCollection<System.Collections.Generic.KeyValuePair<System.String, System.String>>"
WeakBrowse,Type,"System.Collections.Generic.IDictionary<System.String, System.Int32>"
WeakBrowse,Type,"System.Collections.Generic.ICollection<System.Collections.Generic.KeyValuePair<System.String, System.Int32>>"
WeakBrowse,Type,"System.Collections.Generic.IEnumerable<System.Collections.Generic.KeyValuePair<System.String, System.Int32>>"
WeakBrowse,Type,"System.Collections.Generic.IReadOnlyDictionary<System.String, System.Int32>"
WeakBrowse,Type,"System.Collections.Generic.IReadOnlyCollection<System.Collections.Generic.KeyValuePair<System.String, System.Int32>>"
WeakBrowse,Type,"Windows.Storage.Streams.IDataWriter"
WeakBrowse,Type,"System.Collections.Generic.IDictionary<System.String, System.Collections.Generic.List<System.String[]>>"
WeakBrowse,Type,"System.Collections.Generic.ICollection<System.Collections.Generic.KeyValuePair<System.String, System.Collections.Generic.List<System.String[]>>>"
WeakBrowse,Type,"System.Collections.Generic.IEnumerable<System.Collections.Generic.KeyValuePair<System.String, System.Collections.Generic.List<System.String[]>>>"
WeakBrowse,Type,"System.Collections.Generic.IReadOnlyDictionary<System.String, System.Collections.Generic.List<System.String[]>>"
WeakBrowse,Type,"System.Collections.Generic.IReadOnlyCollection<System.Collections.Generic.KeyValuePair<System.String, System.Collections.Generic.List<System.String[]>>>"
WeakBrowse,Type,"System.Collections.Generic.List<System.String[]>"
WeakBrowse,Type,"System.Collections.Generic.IDictionary<System.UInt16, kicquwp.OscarProtocol.SsiGroup>"
WeakBrowse,Type,"System.Collections.Generic.ICollection<System.Collections.Generic.KeyValuePair<System.UInt16, kicquwp.OscarProtocol.SsiGroup>>"
WeakBrowse,Type,"System.Collections.Generic.IEnumerable<System.Collections.Generic.KeyValuePair<System.UInt16, kicquwp.OscarProtocol.SsiGroup>>"
WeakBrowse,Type,"System.Collections.Generic.IReadOnlyDictionary<System.UInt16, kicquwp.OscarProtocol.SsiGroup>"
WeakBrowse,Type,"System.Collections.Generic.IReadOnlyCollection<System.Collections.Generic.KeyValuePair<System.UInt16, kicquwp.OscarProtocol.SsiGroup>>"
WeakBrowse,Type,"System.Collections.Generic.IEnumerable<kicquwp.OscarProtocol.FlapFrame>"
WeakBrowse,Type,"System.Collections.Generic.IReadOnlyCollection<kicquwp.OscarProtocol.FlapFrame>"
WeakBrowse,Type,"System.Collections.Generic.IDictionary<System.String, Windows.UI.Xaml.Markup.IXamlType>"
WeakBrowse,Type,"System.Collections.Generic.ICollection<System.Collections.Generic.KeyValuePair<System.String, Windows.UI.Xaml.Markup.IXamlType>>"
WeakBrowse,Type,"System.Collections.Generic.IEnumerable<System.Collections.Generic.KeyValuePair<System.String, Windows.UI.Xaml.Markup.IXamlType>>"
WeakBrowse,Type,"System.Collections.Generic.IReadOnlyDictionary<System.String, Windows.UI.Xaml.Markup.IXamlType>"
WeakBrowse,Type,"System.Collections.Generic.IReadOnlyCollection<System.Collections.Generic.KeyValuePair<System.String, Windows.UI.Xaml.Markup.IXamlType>>"
WeakBrowse,Type,"System.Collections.Generic.IDictionary<System.Type, Windows.UI.Xaml.Markup.IXamlType>"
WeakBrowse,Type,"System.Collections.Generic.ICollection<System.Collections.Generic.KeyValuePair<System.Type, Windows.UI.Xaml.Markup.IXamlType>>"
WeakBrowse,Type,"System.Collections.Generic.IEnumerable<System.Collections.Generic.KeyValuePair<System.Type, Windows.UI.Xaml.Markup.IXamlType>>"
WeakBrowse,Type,"System.Collections.Generic.IReadOnlyDictionary<System.Type, Windows.UI.Xaml.Markup.IXamlType>"
WeakBrowse,Type,"System.Collections.Generic.IReadOnlyCollection<System.Collections.Generic.KeyValuePair<System.Type, Windows.UI.Xaml.Markup.IXamlType>>"
WeakBrowse,Type,"System.Collections.Generic.IDictionary<System.String, Windows.UI.Xaml.Markup.IXamlMember>"
WeakBrowse,Type,"System.Collections.Generic.ICollection<System.Collections.Generic.KeyValuePair<System.String, Windows.UI.Xaml.Markup.IXamlMember>>"
WeakBrowse,Type,"System.Collections.Generic.IEnumerable<System.Collections.Generic.KeyValuePair<System.String, Windows.UI.Xaml.Markup.IXamlMember>>"
WeakBrowse,Type,"System.Collections.Generic.IReadOnlyDictionary<System.String, Windows.UI.Xaml.Markup.IXamlMember>"
WeakBrowse,Type,"System.Collections.Generic.IReadOnlyCollection<System.Collections.Generic.KeyValuePair<System.String, Windows.UI.Xaml.Markup.IXamlMember>>"
WeakBrowse,Type,"System.Collections.Generic.IEnumerable<System.Type>"
WeakBrowse,Type,"System.Collections.Generic.ICollection<System.Type>"
WeakBrowse,Type,"System.Collections.Generic.IList<System.Type>"
WeakBrowse,Type,"System.Collections.Generic.IReadOnlyList<System.Type>"
WeakBrowse,Type,"System.Collections.Generic.IReadOnlyCollection<System.Type>"
WeakBrowse,Type,"System.Collections.Generic.IDictionary<System.String, System.Object>"
WeakBrowse,Type,"System.Collections.Generic.ICollection<System.Collections.Generic.KeyValuePair<System.String, System.Object>>"
WeakBrowse,Type,"System.Collections.Generic.IEnumerable<System.Collections.Generic.KeyValuePair<System.String, System.Object>>"
WeakBrowse,Type,"System.Collections.Generic.IReadOnlyDictionary<System.String, System.Object>"
WeakBrowse,Type,"System.Collections.Generic.IReadOnlyCollection<System.Collections.Generic.KeyValuePair<System.String, System.Object>>"
WeakBrowse,Type,"System.Runtime.CompilerServices.ICriticalNotifyCompletion"
WeakBrowse,Type,"System.Runtime.CompilerServices.INotifyCompletion"
WeakBrowse,Type,"Windows.UI.Xaml.Controls.INavigate"
WeakBrowse,Type,"System.Collections.Generic.IEnumerator<System.String[]>"
WeakBrowse,Type,"Windows.UI.Xaml.Controls.ContentDialogResult"
WeakBrowse,Type,"Windows.Storage.Streams.IRandomAccessStream"
WeakBrowse,Type,"Windows.Storage.Streams.IInputStream"
WeakBrowse,Type,"Windows.Storage.Streams.IOutputStream"
WeakBrowse,Type,"Windows.Storage.Streams.IRandomAccessStreamWithContentType"
WeakBrowse,Type,"Windows.Storage.IStorageFolder"
WeakBrowse,Type,"Windows.ApplicationModel.Background.BackgroundAccessStatus"
WeakBrowse,Type,"System.Net.Http.HttpResponseMessage"
WeakBrowse,Type,"Windows.UI.Popups.IUICommand"
WeakBrowse,Type,"System.IEquatable<System.Threading.CancellationTokenRegistration>"
WeakBrowse,Type,"System.Collections.Generic.List<System.String>"
WeakBrowse,Type,"System.Collections.Generic.IEnumerator<System.String>"
WeakBrowse,Type,"System.IComparable<System.Single>"
WeakBrowse,Type,"System.IEquatable<System.Single>"
WeakBrowse,Type,"System.Collections.Generic.IEnumerable<System.Reflection.ParameterInfo>"
WeakBrowse,Type,"System.Collections.Generic.ICollection<System.Reflection.ParameterInfo>"
WeakBrowse,Type,"System.Collections.Generic.IList<System.Reflection.ParameterInfo>"
WeakBrowse,Type,"System.Collections.Generic.IReadOnlyList<System.Reflection.ParameterInfo>"
WeakBrowse,Type,"System.Collections.Generic.IReadOnlyCollection<System.Reflection.ParameterInfo>"
WeakBrowse,Type,"Windows.UI.Xaml.Controls.Frame"
WeakBrowse,Type,"Windows.UI.Xaml.Controls.ListBox"
WeakBrowse,Type,"Windows.UI.Xaml.Controls.SymbolIcon"
WeakBrowse,Type,"Windows.UI.Xaml.Controls.Primitives.FlyoutBase"
WeakBrowse,Type,"Windows.UI.Xaml.Controls.MenuFlyout"
WeakBrowse,Type,"Windows.UI.Xaml.Controls.MenuFlyoutItemBase"
WeakBrowse,Type,"Windows.UI.Xaml.Controls.MenuFlyoutItem"
WeakBrowse,Type,"Windows.UI.Xaml.Documents.TextElement"
WeakBrowse,Type,"Windows.UI.Xaml.Documents.Block"
WeakBrowse,Type,"Windows.UI.Xaml.Documents.Paragraph"
WeakBrowse,Type,"Windows.UI.Xaml.Documents.Inline"
WeakBrowse,Type,"Windows.UI.Xaml.Documents.Run"
WeakBrowse,Type,"Windows.UI.Xaml.Documents.InlineUIContainer"
WeakBrowse,Type,"System.Xml.Serialization.XmlSchemaProviderAttribute"
WeakBrowse,Type,"System.Runtime.Serialization.OnSerializingAttribute"
WeakBrowse,Type,"System.Runtime.Serialization.OnSerializedAttribute"
WeakBrowse,Type,"System.Runtime.Serialization.OnDeserializingAttribute"
WeakBrowse,Type,"System.Runtime.Serialization.OnDeserializedAttribute"
WeakBrowse,Type,"System.FlagsAttribute"
WeakBrowse,Type,"System.Xml.Serialization.XmlRootAttribute"
WeakBrowse,Type,"System.Runtime.InteropServices.COMException"
WeakBrowse,Type,"System.Runtime.InteropServices.CharSet"
WeakBrowse,Type,"Windows.Networking.Sockets.ControlChannelTriggerStatus"
WeakBrowse,Type,"System.Diagnostics.Tracing.ControllerCommand"
WeakBrowse,Type,"Windows.Foundation.Metadata.CompositionType"
WeakBrowse,Type,"System.Reflection.PropertyAttributes"
WeakBrowse,Type,"System.Reflection.FieldAttributes"
WeakBrowse,Type,"System.IO.SeekOrigin"
WeakBrowse,Type,"System.Reflection.ParameterAttributes"
WeakBrowse,Type,"System.Runtime.InteropServices.ComTypes.IMPLTYPEFLAGS"
WeakBrowse,Type,"System.Runtime.InteropServices.ComTypes.INVOKEKIND"
WeakBrowse,Type,"System.Reflection.BindingFlags"
WeakBrowse,Type,"System.Xml.DtdProcessing"
WeakBrowse,Type,"System.Xml.ReadState"
WeakBrowse,Type,"System.Xml.Schema.XsdDateTimeFlags"
WeakBrowse,Type,"Windows.System.Threading.WorkItemPriority"
WeakBrowse,Type,"Windows.System.Threading.WorkItemOptions"
WeakBrowse,Type,"Windows.UI.Core.CoreDispatcherPriority"
WeakBrowse,Type,"Windows.Foundation.Diagnostics.CausalityTraceLevel"
WeakBrowse,Type,"Windows.Foundation.Diagnostics.CausalitySource"
WeakBrowse,Type,"Windows.Foundation.Diagnostics.CausalityRelation"
WeakBrowse,Type,"Windows.Foundation.Diagnostics.CausalitySynchronousWork"
WeakBrowse,Type,"Windows.UI.Xaml.Controls.Primitives.ComponentResourceLocation"
WeakBrowse,Type,"Windows.UI.Input.HoldingState"
WeakBrowse,Type,"Windows.UI.Xaml.FocusState"
WeakBrowse,Type,"Windows.Storage.CreationCollisionOption"
WeakBrowse,Type,"Windows.System.VirtualKey"
WeakBrowse,Type,"Windows.Networking.Sockets.ControlChannelTriggerResourceType"
WeakBrowse,Type,"System.Net.HttpStatusCode"
WeakBrowse,Type,"Windows.Storage.Streams.InputStreamOptions"
WeakBrowse,Type,"Windows.Storage.Streams.ByteOrder"
WeakBrowse,Type,"Windows.Networking.Connectivity.NetworkConnectivityLevel"
WeakBrowse,Type,"Windows.Storage.Pickers.PickerViewMode"
WeakBrowse,Type,"Windows.Storage.Pickers.PickerLocationId"
WeakBrowse,Type,"Windows.Storage.NameCollisionOption"
WeakBrowse,Type,"Windows.UI.Xaml.Controls.ContentDialogButton"
WeakBrowse,Type,"System.DateTimeOffset"
WeakBrowse,Type,"System.Nullable"
WeakBrowse,Type,"System.Runtime.Serialization.DateTimeOffsetAdapter"
WeakBrowse,Type,"System.Xml.XmlElement"
WeakBrowse,Type,"System.Runtime.CompilerServices.AsyncStateMachineAttribute"
WeakBrowse,Type,"System.Diagnostics.DebuggerHiddenAttribute"
WeakBrowse,Type,"System.Security.SecuritySafeCriticalAttribute"
WeakBrowse,Type,"System.Security.SecurityCriticalAttribute"
WeakBrowse,Type,"System.ParamArrayAttribute"
WeakBrowse,Type,"System.Diagnostics.Tracing.NonEventAttribute"
WeakBrowse,Type,"Windows.Foundation.Metadata.GuidAttribute"
WeakBrowse,Type,"Windows.Foundation.Metadata.MuseAttribute"
WeakBrowse,Type,"Windows.Foundation.Metadata.DualApiPartitionAttribute"
WeakBrowse,Type,"Windows.Foundation.Metadata.AllowMultipleAttribute"
WeakBrowse,Type,"Windows.Foundation.Metadata.AttributeNameAttribute"
WeakBrowse,Type,"Windows.Foundation.Metadata.ApiContractAttribute"
WeakBrowse,Type,"Windows.UI.Xaml.DispatcherTimer"
WeakBrowse,Type,"Windows.UI.Xaml.Navigation.NavigatedEventHandler"
WeakBrowse,Type,"Windows.UI.Xaml.Navigation.NavigatingCancelEventHandler"
WeakBrowse,Type,"Windows.UI.Xaml.Navigation.NavigatingCancelEventArgs"
WeakBrowse,Type,"Windows.UI.Xaml.Navigation.NavigationFailedEventHandler"
WeakBrowse,Type,"Windows.UI.Xaml.Navigation.NavigationStoppedEventHandler"
WeakBrowse,Type,"Windows.UI.Xaml.Media.Imaging.BitmapImage"
WeakBrowse,Type,"Windows.UI.Xaml.Media.Imaging.DownloadProgressEventHandler"
WeakBrowse,Type,"System.Collections.Generic.KeyValuePair<System.Object, System.Object>"
WeakBrowse,Type,"System.Collections.DictionaryEntry"
WeakBrowse,Type,"System.Collections.Generic.Dictionary<System.Object, System.Object>"
WeakBrowse,Type,"Windows.Foundation.TypedEventHandler<Windows.UI.Xaml.Controls.Primitives.FlyoutBase, Windows.UI.Xaml.Controls.Primitives.FlyoutBaseClosingEventArgs>"
WeakBrowse,Type,"Windows.UI.Xaml.Controls.Primitives.FlyoutBaseClosingEventArgs"
WeakBrowse,Type,"Windows.Foundation.TypedEventHandler<Windows.UI.Xaml.Documents.TextElement, Windows.UI.Xaml.Input.AccessKeyDisplayDismissedEventArgs>"
WeakBrowse,Type,"Windows.Foundation.TypedEventHandler<Windows.UI.Xaml.Documents.TextElement, Windows.UI.Xaml.Input.AccessKeyDisplayRequestedEventArgs>"
WeakBrowse,Type,"Windows.Foundation.TypedEventHandler<Windows.UI.Xaml.Documents.TextElement, Windows.UI.Xaml.Input.AccessKeyInvokedEventArgs>"
WeakBrowse,Type,"Windows.UI.Xaml.Window"
WeakBrowse,Type,"Windows.UI.Xaml.WindowActivatedEventHandler"
WeakBrowse,Type,"Windows.UI.Xaml.WindowClosedEventHandler"
WeakBrowse,Type,"Windows.UI.Xaml.WindowSizeChangedEventHandler"
WeakBrowse,Type,"Windows.UI.Xaml.WindowVisibilityChangedEventHandler"
WeakBrowse,Type,"Windows.UI.Xaml.Data.ICollectionView"
WeakBrowse,Type,"Windows.UI.Xaml.Data.CurrentChangingEventHandler"
WeakBrowse,Type,"Windows.UI.Xaml.ResourceDictionary"
WeakBrowse,Type,"Windows.ApplicationModel.Activation.FileActivatedEventArgs"
WeakBrowse,Type,"Windows.ApplicationModel.Activation.SearchActivatedEventArgs"
WeakBrowse,Type,"Windows.ApplicationModel.Activation.ShareTargetActivatedEventArgs"
WeakBrowse,Type,"Windows.ApplicationModel.Activation.FileOpenPickerActivatedEventArgs"
WeakBrowse,Type,"Windows.ApplicationModel.Activation.FileSavePickerActivatedEventArgs"
WeakBrowse,Type,"Windows.ApplicationModel.Activation.CachedFileUpdaterActivatedEventArgs"
WeakBrowse,Type,"Windows.UI.Xaml.WindowCreatedEventArgs"
WeakBrowse,Type,"Windows.UI.Xaml.ApplicationInitializationCallback"
WeakBrowse,Type,"Windows.ApplicationModel.Background.BackgroundTaskRegistration"
WeakBrowse,Type,"Windows.Storage.StorageFolder"
WeakBrowse,Type,"Windows.Storage.ApplicationDataContainer"
WeakBrowse,Type,"Windows.Networking.HostName"
WeakBrowse,Type,"Windows.Globalization.Language"
WeakBrowse,Type,"Windows.Globalization.GeographicRegion"
WeakBrowse,Type,"Windows.ApplicationModel.Background.BackgroundTaskBuilder"
WeakBrowse,Type,"System.Globalization.CompareInfo"
WeakBrowse,Type,"System.Reflection.Module"
WeakBrowse,Type,"System.Reflection.AssemblyName"
WeakBrowse,Type,"System.Xml.XmlName"
WeakBrowse,Type,"System.TimeZoneInfo"
WeakBrowse,Type,"Windows.ApplicationModel.Package"
WeakBrowse,Type,"Windows.ApplicationModel.PackageId"
WeakBrowse,Type,"System.IComparable"
WeakBrowse,Type,"System.IEquatable"
WeakBrowse,Type,"System.Collections.ObjectModel.ReadOnlyCollection"
WeakBrowse,Type,"System.Collections.Generic.IList<System.Exception>"
WeakBrowse,Type,"System.Collections.Generic.ICollection<System.Exception>"
WeakBrowse,Type,"System.Collections.Generic.IEnumerable<System.Exception>"
WeakBrowse,Type,"System.Collections.Generic.IReadOnlyList<System.Exception>"
WeakBrowse,Type,"System.Collections.Generic.IReadOnlyCollection<System.Exception>"
WeakBrowse,Type,"System.Collections.Generic.IList"
WeakBrowse,Type,"System.Collections.Generic.IReadOnlyList"
WeakBrowse,Type,"System.Collections.Generic.IReadOnlyCollection"
WeakBrowse,Type,"System.Collections.IStructuralComparable"
WeakBrowse,Type,"System.Collections.IStructuralEquatable"
WeakBrowse,Type,"System.Delegate"
WeakBrowse,Type,"Windows.UI.Xaml.Media.Brush"
WeakBrowse,Type,"Windows.UI.Core.ICoreWindowEventArgs"
WeakBrowse,Type,"Windows.ApplicationModel.IEnteredBackgroundEventArgs"
WeakBrowse,Type,"Windows.ApplicationModel.ILeavingBackgroundEventArgs"
WeakBrowse,Type,"System.Numerics.Vector3"
WeakBrowse,Type,"System.Version"
WeakBrowse,Type,"System.Collections.Generic.KeyValuePair<System.UInt16, kicquwp.OscarProtocol.TLV>"
WeakBrowse,Type,"System.Collections.Generic.IReadOnlyDictionary"
WeakBrowse,Type,"System.Collections.Generic.ISet<System.String>"
WeakBrowse,Type,"System.Collections.Generic.KeyValuePair<System.String, System.Int32>"
WeakBrowse,Type,"System.Collections.Generic.KeyValuePair<System.String, System.Collections.Generic.List<System.String[]>>"
WeakBrowse,Type,"System.Collections.Generic.KeyValuePair<System.UInt16, kicquwp.OscarProtocol.SsiGroup>"
WeakBrowse,Type,"System.Collections.Generic.ISet<System.UInt16>"
WeakBrowse,Type,"System.Collections.Generic.KeyValuePair<System.String, Windows.UI.Xaml.Markup.IXamlType>"
WeakBrowse,Type,"System.Collections.Generic.KeyValuePair<System.Type, Windows.UI.Xaml.Markup.IXamlType>"
WeakBrowse,Type,"System.Collections.Generic.KeyValuePair<System.String, Windows.UI.Xaml.Markup.IXamlMember>"
WeakBrowse,Type,"System.Collections.Generic.KeyValuePair<System.String, System.Object>"
WeakBrowse,Type,"System.Collections.Generic.IEnumerator"
WeakBrowse,Type,"System.Threading.CancellationTokenRegistration"
WeakBrowse,Type,"System.Single"
WeakBrowse,Type,"System.IComparable<System.DateTimeOffset>"
WeakBrowse,Type,"System.IEquatable<System.DateTimeOffset>"
WeakBrowse,Type,"System.Xml.XmlLinkedNode"
WeakBrowse,Type,"System.Collections.Generic.IEnumerable<System.Diagnostics.Tracing.EventKeywords>"
WeakBrowse,Type,"System.Collections.Generic.ICollection<System.Diagnostics.Tracing.EventKeywords>"
WeakBrowse,Type,"System.Collections.Generic.IList<System.Diagnostics.Tracing.EventKeywords>"
WeakBrowse,Type,"System.Collections.Generic.IReadOnlyList<System.Diagnostics.Tracing.EventKeywords>"
WeakBrowse,Type,"System.Collections.Generic.IReadOnlyCollection<System.Diagnostics.Tracing.EventKeywords>"
WeakBrowse,Type,"System.Runtime.CompilerServices.StateMachineAttribute"
WeakBrowse,Type,"Windows.UI.Xaml.Media.Imaging.BitmapSource"
WeakBrowse,Type,"Windows.UI.Xaml.Media.Imaging.DownloadProgressEventArgs"
WeakBrowse,Type,"System.Collections.Generic.Dictionary"
WeakBrowse,Type,"System.Collections.Generic.IReadOnlyDictionary<System.Object, System.Object>"
WeakBrowse,Type,"System.Collections.Generic.IReadOnlyCollection<System.Collections.Generic.KeyValuePair<System.Object, System.Object>>"
WeakBrowse,Type,"Windows.UI.Core.WindowActivatedEventArgs"
WeakBrowse,Type,"Windows.UI.Core.CoreWindowEventArgs"
WeakBrowse,Type,"Windows.UI.Core.WindowSizeChangedEventArgs"
WeakBrowse,Type,"Windows.UI.Xaml.Data.CurrentChangingEventArgs"
WeakBrowse,Type,"Windows.ApplicationModel.Activation.IFileActivatedEventArgs"
WeakBrowse,Type,"Windows.ApplicationModel.Activation.ISearchActivatedEventArgs"
WeakBrowse,Type,"Windows.ApplicationModel.Activation.IShareTargetActivatedEventArgs"
WeakBrowse,Type,"Windows.ApplicationModel.Activation.IFileOpenPickerActivatedEventArgs"
WeakBrowse,Type,"Windows.ApplicationModel.Activation.IFileSavePickerActivatedEventArgs"
WeakBrowse,Type,"Windows.ApplicationModel.Activation.ICachedFileUpdaterActivatedEventArgs"
WeakBrowse,Type,"System.IEquatable<System.TimeZoneInfo>"
WeakBrowse,Type,"System.Collections.Generic.IList<kicquwp.ChatMessage>"
WeakBrowse,Type,"System.Collections.Generic.ICollection<kicquwp.ChatMessage>"
WeakBrowse,Type,"System.Collections.Generic.IEnumerable<kicquwp.ChatMessage>"
WeakBrowse,Type,"System.Collections.Generic.IReadOnlyList<kicquwp.ChatMessage>"
WeakBrowse,Type,"System.Collections.Generic.IReadOnlyCollection<kicquwp.ChatMessage>"
WeakBrowse,Type,"System.Collections.Generic.ISet"
WeakBrowse,Type,"System.Collections.Generic.IEnumerable<System.Delegate>"
WeakBrowse,Type,"System.Collections.Generic.ICollection<System.Delegate>"
WeakBrowse,Type,"System.Collections.Generic.IList<System.Delegate>"
WeakBrowse,Type,"System.Collections.Generic.IReadOnlyList<System.Delegate>"
WeakBrowse,Type,"System.Collections.Generic.IReadOnlyCollection<System.Delegate>"
WeakBrowse,Type,"System.IComparable<System.SByte>"
WeakBrowse,Type,"System.IEquatable<System.SByte>"
WeakBrowse,Type,"System.IComparable<System.Int16>"
WeakBrowse,Type,"System.IEquatable<System.Int16>"
WeakBrowse,Type,"System.IComparable<System.UInt64>"
WeakBrowse,Type,"System.IEquatable<System.UInt64>"
WeakBrowse,Type,"System.IComparable<System.Decimal>"
WeakBrowse,Type,"System.IEquatable<System.Decimal>"
WeakBrowse,Type,"System.Int16"
WeakBrowse,Type,"System.Decimal"
WeakBrowse,Type,"System.SByte"
WeakBrowse,Type,"System.UInt64"
WeakBrowse,Type,"System.Array<System.Xml.XmlNode>"
WeakBrowse,Type,"System.Runtime.Serialization.IgnoreDataMemberAttribute"
WeakBrowse,Type,"System.Runtime.Serialization.EnumMemberAttribute"
WeakBrowse,Type,"System.Xml.Schema.XsdDateTime.DateTimeTypeCode"
WeakBrowse,Type,"System.Xml.Schema.XsdDateTime.XsdDateTimeKind"
WeakBrowse,Type,"System.Reflection.TypeAttributes"
WeakBrowse,Type,"System.Reflection.GenericParameterAttributes"
WeakBrowse,Type,"System.Diagnostics.Contracts.ContractFailureKind"
WeakBrowse,Type,"System.Globalization.CompareOptions"
WeakBrowse,Type,"System.Globalization.CalendarWeekRule"
WeakBrowse,Type,"System.Reflection.ResourceLocation"
WeakBrowse,Type,"System.Runtime.InteropServices.ComTypes.DESCKIND"
WeakBrowse,Type,"System.Runtime.InteropServices.ComTypes.TYPEKIND"
WeakBrowse,Type,"Windows.UI.Xaml.Automation.Peers.PatternInterface"
WeakBrowse,Type,"Windows.UI.Xaml.Automation.Peers.AutomationControlType"
WeakBrowse,Type,"Windows.UI.Xaml.Automation.Peers.AutomationOrientation"
WeakBrowse,Type,"Windows.UI.Xaml.Automation.Peers.AutomationLiveSetting"
WeakBrowse,Type,"Windows.UI.Xaml.Automation.Peers.AutomationNavigationDirection"
WeakBrowse,Type,"Windows.UI.Xaml.Automation.Peers.AutomationLandmarkType"
WeakBrowse,Type,"Windows.UI.Xaml.Automation.Peers.AutomationHeadingLevel"
WeakBrowse,Type,"System.Xml.XmlDictionaryReaderQuotaTypes"
WeakBrowse,Type,"System.Xml.XmlNodeChangedAction"
WeakBrowse,Type,"System.Xml.Schema.XsdDuration.DurationType"
WeakBrowse,Type,"System.Net.Http.HttpCompletionOption"
WeakBrowse,Type,"System.Action<System.String, System.String, System.Collections.Generic.IEnumerable<System.Collections.Generic.KeyValuePair<System.String, System.String>>>"
WeakBrowse,Type,"System.Text.Encoding"
WeakBrowse,Type,"System.Diagnostics.DiagnosticSourceEventSource.TransformSpec"
WeakBrowse,Type,"Windows.Foundation.Metadata.OverloadAttribute"
WeakBrowse,Type,"Windows.Foundation.Metadata.PreviousContractVersionAttribute"
WeakBrowse,Type,"System.Array<Contact>"
WeakBrowse,Type,"Windows.UI.Xaml.Media.FontFamily"
WeakBrowse,Type,"Windows.UI.Text.FontWeight"
WeakBrowse,Type,"Windows.UI.Xaml.Thickness"
WeakBrowse,Type,"System.Array<System.Delegate>"
WeakBrowse,Type,"System.Collections.Generic.IComparer"
WeakBrowse,Type,"System.Xml.XmlDictionaryReader.XmlWrappedReader"
WeakBrowse,Type,"System.IObserver"
WeakBrowse,Type,"Windows.UI.Xaml.Media.ImageSource"
WeakBrowse,Type,"System.Collections.Generic.IEnumerable<System.Xml.XmlNode>"
WeakBrowse,Type,"System.Collections.Generic.ICollection<System.Xml.XmlNode>"
WeakBrowse,Type,"System.Collections.Generic.IList<System.Xml.XmlNode>"
WeakBrowse,Type,"System.Collections.Generic.IReadOnlyList<System.Xml.XmlNode>"
WeakBrowse,Type,"System.Collections.Generic.IReadOnlyCollection<System.Xml.XmlNode>"
WeakBrowse,Type,"System.Xml.Schema.XsdDateTime"
WeakBrowse,Type,"System.Xml.Schema.XsdDuration"
WeakBrowse,Type,"System.Action"
WeakBrowse,Type,"System.Collections.Generic.IEnumerable<System.Diagnostics.Tracing.EventSourceSettings>"
WeakBrowse,Type,"System.Collections.Generic.ICollection<System.Diagnostics.Tracing.EventSourceSettings>"
WeakBrowse,Type,"System.Collections.Generic.IList<System.Diagnostics.Tracing.EventSourceSettings>"
WeakBrowse,Type,"System.Collections.Generic.IReadOnlyList<System.Diagnostics.Tracing.EventSourceSettings>"
WeakBrowse,Type,"System.Collections.Generic.IReadOnlyCollection<System.Diagnostics.Tracing.EventSourceSettings>"
WeakBrowse,Type,"System.Xml.XmlDictionaryReader"
WeakBrowse,Type,"System.OperationCanceledException"
WeakBrowse,Type,"System.Xml.TriState"
WeakBrowse,Type,"System.Reflection.EventAttributes"
WeakBrowse,Type,"System.Xml.Serialization.XmlMappingAccess"
WeakBrowse,Type,"Windows.Web.Http.Filters.HttpCacheReadBehavior"
WeakBrowse,Type,"Windows.Web.Http.Filters.HttpCacheWriteBehavior"
WeakBrowse,Type,"System.Runtime.Serialization.IntRef"
WeakBrowse,Type,"System.Runtime.Serialization.TypeHandleRef"
WeakBrowse,Type,"System.Runtime.Serialization.KeyValuePairAdapter"
WeakBrowse,Type,"System.Xml.XmlText"
WeakBrowse,Type,"System.Diagnostics.DiagnosticSourceEventSource.Subscriptions"
WeakBrowse,Type,"Windows.Foundation.Size"
WeakBrowse,Type,"System.Xml.XmlDocumentType"
WeakBrowse,Type,"System.Xml.XmlDeclaration"
WeakBrowse,Type,"System.Diagnostics.Tracing.TraceLoggingTypeInfo"
WeakBrowse,Type,"System.Xml.XmlComment"
WeakBrowse,Type,"System.Xml.XmlProcessingInstruction"
WeakBrowse,Type,"System.Xml.XmlCDataSection"
WeakBrowse,Type,"System.Xml.XmlDocumentFragment"
WeakBrowse,Type,"System.Xml.XmlEntityReference"
WeakBrowse,Type,"System.Xml.XmlWhitespace"
WeakBrowse,Type,"System.Xml.XmlSignificantWhitespace"
WeakBrowse,Type,"System.Diagnostics.DiagnosticListener"
WeakBrowse,Type,"System.Xml.XmlCharacterData"
WeakBrowse,Type,"System.Diagnostics.DiagnosticSource"
WeakBrowse,Type,"System.IObservable<System.Collections.Generic.KeyValuePair<System.String, System.Object>>"
WeakBrowse,Type,"System.Text.CodePagesEncodingProvider"
WeakBrowse,Type,"System.ObsoleteAttribute"
WeakBrowse,Type,"System.Xml.NewLineHandling"
WeakBrowse,Type,"System.Xml.NamespaceHandling"
WeakBrowse,Type,"System.Xml.ConformanceLevel"
WeakBrowse,Type,"System.Net.Http.ClientCertificateOption"
WeakBrowse,Type,"System.Net.DecompressionMethods"
WeakBrowse,Type,"System.Xml.Schema.XsdDuration.Parts"
WeakBrowse,Type,"System.Xml.XmlBaseReader.QNameType"
WeakBrowse,Type,"System.Xml.PrefixHandleType"
WeakBrowse,Type,"System.Runtime.Serialization.Json.XmlJsonReader.JsonComplexTextMode"
WeakBrowse,Type,"System.Diagnostics.Tracing.EventFieldFormat"
WeakBrowse,Type,"Windows.Storage.FileAccessMode"
WeakBrowse,Type,"System.Threading.LockRecursionPolicy"
WeakBrowse,Type,"System.Xml.XmlWellFormedWriter.NamespaceKind"
WeakBrowse,Type,"System.Runtime.Serialization.Json.JsonNodeType"
WeakBrowse,Type,"System.Xml.StringHandleConstStringType"
WeakBrowse,Type,"System.Xml.ValueHandleType"
WeakBrowse,Type,"System.Text.EncoderFallback"
WeakBrowse,Type,"Windows.Foundation.Point"
WeakBrowse,Type,"Windows.Foundation.Rect"
WeakBrowse,Type,"Windows.UI.Xaml.Input.KeyboardAcceleratorInvokedEventArgs"
WeakBrowse,Type,"Windows.UI.Composition.AnimationPropertyInfo"
WeakBrowse,Type,"System.Xml.XmlTextReaderImpl"
WeakBrowse,Type,"System.Xml.XmlAsyncCheckReader"
WeakBrowse,Type,"System.IObservable"
WeakBrowse,Type,"System.Text.EncodingProvider"
WeakBrowse,Type,"System.Xml.XmlBaseReader"
WeakBrowse,Type,"System.Runtime.Serialization.Json.XmlJsonReader"
WeakBrowse,Type,"System.Xml.XmlWellFormedWriter"
WeakBrowse,Type,"Windows.UI.Composition.CompositionObject"
WeakBrowse,Type,"System.Xml.IXmlNamespaceResolver"
WeakBrowse,Type,"System.Collections.Generic.IList<System.Collections.Generic.KeyValuePair<System.String, System.String>>"
WeakBrowse,Type,"System.Collections.Generic.IReadOnlyList<System.Collections.Generic.KeyValuePair<System.String, System.String>>"
WeakBrowse,Type,"System.Collections.Generic.IEnumerable<Windows.Foundation.Point>"
WeakBrowse,Type,"System.Xml.XmlWellFormedWriter.State"
WeakBrowse,Type,"System.Xml.XmlWellFormedWriter.SpecialAttribute"
WeakBrowse,Type,"System.Xml.XmlTextReaderImpl.ParsingFunction"
WeakBrowse,Type,"System.Xml.StringHandle.StringHandleType"
WeakBrowse,Type,"System.Threading.LazyThreadSafetyMode"
WeakBrowse,Type,"System.Xml.XmlStandalone"
WeakBrowse,Type,"System.Xml.XmlWellFormedWriter.Token"
WeakBrowse,Type,"System.Xml.EncodingStreamWrapper.SupportedEncoding"
WeakBrowse,Type,"Windows.Web.Http.Filters.HttpCookieUsageBehavior"
WeakBrowse,Type,"System.Runtime.Serialization.ClassDataContract.ClassDataContractCriticalHelper"
WeakBrowse,Type,"System.WeakReference<System.Xml.XmlElement>"
WeakBrowse,Type,"System.Collections.Generic.List<System.WeakReference<System.Xml.XmlElement>>"
WeakBrowse,Type,"Windows.UI.Xaml.DependencyProperty"
WeakBrowse,Type,"System.Net.Http.Headers.NameValueHeaderValue"
WeakBrowse,Type,"System.Xml.XmlEntity"
WeakBrowse,Type,"System.Xml.XmlWriter"
WeakBrowse,Type,"System.Xml.StringHandle"
WeakBrowse,Type,"System.Xml.EncodingStreamWrapper"
WeakBrowse,Type,"System.Runtime.Serialization.DataContract.DataContractCriticalHelper"
WeakBrowse,Type,"System.WeakReference"
WeakBrowse,Type,"System.Collections.Generic.IList<System.WeakReference<System.Xml.XmlElement>>"
WeakBrowse,Type,"System.Collections.Generic.ICollection<System.WeakReference<System.Xml.XmlElement>>"
WeakBrowse,Type,"System.Collections.Generic.IEnumerable<System.WeakReference<System.Xml.XmlElement>>"
WeakBrowse,Type,"System.Collections.Generic.IReadOnlyList<System.WeakReference<System.Xml.XmlElement>>"
WeakBrowse,Type,"System.Collections.Generic.IReadOnlyCollection<System.WeakReference<System.Xml.XmlElement>>"
WeakBrowse,Type,"System.Xml.XmlBaseWriter.DocumentState"
WeakBrowse,Type,"System.Xml.XmlTextReaderImpl.InitInputType"
WeakBrowse,Type,"System.Xml.XmlTextReaderImpl.ParsingMode"
WeakBrowse,Type,"System.Xml.XmlTextReaderImpl.IncrementalReadState"
WeakBrowse,Type,"System.Xml.XmlTextReaderImpl.EntityType"
WeakBrowse,Type,"System.Globalization.UnicodeCategory"
WeakBrowse,Type,"System.Text.ISO2022Encoding.ISO2022Modes"
WeakBrowse,Type,"System.Xml.XmlWellFormedWriter.AttributeValueCache.ItemType"
WeakBrowse,Type,"System.Xml.XmlBaseReader.XmlNode.XmlNodeFlags"
WeakBrowse,Type,"System.Xml.XmlTextReaderImpl.EntityExpandType"
WeakBrowse,Type,"System.Xml.ValueHandleConstStringType"
WeakBrowse,Type,"System.Xml.Serialization.XmlIgnoreAttribute"
WeakBrowse,Type,"System.Text.DecoderFallback"
WeakBrowse,Type,"System.Xml.Serialization.XmlAnyElementAttribute"
WeakBrowse,Type,"System.Xml.Serialization.XmlEnumAttribute"
WeakBrowse,Type,"System.IEquatable<System.Xml.StringHandle>"
WeakBrowse,Type,"System.Xml.XmlBaseWriter"
WeakBrowse,Type,"System.Text.ISO2022Encoding"
WeakBrowse,Type,"System.Xml.XmlWellFormedWriter.AttributeValueCache"
WeakBrowse,Type,"System.Xml.XmlBaseReader.XmlNode"
WeakBrowse,Type,"System.Net.Http.HttpRequestException"
WeakBrowse,Type,"System.Xml.WhitespaceHandling"
WeakBrowse,Type,"System.Runtime.Serialization.Json.JsonEncodingStreamWrapper.SupportedEncoding"
WeakBrowse,Type,"System.Runtime.Serialization.Json.XmlJsonWriter.JsonDataType"
WeakBrowse,Type,"System.Xml.IDtdEntityInfo"
WeakBrowse,Type,"System.Net.Http.Headers.ContentDispositionHeaderValue"
WeakBrowse,Type,"System.Net.Http.Headers.WarningHeaderValue"
WeakBrowse,Type,"System.Xml.XmlDictionaryWriter"
WeakBrowse,Type,"System.Text.DBCSCodePageEncoding"
WeakBrowse,Type,"System.Runtime.Serialization.Json.JsonEncodingStreamWrapper"
WeakBrowse,Type,"System.Runtime.Serialization.Json.XmlJsonWriter"
WeakBrowse,Type,"System.Runtime.Serialization.Json.XmlJsonWriter.NameState"
WeakBrowse,Type,"System.Xml.XmlBinaryNodeType"
WeakBrowse,Type,"Windows.Networking.HostNameType"
WeakBrowse,Type,"System.Net.Sockets.AddressFamily"
WeakBrowse,Type,"System.Diagnostics.DiagnosticSourceEventSource.TransformSpec.PropertySpec.PropertyFetch"
WeakBrowse,Type,"System.Diagnostics.DiagnosticSourceEventSource.TransformSpec.PropertySpec.PropertyFetch.TypedFetchProperty"
WeakBrowse,Type,"System.Xml.Serialization.XmlElementAttribute"
WeakBrowse,Type,"System.Xml.Serialization.XmlArrayItemAttribute"
WeakBrowse,Type,"System.Net.Http.Headers.RangeItemHeaderValue"
WeakBrowse,Type,"System.Xml.IDtdInfo"
WeakBrowse,Type,"System.Net.Http.Headers.ProductHeaderValue"
WeakBrowse,Type,"System.Text.BaseCodePageEncoding"
WeakBrowse,Type,"System.Diagnostics.DiagnosticSourceEventSource.TransformSpec.PropertySpec"
WeakBrowse,Type,"System.Net.Sockets.SocketException"
WeakBrowse,Type,"Windows.Web.Http.HttpProgressStage"
WeakBrowse,Type,"Windows.Web.Http.HttpStatusCode"
WeakBrowse,Type,"Windows.Web.Http.HttpVersion"
WeakBrowse,Type,"System.Net.Sockets.SocketError"
WeakBrowse,Type,"System.Net.Cookie"
WeakBrowse,Type,"System.Text.EncodingNLS"
WeakBrowse,Type,"System.ComponentModel.Win32Exception"
WeakBrowse,Type,"System.IO.TextReader"
WeakBrowse,Type,"System.Xml.DtdParser.Token"
WeakBrowse,Type,"System.Xml.DtdParser"
WeakBrowse,Type,"System.Xml.DtdParser.ScanningFunction"
WeakBrowse,Type,"System.Net.CookieCollection"
WeakBrowse,Type,"System.Collections.IComparer"
WeakBrowse,Type,"System.Xml.IDtdParser"
WeakBrowse,Type,"System.Threading.EventResetMode"
WeakBrowse,Type,"System.Xml.DtdParser.LiteralType"
WeakBrowse,Type,"System.Xml.Schema.SchemaAttDef"
WeakBrowse,Type,"System.Comparison"
WeakBrowse,Type,"System.Xml.Schema.SchemaDeclBase"
WeakBrowse,Type,"System.Xml.IDtdDefaultAttributeInfo"
WeakBrowse,Type,"System.Xml.IDtdAttributeInfo"
WeakBrowse,Type,"System.Xml.Schema.SchemaAttDef.Reserve"
WeakBrowse,Type,"System.Xml.XmlTokenizedType"
WeakBrowse,Type,"System.Xml.Schema.SchemaDeclBase.Use"
WeakBrowse,Type,"System.UnauthorizedAccessException"
WeakDynamic,Type,"System.Void"
WeakDynamic,Type,"Windows.UI.Text.FontWeight"
WeakDynamic,Type,"Windows.UI.Xaml.Markup.XmlnsDefinition"
WeakDynamic,Type,"System.Diagnostics.Tracing.PropertyValue"
WeakDynamic,Type,"Windows.Foundation.UniversalApiContract"
WeakDynamic,Type,"Windows.Foundation.FoundationContract"
WeakDynamic,Type,"Windows.UI.Xaml.DurationType"
WeakDynamic,Type,"Windows.UI.Xaml.Media.Animation.RepeatBehavior"
WeakDynamic,Type,"System.Numerics.Vector3"
WeakDynamic,Type,"System.Xml.XmlNodeType"
WeakDynamic,Type,"System.Runtime.Serialization.KeyValue"
WeakDynamic,Type,"System.Runtime.Serialization.KeyValue<System.Object, System.Object>"
WeakDynamic,Type,"System.Xml.XmlDateTimeSerializationMode"
WeakDynamic,Type,"System.Xml.DebuggerDisplayXmlNodeProxy"
WeakDynamic,Type,"System.Diagnostics.Tracing.PropertyValue.Scalar"
WeakDynamic,Type,"Windows.UI.Xaml.Media.Animation.RepeatBehaviorType"
WeakDynamic,Type,"System.String"
WeakDynamic,Type,"Contact"
WeakDynamic,Type,"System.Boolean"
WeakDynamic,Type,"ContactInfo"
WeakDynamic,Type,"System.UInt16"
WeakDynamic,Type,"System.Int32"
WeakDynamic,Type,"System.Byte"
WeakDynamic,Type,"System.UInt32"
WeakDynamic,Type,"kicquwp.AccountInfoPage"
WeakDynamic,Type,"System.Threading.Tasks.Task"
WeakDynamic,Type,"Windows.UI.Xaml.Markup.IComponentConnector"
WeakDynamic,Type,"kicquwp.UserBasicInfo"
WeakDynamic,Type,"kicquwp.OscarProtocol"
WeakDynamic,Type,"kicquwp.App"
WeakDynamic,Type,"kicquwp.ReconnectService"
WeakDynamic,Type,"Windows.UI.Xaml.Media.ImageBrush"
WeakDynamic,Type,"Windows.UI.Xaml.Markup.IXamlType"
WeakDynamic,Type,"System.Array<Windows.UI.Xaml.Markup.XmlnsDefinition>"
WeakDynamic,Type,"System.Object"
WeakDynamic,Type,"kicquwp.BoolToVisibilityConverter"
WeakDynamic,Type,"kicquwp.ByteToOpacityConverter"
WeakDynamic,Type,"kicquwp.ChatMessage"
WeakDynamic,Type,"kicquwp.ChatPage"
WeakDynamic,Type,"kicquwp.ContactGroup"
WeakDynamic,Type,"kicquwp.ContactStorage"
WeakDynamic,Type,"System.Threading.Tasks.Task<System.Collections.Generic.List<Contact>>"
WeakDynamic,Type,"kicquwp.ControlChannelService"
WeakDynamic,Type,"System.Threading.Tasks.Task<Windows.Networking.Sockets.ControlChannelTrigger>"
WeakDynamic,Type,"kicquwp.EmojiItem"
WeakDynamic,Type,"kicquwp.EmojiManager"
WeakDynamic,Type,"kicquwp.FeatureItem"
WeakDynamic,Type,"kicquwp.UpdateCheckResult"
WeakDynamic,Type,"System.DateTime"
WeakDynamic,Type,"kicquwp.GitHubUpdateService"
WeakDynamic,Type,"System.Version"
WeakDynamic,Type,"System.Threading.Tasks.Task<kicquwp.UpdateCheckResult>"
WeakDynamic,Type,"System.Threading.Tasks.Task<System.Boolean>"
WeakDynamic,Type,"kicquwp.InfoPage"
WeakDynamic,Type,"kicquwp.LoginPage"
WeakDynamic,Type,"System.Collections.ObjectModel.ObservableCollection<Contact>"
WeakDynamic,Type,"kicquwp.MainPage"
WeakDynamic,Type,"System.Threading.Tasks.Task<System.String>"
WeakDynamic,Type,"kicquwp.Message"
WeakDynamic,Type,"kicquwp.NotificationService"
WeakDynamic,Type,"System.Action<System.String>"
WeakDynamic,Type,"Windows.UI.Core.CoreDispatcher"
WeakDynamic,Type,"System.Array<System.Byte>"
WeakDynamic,Type,"System.Threading.Tasks.Task<System.DateTime>"
WeakDynamic,Type,"System.Array<System.UInt16>"
WeakDynamic,Type,"System.Threading.Tasks.Task<kicquwp.OscarProtocol.FlapFrame>"
WeakDynamic,Type,"System.Collections.Generic.Dictionary<System.UInt16, kicquwp.OscarProtocol.TLV>"
WeakDynamic,Type,"System.Threading.Tasks.Task<kicquwp.OscarProtocol.SnacPacket>"
WeakDynamic,Type,"System.Threading.Tasks.Task<System.Collections.ObjectModel.ObservableCollection<Contact>>"
WeakDynamic,Type,"System.Collections.Generic.List<kicquwp.OscarProtocol.SsiGroup>"
WeakDynamic,Type,"System.Collections.Generic.List<System.String>"
WeakDynamic,Type,"System.Collections.Generic.List<System.String[]>"
WeakDynamic,Type,"System.Threading.Tasks.Task<kicquwp.UserBasicInfo>"
WeakDynamic,Type,"System.Threading.Tasks.Task<System.UInt16>"
WeakDynamic,Type,"System.Threading.Tasks.Task<System.Collections.Generic.List<kicquwp.SearchResult>>"
WeakDynamic,Type,"System.Threading.Tasks.Task<kicquwp.OscarProtocol.UserFullInfo>"
WeakDynamic,Type,"kicquwp.SearchResult"
WeakDynamic,Type,"kicquwp.SearchPage"
WeakDynamic,Type,"kicquwp.SettingsManager"
WeakDynamic,Type,"kicquwp.SettingsPage"
WeakDynamic,Type,"kicquwp.SoundService"
WeakDynamic,Type,"kicquwp.Program"
WeakDynamic,Type,"kicquwp.kicquwp_XamlTypeInfo.XamlTypeInfoProvider"
WeakDynamic,Type,"Windows.UI.Xaml.Markup.IXamlMember"
WeakDynamic,Type,"kicquwp.kicquwp_XamlTypeInfo.XamlSystemBaseType"
WeakDynamic,Type,"System.Type"
WeakDynamic,Type,"kicquwp.kicquwp_XamlTypeInfo.Activator"
WeakDynamic,Type,"System.IAsyncResult"
WeakDynamic,Type,"kicquwp.kicquwp_XamlTypeInfo.AddToCollection"
WeakDynamic,Type,"kicquwp.kicquwp_XamlTypeInfo.AddToDictionary"
WeakDynamic,Type,"kicquwp.kicquwp_XamlTypeInfo.XamlUserType"
WeakDynamic,Type,"kicquwp.kicquwp_XamlTypeInfo.Getter"
WeakDynamic,Type,"kicquwp.kicquwp_XamlTypeInfo.Setter"
WeakDynamic,Type,"kicquwp.kicquwp_XamlTypeInfo.XamlMember"
WeakDynamic,Type,"kicquwp.AccountInfoPage.<OnNavigatedTo>d__2"
WeakDynamic,Type,"kicquwp.AccountInfoPage.<LoadUserInfo>d__4"
WeakDynamic,Type,"kicquwp.AccountInfoPage.<SaveButton_Click>d__5"
WeakDynamic,Type,"kicquwp.App.<>c"
WeakDynamic,Type,"kicquwp.App.<>c__DisplayClass18_0"
WeakDynamic,Type,"kicquwp.App.<>c__DisplayClass19_0"
WeakDynamic,Type,"kicquwp.App.<OnActivated>d__21"
WeakDynamic,Type,"kicquwp.App.<>c__DisplayClass22_0"
WeakDynamic,Type,"kicquwp.App.<OpenChatPageFromToastAsync>d__22"
WeakDynamic,Type,"kicquwp.App.<OnResuming>d__25"
WeakDynamic,Type,"kicquwp.ChatPage.<OnNavigatedTo>d__15"
WeakDynamic,Type,"kicquwp.ChatPage.<OnChatConnectionLost>d__16"
WeakDynamic,Type,"kicquwp.ChatPage.<AddToContacts_Click>d__20"
WeakDynamic,Type,"kicquwp.ChatPage.<ContactInfo_Click>d__22"
WeakDynamic,Type,"kicquwp.ChatPage.<RenameContact_Click>d__23"
WeakDynamic,Type,"kicquwp.ChatPage.<DeleteContact_Click>d__24"
WeakDynamic,Type,"kicquwp.ChatPage.<ClearChat_Click>d__25"
WeakDynamic,Type,"kicquwp.ChatPage.<>c__DisplayClass26_0"
WeakDynamic,Type,"kicquwp.ChatPage.<ShowRenameDialogAsync>d__26"
WeakDynamic,Type,"kicquwp.ChatPage.<>c__DisplayClass27_0"
WeakDynamic,Type,"kicquwp.ChatPage.<OnIncomingMessage>d__27"
WeakDynamic,Type,"kicquwp.ChatPage.<SendMessage_Click>d__28"
WeakDynamic,Type,"kicquwp.ChatPage.<MessageTextBox_KeyDown>d__29"
WeakDynamic,Type,"kicquwp.ChatPage.<>c__DisplayClass30_0"
WeakDynamic,Type,"kicquwp.ChatPage.<>c"
WeakDynamic,Type,"kicquwp.ChatPage.<SendCurrentMessageAsync>d__30"
WeakDynamic,Type,"kicquwp.ChatPage.<>c__DisplayClass31_0"
WeakDynamic,Type,"kicquwp.ChatPage.<OnTypingNotification>d__31"
WeakDynamic,Type,"kicquwp.ChatPage.<MessageTextBox_TextChanged>d__32"
WeakDynamic,Type,"kicquwp.ChatPage.<OnTypingTimerTick>d__33"
WeakDynamic,Type,"kicquwp.ChatPage.<>c__DisplayClass34_0"
WeakDynamic,Type,"kicquwp.ChatPage.<ForwardMessageAsync>d__38"
WeakDynamic,Type,"kicquwp.ChatPage.<ShowForwardContactPickerAsync>d__39"
WeakDynamic,Type,"kicquwp.ChatPage.<LoadEmojiAnimationsAsync>d__41"
WeakDynamic,Type,"kicquwp.ChatPage.<ApplyChatBackgroundAsync>d__47"
WeakDynamic,Type,"kicquwp.ChatPage.<SaveMessageAsync>d__50"
WeakDynamic,Type,"kicquwp.ChatPage.<LoadHistoryAsync>d__51"
WeakDynamic,Type,"kicquwp.ChatPage.<ShowErrorDialogAsync>d__52"
WeakDynamic,Type,"kicquwp.ChatPage.<ShowDialogAsync>d__53"
WeakDynamic,Type,"kicquwp.ChatPage.<ShowInfoDialogAsync>d__54"
WeakDynamic,Type,"kicquwp.ChatPage.<<RenameContact_Click>b__23_0>d"
WeakDynamic,Type,"kicquwp.ContactStorage.<SaveContactsToFileAsync>d__0"
WeakDynamic,Type,"kicquwp.ContactStorage.<LoadContactsFromFileAsync>d__1"
WeakDynamic,Type,"kicquwp.ControlChannelService.<InitializeAsync>d__9"
WeakDynamic,Type,"kicquwp.FeatureItem.<>c"
WeakDynamic,Type,"kicquwp.GitHubUpdateService.<CheckForUpdatesAsync>d__7"
WeakDynamic,Type,"kicquwp.GitHubUpdateService.<OpenReleasePageAsync>d__8"
WeakDynamic,Type,"kicquwp.LoginPage.<>c"
WeakDynamic,Type,"kicquwp.LoginPage.<LoginButton_Click>d__3"
WeakDynamic,Type,"kicquwp.LoginPage.<>c__DisplayClass4_0"
WeakDynamic,Type,"kicquwp.LoginPage.<UpdateStatusText>d__4"
WeakDynamic,Type,"kicquwp.LoginPage.<RegButton_Click>d__6"
WeakDynamic,Type,"kicquwp.LoginPage.<RegisterDialog_PrimaryButtonClick>d__7"
WeakDynamic,Type,"kicquwp.LoginPage.<ShowErrorDialog>d__8"
WeakDynamic,Type,"kicquwp.LoginPage.<HelpButton_Click>d__10"
WeakDynamic,Type,"kicquwp.LoginPage.<ExitButton_Click>d__11"
WeakDynamic,Type,"kicquwp.LoginPage.<>c__DisplayClass13_0"
WeakDynamic,Type,"kicquwp.LoginPage.<ShowMessageDialog>d__13"
WeakDynamic,Type,"kicquwp.MainPage.<>c__DisplayClass15_0"
WeakDynamic,Type,"kicquwp.MainPage.<InitAsync>d__15"
WeakDynamic,Type,"kicquwp.MainPage.<LoadLastUsedUinAsync>d__17"
WeakDynamic,Type,"kicquwp.MainPage.<SaveLastUsedUinAsync>d__18"
WeakDynamic,Type,"kicquwp.MainPage.<ContactItem_Holding>d__23"
WeakDynamic,Type,"kicquwp.MainPage.<OnConnectionLostHandler>d__24"
WeakDynamic,Type,"kicquwp.MainPage.<ShowContactContextMenuAsync>d__25"
WeakDynamic,Type,"kicquwp.MainPage.<ShowTemporaryContactMenuAsync>d__26"
WeakDynamic,Type,"kicquwp.MainPage.<ShowRegularContactMenuAsync>d__27"
WeakDynamic,Type,"kicquwp.MainPage.<ShowEditDeleteMenuAsync>d__28"
WeakDynamic,Type,"kicquwp.MainPage.<>c__DisplayClass29_0"
WeakDynamic,Type,"kicquwp.MainPage.<ShowRenameDialogAsync>d__29"
WeakDynamic,Type,"kicquwp.MainPage.<ConfirmAndDeleteContactAsync>d__30"
WeakDynamic,Type,"kicquwp.MainPage.<ShowContactInfoAsync>d__31"
WeakDynamic,Type,"kicquwp.MainPage.<>c__DisplayClass32_0"
WeakDynamic,Type,"kicquwp.MainPage.<>c"
WeakDynamic,Type,"kicquwp.MainPage.<ShowMoveToGroupDialogAsync>d__32"
WeakDynamic,Type,"kicquwp.MainPage.<>c__DisplayClass33_0"
WeakDynamic,Type,"kicquwp.MainPage.<>c__DisplayClass35_0"
WeakDynamic,Type,"kicquwp.MainPage.<>c__DisplayClass39_0"
WeakDynamic,Type,"kicquwp.MainPage.<OnKickedOut>d__39"
WeakDynamic,Type,"kicquwp.MainPage.<SetStatus_Click>d__43"
WeakDynamic,Type,"kicquwp.MainPage.<LoadContacts>d__46"
WeakDynamic,Type,"kicquwp.MainPage.<ApplySettings>d__47"
WeakDynamic,Type,"kicquwp.MainPage.<ApplyBackgroundAsync>d__48"
WeakDynamic,Type,"kicquwp.MainPage.<LogoutButton_Click>d__50"
WeakDynamic,Type,"kicquwp.MainPage.<ShowErrorDialogAsync>d__58"
WeakDynamic,Type,"kicquwp.MainPage.<ShowInfoDialogAsync>d__59"
WeakDynamic,Type,"kicquwp.MainPage.<<ApplySettings>b__47_0>d"
WeakDynamic,Type,"kicquwp.NotificationService.<OnMessageReceived>d__12"
WeakDynamic,Type,"kicquwp.NotificationService.<>c"
WeakDynamic,Type,"kicquwp.NotificationService.<PlaySound>d__19"
WeakDynamic,Type,"kicquwp.OscarProtocol.SsiGroup"
WeakDynamic,Type,"System.Collections.Generic.List<System.UInt16>"
WeakDynamic,Type,"kicquwp.OscarProtocol.UserFullInfo"
WeakDynamic,Type,"kicquwp.OscarProtocol.StatusIconHelper"
WeakDynamic,Type,"kicquwp.OscarProtocol.SnacFlags"
WeakDynamic,Type,"kicquwp.OscarProtocol.SnacPacket"
WeakDynamic,Type,"kicquwp.OscarProtocol.FlapFrame"
WeakDynamic,Type,"kicquwp.OscarProtocol.TLV"
WeakDynamic,Type,"kicquwp.OscarProtocol.<ConnectAsync>d__76"
WeakDynamic,Type,"kicquwp.OscarProtocol.<AuthenticateAsync>d__80"
WeakDynamic,Type,"kicquwp.OscarProtocol.<DirectAuth>d__81"
WeakDynamic,Type,"kicquwp.OscarProtocol.<RegisterNewAccountAsync>d__82"
WeakDynamic,Type,"kicquwp.OscarProtocol.<SendLoginWithChallenge>d__85"
WeakDynamic,Type,"kicquwp.OscarProtocol.<SendTlvLogin>d__86"
WeakDynamic,Type,"kicquwp.OscarProtocol.<SendFlapAsync>d__90"
WeakDynamic,Type,"kicquwp.OscarProtocol.<SendServiceVersionsRequestAsync>d__92"
WeakDynamic,Type,"kicquwp.OscarProtocol.<SendSnacAsync>d__95"
WeakDynamic,Type,"kicquwp.OscarProtocol.<SendClientReadyAsync>d__96"
WeakDynamic,Type,"kicquwp.OscarProtocol.<WaitForServerFamiliesAsync>d__97"
WeakDynamic,Type,"kicquwp.OscarProtocol.<>c__DisplayClass103_0"
WeakDynamic,Type,"kicquwp.OscarProtocol.<>c__DisplayClass104_0"
WeakDynamic,Type,"kicquwp.OscarProtocol.<>c__DisplayClass104_1"
WeakDynamic,Type,"kicquwp.OscarProtocol.<>c__DisplayClass108_0"
WeakDynamic,Type,"kicquwp.OscarProtocol.<ReceiveFlapAsync>d__108"
WeakDynamic,Type,"kicquwp.OscarProtocol.<ReceiveFlapWithTimeout>d__110"
WeakDynamic,Type,"kicquwp.OscarProtocol.<WaitForServiceVersionsAsync>d__111"
WeakDynamic,Type,"kicquwp.OscarProtocol.<InitializeOscarSessionAsync>d__113"
WeakDynamic,Type,"kicquwp.OscarProtocol.<>c__DisplayClass114_0"
WeakDynamic,Type,"kicquwp.OscarProtocol.<InitServicesAsync>d__114"
WeakDynamic,Type,"kicquwp.OscarProtocol.<SendRateLimitsAckAsync>d__115"
WeakDynamic,Type,"kicquwp.OscarProtocol.<SendIcbmParametersAsync>d__116"
WeakDynamic,Type,"kicquwp.OscarProtocol.<ClientIdentAsync>d__117"
WeakDynamic,Type,"kicquwp.OscarProtocol.<ReceiveSnacAsync>d__121"
WeakDynamic,Type,"kicquwp.OscarProtocol.<ReceiveSnacWithTimeout>d__123"
WeakDynamic,Type,"kicquwp.OscarProtocol.<GetContactsAsync>d__124"
WeakDynamic,Type,"kicquwp.OscarProtocol.<SendClientCapabilitiesAsync>d__125"
WeakDynamic,Type,"kicquwp.OscarProtocol.<>c__DisplayClass129_0"
WeakDynamic,Type,"kicquwp.OscarProtocol.<>c__DisplayClass129_1"
WeakDynamic,Type,"kicquwp.OscarProtocol.<RemoveContactAsync>d__129"
WeakDynamic,Type,"kicquwp.OscarProtocol.<>c__DisplayClass130_0"
WeakDynamic,Type,"kicquwp.OscarProtocol.<>c__DisplayClass130_1"
WeakDynamic,Type,"kicquwp.OscarProtocol.<RenameContactAsync>d__130"
WeakDynamic,Type,"kicquwp.OscarProtocol.<MoveContactAsync>d__131"
WeakDynamic,Type,"kicquwp.OscarProtocol.<SendSetStatusAsync>d__134"
WeakDynamic,Type,"kicquwp.OscarProtocol.<ConnectToBosAsync>d__135"
WeakDynamic,Type,"kicquwp.OscarProtocol.<ConnectToBosSocketAsync>d__136"
WeakDynamic,Type,"kicquwp.OscarProtocol.<HandleBosRedirectAsync>d__137"
WeakDynamic,Type,"kicquwp.OscarProtocol.<SendIcbmAsync>d__141"
WeakDynamic,Type,"kicquwp.OscarProtocol.<SendSingleIcbmAsync>d__142"
WeakDynamic,Type,"kicquwp.OscarProtocol.<WaitForRedirectOrBosAsync>d__147"
WeakDynamic,Type,"kicquwp.OscarProtocol.<>c__DisplayClass148_0"
WeakDynamic,Type,"kicquwp.OscarProtocol.<ShowMessageDialog>d__148"
WeakDynamic,Type,"kicquwp.OscarProtocol.<AuthenticateAndInitializeAsync>d__149"
WeakDynamic,Type,"kicquwp.OscarProtocol.<SendCapabilitiesAsync>d__150"
WeakDynamic,Type,"kicquwp.OscarProtocol.<>c__DisplayClass152_0"
WeakDynamic,Type,"kicquwp.OscarProtocol.<>c__DisplayClass152_1"
WeakDynamic,Type,"kicquwp.OscarProtocol.<HandleIncomingIcbm>d__152"
WeakDynamic,Type,"kicquwp.OscarProtocol.<>c__DisplayClass155_0"
WeakDynamic,Type,"kicquwp.OscarProtocol.<RequestFullUserInfoAsync>d__155"
WeakDynamic,Type,"kicquwp.OscarProtocol.<>c__DisplayClass157_0"
WeakDynamic,Type,"kicquwp.OscarProtocol.<SetBasicUserInfoAsync>d__157"
WeakDynamic,Type,"kicquwp.OscarProtocol.<SetStatusAsync>d__165"
WeakDynamic,Type,"kicquwp.OscarProtocol.<ReceiveLoopAsync>d__167"
WeakDynamic,Type,"kicquwp.OscarProtocol.<HandleFlapAsync>d__168"
WeakDynamic,Type,"kicquwp.OscarProtocol.<>c__DisplayClass169_0"
WeakDynamic,Type,"kicquwp.OscarProtocol.<SendTypingNotificationAsync>d__170"
WeakDynamic,Type,"kicquwp.OscarProtocol.<>c__DisplayClass171_0"
WeakDynamic,Type,"kicquwp.OscarProtocol.<>c__DisplayClass174_0"
WeakDynamic,Type,"kicquwp.OscarProtocol.<HandleUserOfflineAsync>d__174"
WeakDynamic,Type,"kicquwp.OscarProtocol.<>c"
WeakDynamic,Type,"kicquwp.OscarProtocol.<HandleServiceFamilies>d__175"
WeakDynamic,Type,"kicquwp.OscarProtocol.<SearchByUinAsync>d__180"
WeakDynamic,Type,"kicquwp.OscarProtocol.<>c__DisplayClass181_0"
WeakDynamic,Type,"kicquwp.OscarProtocol.<SearchByDetailsAsync>d__183"
WeakDynamic,Type,"kicquwp.OscarProtocol.<SearchByEmailAsync>d__184"
WeakDynamic,Type,"kicquwp.OscarProtocol.<ReceiveSearchResults>d__185"
WeakDynamic,Type,"kicquwp.OscarProtocol.<>c__DisplayClass186_0"
WeakDynamic,Type,"kicquwp.OscarProtocol.<DeleteAccountAsync>d__191"
WeakDynamic,Type,"kicquwp.OscarProtocol.<DisconnectAfterDeleteAsync>d__194"
WeakDynamic,Type,"kicquwp.OscarProtocol.<>c__DisplayClass198_0"
WeakDynamic,Type,"kicquwp.OscarProtocol.<>c__DisplayClass198_1"
WeakDynamic,Type,"kicquwp.OscarProtocol.<AddContactAsync>d__198"
WeakDynamic,Type,"kicquwp.OscarProtocol.<RequestUserInfoAsync>d__200"
WeakDynamic,Type,"kicquwp.OscarProtocol.<HandleServiceVersionsResponse>d__201"
WeakDynamic,Type,"kicquwp.OscarProtocol.<TeardownForReconnectAsync>d__202"
WeakDynamic,Type,"kicquwp.OscarProtocol.<DisconnectAsync>d__203"
WeakDynamic,Type,"kicquwp.OscarProtocol.<>c__DisplayClass205_0"
WeakDynamic,Type,"kicquwp.OscarProtocol.<>c__DisplayClass205_1"
WeakDynamic,Type,"kicquwp.OscarProtocol.<HandleUserOnlineAsync>d__205"
WeakDynamic,Type,"kicquwp.OscarProtocol.<ReceiveServerSnacsAsync>d__211"
WeakDynamic,Type,"kicquwp.OscarProtocol.<KeepAliveLoopAsync>d__212"
WeakDynamic,Type,"kicquwp.ReconnectService.<OnNetworkStatusChanged>d__33"
WeakDynamic,Type,"kicquwp.ReconnectService.<MonitorLoopAsync>d__35"
WeakDynamic,Type,"kicquwp.ReconnectService.<ForceReconnectAsync>d__36"
WeakDynamic,Type,"kicquwp.ReconnectService.<TryReconnectAsync>d__37"
WeakDynamic,Type,"kicquwp.ReconnectService.<>c__DisplayClass39_0"
WeakDynamic,Type,"kicquwp.ReconnectService.<OnIncomingMessage>d__40"
WeakDynamic,Type,"kicquwp.SearchPage.<SearchButton_Click>d__8"
WeakDynamic,Type,"kicquwp.SearchPage.<AddContact_Click>d__9"
WeakDynamic,Type,"kicquwp.SettingsPage.<PickBackground_Click>d__2"
WeakDynamic,Type,"kicquwp.SettingsPage.<PickChatBackground_Click>d__3"
WeakDynamic,Type,"kicquwp.SettingsPage.<ClearChatBackground_Click>d__11"
WeakDynamic,Type,"kicquwp.SettingsPage.<ClearBackground_Click>d__15"
WeakDynamic,Type,"kicquwp.SettingsPage.<CheckUpdate_Click>d__18"
WeakDynamic,Type,"kicquwp.SettingsPage.<OpenReleases_Click>d__19"
WeakDynamic,Type,"kicquwp.SettingsPage.<CheckForUpdatesAsync>d__21"
WeakDynamic,Type,"kicquwp.SettingsPage.<>c__DisplayClass23_0"
WeakDynamic,Type,"kicquwp.SettingsPage.<DeleteAccount_Click>d__23"
WeakDynamic,Type,"kicquwp.SoundService.<PlayMessage>d__4"
WeakDynamic,Type,"kicquwp.SoundService.<PlayOnline>d__5"
WeakDynamic,Type,"kicquwp.SoundService.<PlayOffline>d__6"
WeakDynamic,Type,"kicquwp.SoundService.<PlayError>d__7"
WeakDynamic,Type,"kicquwp.SoundService.<PlayNotification>d__8"
WeakDynamic,Type,"kicquwp.SoundService.<>c"
WeakDynamic,Type,"kicquwp.SoundService.<Play>d__9"
WeakDynamic,Type,"kicquwp.Program.<>c"
WeakDynamic,Type,"kicquwp.App.<>c.<<CheckUpdateOnStartup>b__18_0>d"
WeakDynamic,Type,"kicquwp.App.<>c__DisplayClass18_0.<<CheckUpdateOnStartup>b__1>d"
WeakDynamic,Type,"kicquwp.ChatPage.<>c__DisplayClass27_0.<<OnIncomingMessage>b__0>d"
WeakDynamic,Type,"kicquwp.ChatPage.<>c__DisplayClass30_0.<<SendCurrentMessageAsync>b__2>d"
WeakDynamic,Type,"kicquwp.LoginPage.<>c__DisplayClass13_0.<<ShowMessageDialog>b__0>d"
WeakDynamic,Type,"kicquwp.MainPage.<>c__DisplayClass39_0.<<OnKickedOut>b__0>d"
WeakDynamic,Type,"kicquwp.OscarProtocol.<>c__DisplayClass148_0.<<ShowMessageDialog>b__0>d"
WeakDynamic,Type,"kicquwp.OscarProtocol.<>c__DisplayClass181_0.<<RequestFullUserInfoDetailedAsync>b__1>d"
WeakDynamic,Type,"kicquwp.ReconnectService.<>c__DisplayClass39_0.<<ForceReconnect>b__0>d"
WeakDynamic,Type,"System.Diagnostics.Tracing.EventSourceAttribute"
WeakDynamic,Type,"System.Diagnostics.Tracing.EventAttribute"
WeakDynamic,Type,"System.Diagnostics.Tracing.EventLevel"
WeakDynamic,Type,"System.Diagnostics.Tracing.EventKeywords"
WeakDynamic,Type,"System.Diagnostics.Tracing.EventOpcode"
WeakDynamic,Type,"System.Diagnostics.Tracing.EventTask"
WeakDynamic,Type,"System.Diagnostics.Tracing.EventTags"
WeakDynamic,Type,"System.Diagnostics.Tracing.EventActivityOptions"
WeakDynamic,Type,"System.Diagnostics.Tracing.EventDataAttribute"
WeakDynamic,Type,"Background.BackgroundTask.BackgroundTask"
WeakDynamic,Type,"Background.BackgroundTask.BackgroundTask.<Run>d__1"
WeakDynamic,Type,"Background.BackgroundTask.<WinRT>BackgroundTask"
WeakDynamic,Type,"System.Func<System.Diagnostics.Tracing.PropertyValue, System.Diagnostics.Tracing.PropertyValue>"
WeakDynamic,Type,"System.Diagnostics.Tracing.PropertyValue.ReferenceTypeHelper<System.Object>"
WeakDynamic,Type,"System.Diagnostics.Tracing.EventSource"
WeakDynamic,Type,"System.Guid"
WeakDynamic,Type,"System.Diagnostics.Tracing.EventSourceSettings"
WeakDynamic,Type,"System.Collections.Generic.IEnumerable<System.Diagnostics.Tracing.EventSource>"
WeakDynamic,Type,"System.Exception"
WeakDynamic,Type,"System.Diagnostics.DiagnosticSourceEventSource"
WeakDynamic,Type,"System.Runtime.CompilerServices.CompilationRelaxationsAttribute"
WeakDynamic,Type,"System.Runtime.CompilerServices.RuntimeCompatibilityAttribute"
WeakDynamic,Type,"System.Diagnostics.DebuggableAttribute"
WeakDynamic,Type,"System.Reflection.AssemblyTitleAttribute"
WeakDynamic,Type,"System.Reflection.AssemblyDescriptionAttribute"
WeakDynamic,Type,"System.Reflection.AssemblyConfigurationAttribute"
WeakDynamic,Type,"System.Reflection.AssemblyCompanyAttribute"
WeakDynamic,Type,"System.Reflection.AssemblyProductAttribute"
WeakDynamic,Type,"System.Reflection.AssemblyCopyrightAttribute"
WeakDynamic,Type,"System.Reflection.AssemblyTrademarkAttribute"
WeakDynamic,Type,"System.Reflection.AssemblyFileVersionAttribute"
WeakDynamic,Type,"System.Runtime.InteropServices.ComVisibleAttribute"
WeakDynamic,Type,"System.Runtime.Versioning.TargetFrameworkAttribute"
WeakDynamic,Type,"System.Reflection.AssemblyDefaultAliasAttribute"
WeakDynamic,Type,"System.Reflection.AssemblyInformationalVersionAttribute"
WeakDynamic,Type,"System.CLSCompliantAttribute"
WeakDynamic,Type,"System.Reflection.AssemblyMetadataAttribute"
WeakDynamic,Type,"System.Resources.NeutralResourcesLanguageAttribute"
WeakDynamic,Type,"System.Runtime.CompilerServices.ExtensionAttribute"
WeakDynamic,Type,"System.Reflection.AssemblyKeyFileAttribute"
WeakDynamic,Type,"System.Reflection.AssemblyDelaySignAttribute"
WeakDynamic,Type,"System.Windows.Input.ICommand"
WeakDynamic,Type,"System.EventHandler"
WeakDynamic,Type,"System.Collections.Specialized.INotifyCollectionChanged"
WeakDynamic,Type,"System.Collections.Specialized.NotifyCollectionChangedEventHandler"
WeakDynamic,Type,"System.ComponentModel.INotifyPropertyChanged"
WeakDynamic,Type,"System.ComponentModel.PropertyChangedEventHandler"
WeakDynamic,Type,"Windows.UI.Xaml.Data.ICustomProperty"
WeakDynamic,Type,"System.Runtime.InteropServices.WindowsRuntime.EventRegistrationToken"
WeakDynamic,Type,"Windows.UI.Xaml.Controls.Control"
WeakDynamic,Type,"Windows.UI.Xaml.DependencyPropertyChangedEventHandler"
WeakDynamic,Type,"Windows.Foundation.TypedEventHandler<Windows.UI.Xaml.Controls.Control, Windows.UI.Xaml.Controls.FocusDisengagedEventArgs>"
WeakDynamic,Type,"Windows.Foundation.TypedEventHandler<Windows.UI.Xaml.Controls.Control, Windows.UI.Xaml.Controls.FocusEngagedEventArgs>"
WeakDynamic,Type,"Windows.UI.Xaml.FrameworkElement"
WeakDynamic,Type,"System.EventHandler<System.Object>"
WeakDynamic,Type,"Windows.UI.Xaml.RoutedEventHandler"
WeakDynamic,Type,"Windows.UI.Xaml.SizeChangedEventHandler"
WeakDynamic,Type,"Windows.Foundation.TypedEventHandler<Windows.UI.Xaml.FrameworkElement, Windows.UI.Xaml.DataContextChangedEventArgs>"
WeakDynamic,Type,"Windows.Foundation.TypedEventHandler<Windows.UI.Xaml.FrameworkElement, System.Object>"
WeakDynamic,Type,"Windows.Foundation.TypedEventHandler<Windows.UI.Xaml.FrameworkElement, Windows.UI.Xaml.EffectiveViewportChangedEventArgs>"
WeakDynamic,Type,"Windows.UI.Xaml.UIElement"
WeakDynamic,Type,"Windows.UI.Xaml.Input.DoubleTappedEventHandler"
WeakDynamic,Type,"Windows.UI.Xaml.DragEventHandler"
WeakDynamic,Type,"Windows.UI.Xaml.Input.HoldingEventHandler"
WeakDynamic,Type,"Windows.UI.Xaml.Input.KeyEventHandler"
WeakDynamic,Type,"Windows.UI.Xaml.Input.ManipulationCompletedEventHandler"
WeakDynamic,Type,"Windows.UI.Xaml.Input.ManipulationDeltaEventHandler"
WeakDynamic,Type,"Windows.UI.Xaml.Input.ManipulationInertiaStartingEventHandler"
WeakDynamic,Type,"Windows.UI.Xaml.Input.ManipulationStartedEventHandler"
WeakDynamic,Type,"Windows.UI.Xaml.Input.ManipulationStartingEventHandler"
WeakDynamic,Type,"Windows.UI.Xaml.Input.PointerEventHandler"
WeakDynamic,Type,"Windows.UI.Xaml.Input.RightTappedEventHandler"
WeakDynamic,Type,"Windows.UI.Xaml.Input.TappedEventHandler"
WeakDynamic,Type,"Windows.Foundation.TypedEventHandler<Windows.UI.Xaml.UIElement, Windows.UI.Xaml.DragStartingEventArgs>"
WeakDynamic,Type,"Windows.Foundation.TypedEventHandler<Windows.UI.Xaml.UIElement, Windows.UI.Xaml.DropCompletedEventArgs>"
WeakDynamic,Type,"Windows.Foundation.TypedEventHandler<Windows.UI.Xaml.UIElement, Windows.UI.Xaml.Input.AccessKeyDisplayDismissedEventArgs>"
WeakDynamic,Type,"Windows.Foundation.TypedEventHandler<Windows.UI.Xaml.UIElement, Windows.UI.Xaml.Input.AccessKeyDisplayRequestedEventArgs>"
WeakDynamic,Type,"Windows.Foundation.TypedEventHandler<Windows.UI.Xaml.UIElement, Windows.UI.Xaml.Input.AccessKeyInvokedEventArgs>"
WeakDynamic,Type,"Windows.Foundation.TypedEventHandler<Windows.UI.Xaml.UIElement, Windows.UI.Xaml.RoutedEventArgs>"
WeakDynamic,Type,"Windows.Foundation.TypedEventHandler<Windows.UI.Xaml.UIElement, Windows.UI.Xaml.Input.ContextRequestedEventArgs>"
WeakDynamic,Type,"Windows.Foundation.TypedEventHandler<Windows.UI.Xaml.UIElement, Windows.UI.Xaml.Input.GettingFocusEventArgs>"
WeakDynamic,Type,"Windows.Foundation.TypedEventHandler<Windows.UI.Xaml.UIElement, Windows.UI.Xaml.Input.LosingFocusEventArgs>"
WeakDynamic,Type,"Windows.Foundation.TypedEventHandler<Windows.UI.Xaml.UIElement, Windows.UI.Xaml.Input.NoFocusCandidateFoundEventArgs>"
WeakDynamic,Type,"Windows.Foundation.TypedEventHandler<Windows.UI.Xaml.UIElement, Windows.UI.Xaml.Input.CharacterReceivedRoutedEventArgs>"
WeakDynamic,Type,"Windows.Foundation.TypedEventHandler<Windows.UI.Xaml.UIElement, Windows.UI.Xaml.Input.ProcessKeyboardAcceleratorEventArgs>"
WeakDynamic,Type,"Windows.Foundation.TypedEventHandler<Windows.UI.Xaml.UIElement, Windows.UI.Xaml.BringIntoViewRequestedEventArgs>"
WeakDynamic,Type,"System.Collections.IDictionary"
WeakDynamic,Type,"System.Reflection.PropertyInfo"
WeakDynamic,Type,"System.Reflection.FieldInfo"
WeakDynamic,Type,"Windows.UI.Xaml.Application"
WeakDynamic,Type,"Windows.UI.Xaml.SuspendingEventHandler"
WeakDynamic,Type,"Windows.UI.Xaml.UnhandledExceptionEventHandler"
WeakDynamic,Type,"Windows.UI.Xaml.EnteredBackgroundEventHandler"
WeakDynamic,Type,"Windows.UI.Xaml.LeavingBackgroundEventHandler"
WeakDynamic,Type,"System.Collections.Generic.IDictionary<System.Object, System.Object>"
WeakDynamic,Type,"Windows.UI.Xaml.Controls.ContentControl"
WeakDynamic,Type,"Windows.UI.Xaml.Controls.Primitives.ButtonBase"
WeakDynamic,Type,"Windows.UI.Xaml.Controls.TextBox"
WeakDynamic,Type,"Windows.UI.Xaml.Controls.ContextMenuOpeningEventHandler"
WeakDynamic,Type,"Windows.UI.Xaml.Controls.TextChangedEventHandler"
WeakDynamic,Type,"Windows.UI.Xaml.Controls.TextControlPasteEventHandler"
WeakDynamic,Type,"Windows.Foundation.TypedEventHandler<Windows.UI.Xaml.Controls.TextBox, Windows.UI.Xaml.Controls.CandidateWindowBoundsChangedEventArgs>"
WeakDynamic,Type,"Windows.Foundation.TypedEventHandler<Windows.UI.Xaml.Controls.TextBox, Windows.UI.Xaml.Controls.TextBoxTextChangingEventArgs>"
WeakDynamic,Type,"Windows.Foundation.TypedEventHandler<Windows.UI.Xaml.Controls.TextBox, Windows.UI.Xaml.Controls.TextCompositionChangedEventArgs>"
WeakDynamic,Type,"Windows.Foundation.TypedEventHandler<Windows.UI.Xaml.Controls.TextBox, Windows.UI.Xaml.Controls.TextCompositionEndedEventArgs>"
WeakDynamic,Type,"Windows.Foundation.TypedEventHandler<Windows.UI.Xaml.Controls.TextBox, Windows.UI.Xaml.Controls.TextCompositionStartedEventArgs>"
WeakDynamic,Type,"Windows.Foundation.TypedEventHandler<Windows.UI.Xaml.Controls.TextBox, Windows.UI.Xaml.Controls.TextBoxBeforeTextChangingEventArgs>"
WeakDynamic,Type,"Windows.Foundation.TypedEventHandler<Windows.UI.Xaml.Controls.TextBox, Windows.UI.Xaml.Controls.TextControlCopyingToClipboardEventArgs>"
WeakDynamic,Type,"Windows.Foundation.TypedEventHandler<Windows.UI.Xaml.Controls.TextBox, Windows.UI.Xaml.Controls.TextControlCuttingToClipboardEventArgs>"
WeakDynamic,Type,"Windows.Foundation.TypedEventHandler<Windows.UI.Xaml.Controls.TextBox, Windows.UI.Xaml.Controls.TextBoxSelectionChangingEventArgs>"
WeakDynamic,Type,"Windows.UI.Xaml.Controls.AppBar"
WeakDynamic,Type,"Windows.UI.Xaml.Controls.ScrollViewer"
WeakDynamic,Type,"System.EventHandler<Windows.UI.Xaml.Controls.ScrollViewerViewChangedEventArgs>"
WeakDynamic,Type,"System.EventHandler<Windows.UI.Xaml.Controls.ScrollViewerViewChangingEventArgs>"
WeakDynamic,Type,"Windows.Foundation.TypedEventHandler<Windows.UI.Xaml.Controls.ScrollViewer, Windows.UI.Xaml.Controls.AnchorRequestedEventArgs>"
WeakDynamic,Type,"Windows.UI.Xaml.Controls.StackPanel"
WeakDynamic,Type,"Windows.UI.Xaml.Controls.TextBlock"
WeakDynamic,Type,"Windows.Foundation.TypedEventHandler<Windows.UI.Xaml.Controls.TextBlock, Windows.UI.Xaml.Controls.IsTextTrimmedChangedEventArgs>"
WeakDynamic,Type,"Windows.UI.Xaml.Controls.ListViewBase"
WeakDynamic,Type,"Windows.UI.Xaml.Controls.DragItemsStartingEventHandler"
WeakDynamic,Type,"Windows.UI.Xaml.Controls.ItemClickEventHandler"
WeakDynamic,Type,"Windows.Foundation.TypedEventHandler<Windows.UI.Xaml.Controls.ListViewBase, Windows.UI.Xaml.Controls.ContainerContentChangingEventArgs>"
WeakDynamic,Type,"Windows.Foundation.TypedEventHandler<Windows.UI.Xaml.Controls.ListViewBase, Windows.UI.Xaml.Controls.ChoosingGroupHeaderContainerEventArgs>"
WeakDynamic,Type,"Windows.Foundation.TypedEventHandler<Windows.UI.Xaml.Controls.ListViewBase, Windows.UI.Xaml.Controls.ChoosingItemContainerEventArgs>"
WeakDynamic,Type,"Windows.Foundation.TypedEventHandler<Windows.UI.Xaml.Controls.ListViewBase, Windows.UI.Xaml.Controls.DragItemsCompletedEventArgs>"
WeakDynamic,Type,"Windows.UI.Xaml.Controls.Primitives.Selector"
WeakDynamic,Type,"Windows.UI.Xaml.Controls.SelectionChangedEventHandler"
WeakDynamic,Type,"Windows.UI.Xaml.Controls.ItemsControl"
WeakDynamic,Type,"Windows.UI.Xaml.Controls.Primitives.OrientedVirtualizingPanel"
WeakDynamic,Type,"Windows.UI.Xaml.Controls.Image"
WeakDynamic,Type,"Windows.UI.Xaml.ExceptionRoutedEventHandler"
WeakDynamic,Type,"Windows.UI.Xaml.Controls.RichTextBlock"
WeakDynamic,Type,"Windows.Foundation.TypedEventHandler<Windows.UI.Xaml.Controls.RichTextBlock, Windows.UI.Xaml.Controls.IsTextTrimmedChangedEventArgs>"
WeakDynamic,Type,"Windows.UI.Xaml.Controls.CommandBar"
WeakDynamic,Type,"Windows.Foundation.TypedEventHandler<Windows.UI.Xaml.Controls.CommandBar, Windows.UI.Xaml.Controls.DynamicOverflowItemsChangingEventArgs>"
WeakDynamic,Type,"Windows.UI.Xaml.Controls.ContentDialog"
WeakDynamic,Type,"Windows.Foundation.TypedEventHandler<Windows.UI.Xaml.Controls.ContentDialog, Windows.UI.Xaml.Controls.ContentDialogClosedEventArgs>"
WeakDynamic,Type,"Windows.Foundation.TypedEventHandler<Windows.UI.Xaml.Controls.ContentDialog, Windows.UI.Xaml.Controls.ContentDialogClosingEventArgs>"
WeakDynamic,Type,"Windows.Foundation.TypedEventHandler<Windows.UI.Xaml.Controls.ContentDialog, Windows.UI.Xaml.Controls.ContentDialogOpenedEventArgs>"
WeakDynamic,Type,"Windows.Foundation.TypedEventHandler<Windows.UI.Xaml.Controls.ContentDialog, Windows.UI.Xaml.Controls.ContentDialogButtonClickEventArgs>"
WeakDynamic,Type,"Windows.UI.Xaml.Controls.PasswordBox"
WeakDynamic,Type,"Windows.Foundation.TypedEventHandler<Windows.UI.Xaml.Controls.PasswordBox, Windows.UI.Xaml.Controls.PasswordBoxPasswordChangingEventArgs>"
WeakDynamic,Type,"Windows.UI.Xaml.Controls.ItemCollection"
WeakDynamic,Type,"Windows.Foundation.Collections.VectorChangedEventHandler<System.Object>"
WeakDynamic,Type,"Windows.UI.Xaml.Controls.ComboBox"
WeakDynamic,Type,"Windows.Foundation.TypedEventHandler<Windows.UI.Xaml.Controls.ComboBox, Windows.UI.Xaml.Controls.ComboBoxTextSubmittedEventArgs>"
WeakDynamic,Type,"Windows.UI.Xaml.Controls.GroupStyle"
WeakDynamic,Type,"Windows.UI.Xaml.Controls.ToggleSwitch"
WeakDynamic,Type,"Windows.UI.Xaml.Controls.Primitives.RangeBase"
WeakDynamic,Type,"Windows.UI.Xaml.Controls.Primitives.RangeBaseValueChangedEventHandler"
WeakDynamic,Type,"Windows.UI.Xaml.Controls.MediaElement"
WeakDynamic,Type,"Windows.UI.Xaml.Media.TimelineMarkerRoutedEventHandler"
WeakDynamic,Type,"Windows.UI.Xaml.Media.RateChangedRoutedEventHandler"
WeakDynamic,Type,"Windows.Foundation.TypedEventHandler<Windows.UI.Xaml.Controls.MediaElement, Windows.UI.Xaml.Media.PartialMediaFailureDetectedEventArgs>"
WeakDynamic,Type,"System.Collections.Generic.IEnumerator"
WeakDynamic,Type,"System.Collections.Generic.IEnumerable"
WeakDynamic,Type,"System.Collections.Generic.ICollection"
WeakDynamic,Type,"System.Collections.IEnumerator"
WeakDynamic,Type,"System.Collections.IEnumerable"
WeakDynamic,Type,"__DynamicallyInvokableAttribute"
WeakDynamic,Type,"System.Diagnostics.DebuggerDisplayAttribute"
WeakDynamic,Type,"System.Runtime.CompilerServices.TypeForwardedFromAttribute"
WeakDynamic,Type,"Windows.Foundation.Metadata.ContractVersionAttribute"
WeakDynamic,Type,"Windows.Foundation.Metadata.DeprecatedAttribute"
WeakDynamic,Type,"System.Runtime.Serialization.DataContractAttribute"
WeakDynamic,Type,"System.Func<System.Type, System.Object>"
WeakDynamic,Type,"System.Reflection.DefaultMemberAttribute"
WeakDynamic,Type,"Windows.Foundation.Metadata.MarshalingBehaviorAttribute"
WeakDynamic,Type,"Windows.Foundation.Metadata.ThreadingAttribute"
WeakDynamic,Type,"Windows.Foundation.Metadata.WebHostHiddenAttribute"
WeakDynamic,Type,"Windows.UI.Xaml.Markup.ContentPropertyAttribute"
WeakDynamic,Type,"System.Diagnostics.DebuggerTypeProxyAttribute"
WeakDynamic,Type,"System.CodeDom.Compiler.GeneratedCodeAttribute"
WeakDynamic,Type,"System.Diagnostics.DebuggerNonUserCodeAttribute"
WeakDynamic,Type,"System.Runtime.CompilerServices.CompilerGeneratedAttribute"
WeakDynamic,Type,"System.AttributeUsageAttribute"
WeakDynamic,Type,"Windows.Foundation.Metadata.VersionAttribute"
WeakDynamic,Type,"System.IntPtr"
WeakDynamic,Type,"System.Diagnostics.Tracing.EventSource.EventData"
WeakDynamic,Type,"System.Diagnostics.Tracing.EventSource.EventMetadata"
WeakDynamic,Type,"System.Diagnostics.DiagnosticSourceEventSource.Keywords"
WeakDynamic,Type,"System.Diagnostics.DiagnosticSourceEventSource.FilterAndTransform"
WeakDynamic,Type,"System.Diagnostics.DiagnosticSourceEventSource.CallbackObserver"
WeakDynamic,Type,"Windows.UI.Xaml.Controls.Border"
WeakDynamic,Type,"Windows.UI.Xaml.Controls.ProgressRing"
WeakDynamic,Type,"Windows.UI.Xaml.Controls.Button"
WeakDynamic,Type,"System.Collections.ObjectModel.ObservableCollection<kicquwp.ChatMessage>"
WeakDynamic,Type,"Windows.UI.Xaml.DispatcherTimer"
WeakDynamic,Type,"System.Collections.Generic.HashSet<System.String>"
WeakDynamic,Type,"System.Collections.Generic.List<kicquwp.EmojiItem>"
WeakDynamic,Type,"Windows.UI.Xaml.Controls.ListView"
WeakDynamic,Type,"Windows.UI.Xaml.Controls.Grid"
WeakDynamic,Type,"Windows.UI.Xaml.Controls.GridView"
WeakDynamic,Type,"Windows.Networking.Sockets.ControlChannelTrigger"
WeakDynamic,Type,"Windows.ApplicationModel.Background.BackgroundTaskRegistration"
WeakDynamic,Type,"System.Collections.Generic.Dictionary<System.String, System.String>"
WeakDynamic,Type,"Windows.UI.Xaml.DependencyProperty"
WeakDynamic,Type,"Windows.UI.Xaml.Controls.FontIcon"
WeakDynamic,Type,"System.Net.Http.HttpClient"
WeakDynamic,Type,"System.Double"
WeakDynamic,Type,"System.Collections.Generic.Dictionary<System.String, System.Int32>"
WeakDynamic,Type,"System.Action"
WeakDynamic,Type,"Windows.Networking.Sockets.StreamSocket"
WeakDynamic,Type,"Windows.Storage.Streams.DataWriter"
WeakDynamic,Type,"Windows.Storage.Streams.DataReader"
WeakDynamic,Type,"System.Threading.CancellationTokenSource"
WeakDynamic,Type,"System.Collections.Generic.Dictionary<System.String, System.Collections.Generic.List<System.String[]>>"
WeakDynamic,Type,"System.Action<System.String, System.String>"
WeakDynamic,Type,"System.Action<Contact>"
WeakDynamic,Type,"System.Action<System.String, System.UInt16>"
WeakDynamic,Type,"System.Action<kicquwp.UserBasicInfo>"
WeakDynamic,Type,"System.Collections.Generic.Dictionary<System.UInt16, kicquwp.OscarProtocol.SsiGroup>"
WeakDynamic,Type,"System.Action<System.Collections.Generic.List<kicquwp.SearchResult>, System.Boolean>"
WeakDynamic,Type,"System.Action<kicquwp.OscarProtocol.UserFullInfo>"
WeakDynamic,Type,"System.Action<System.UInt16>"
WeakDynamic,Type,"System.Collections.Generic.HashSet<System.UInt16>"
WeakDynamic,Type,"System.Collections.Generic.Queue<kicquwp.OscarProtocol.FlapFrame>"
WeakDynamic,Type,"System.Threading.Tasks.TaskCompletionSource<System.Boolean>"
WeakDynamic,Type,"System.Action<System.Boolean>"
WeakDynamic,Type,"Windows.Networking.Connectivity.NetworkStatusChangedEventHandler"
WeakDynamic,Type,"System.Action<kicquwp.OscarProtocol>"
WeakDynamic,Type,"System.Collections.ObjectModel.ObservableCollection<kicquwp.SearchResult>"
WeakDynamic,Type,"Windows.UI.Xaml.Controls.Slider"
WeakDynamic,Type,"Windows.Media.Playback.MediaPlayer"
WeakDynamic,Type,"System.Collections.Generic.Dictionary<System.String, Windows.UI.Xaml.Markup.IXamlType>"
WeakDynamic,Type,"System.Collections.Generic.Dictionary<System.Type, Windows.UI.Xaml.Markup.IXamlType>"
WeakDynamic,Type,"System.Collections.Generic.Dictionary<System.String, Windows.UI.Xaml.Markup.IXamlMember>"
WeakDynamic,Type,"System.Array<System.String>"
WeakDynamic,Type,"System.Array<System.Type>"
WeakDynamic,Type,"System.Collections.Generic.Dictionary<System.String, System.Object>"
WeakDynamic,Type,"System.Runtime.CompilerServices.AsyncVoidMethodBuilder"
WeakDynamic,Type,"Windows.UI.Xaml.Navigation.NavigationEventArgs"
WeakDynamic,Type,"System.Runtime.CompilerServices.TaskAwaiter"
WeakDynamic,Type,"System.Runtime.CompilerServices.AsyncTaskMethodBuilder"
WeakDynamic,Type,"System.Runtime.CompilerServices.TaskAwaiter<kicquwp.UserBasicInfo>"
WeakDynamic,Type,"System.Runtime.CompilerServices.TaskAwaiter<System.Boolean>"
WeakDynamic,Type,"System.EventHandler<System.Threading.Tasks.UnobservedTaskExceptionEventArgs>"
WeakDynamic,Type,"System.Func<System.Threading.Tasks.Task>"
WeakDynamic,Type,"Windows.ApplicationModel.Background.BackgroundTaskDeferral"
WeakDynamic,Type,"Windows.ApplicationModel.Activation.IActivatedEventArgs"
WeakDynamic,Type,"Windows.UI.Xaml.Controls.Frame"
WeakDynamic,Type,"System.Collections.Generic.List<System.String[]>.Enumerator"
WeakDynamic,Type,"System.Text.StringBuilder"
WeakDynamic,Type,"System.Runtime.CompilerServices.TaskAwaiter<kicquwp.OscarProtocol.UserFullInfo>"
WeakDynamic,Type,"System.Runtime.CompilerServices.TaskAwaiter<Windows.UI.Xaml.Controls.ContentDialogResult>"
WeakDynamic,Type,"System.Runtime.CompilerServices.TaskAwaiter<Windows.Storage.StorageFile>"
WeakDynamic,Type,"System.Func<System.String, System.Threading.Tasks.Task>"
WeakDynamic,Type,"Windows.UI.Xaml.Input.KeyRoutedEventArgs"
WeakDynamic,Type,"System.Func<System.String, System.String>"
WeakDynamic,Type,"Windows.UI.Xaml.Controls.ListBox"
WeakDynamic,Type,"System.Runtime.CompilerServices.TaskAwaiter<System.Collections.ObjectModel.ObservableCollection<Contact>>"
WeakDynamic,Type,"Windows.Storage.Streams.IRandomAccessStreamWithContentType"
WeakDynamic,Type,"System.Runtime.CompilerServices.TaskAwaiter<Windows.Storage.Streams.IRandomAccessStreamWithContentType>"
WeakDynamic,Type,"Windows.UI.Xaml.Media.Imaging.BitmapImage"
WeakDynamic,Type,"Windows.Storage.StorageFolder"
WeakDynamic,Type,"System.Runtime.CompilerServices.TaskAwaiter<System.String>"
WeakDynamic,Type,"System.Runtime.Serialization.Json.DataContractJsonSerializer"
WeakDynamic,Type,"System.Runtime.CompilerServices.TaskAwaiter<System.IO.Stream>"
WeakDynamic,Type,"System.Runtime.CompilerServices.AsyncTaskMethodBuilder<System.Collections.Generic.List<Contact>>"
WeakDynamic,Type,"System.Runtime.CompilerServices.AsyncTaskMethodBuilder<Windows.Networking.Sockets.ControlChannelTrigger>"
WeakDynamic,Type,"System.Runtime.CompilerServices.TaskAwaiter<Windows.ApplicationModel.Background.BackgroundAccessStatus>"
WeakDynamic,Type,"System.Runtime.CompilerServices.AsyncTaskMethodBuilder<kicquwp.UpdateCheckResult>"
WeakDynamic,Type,"System.Runtime.CompilerServices.TaskAwaiter<System.Net.Http.HttpResponseMessage>"
WeakDynamic,Type,"System.Runtime.CompilerServices.AsyncTaskMethodBuilder<System.Boolean>"
WeakDynamic,Type,"Windows.UI.Xaml.Controls.ContentDialogButtonClickEventArgs"
WeakDynamic,Type,"Windows.UI.Xaml.Controls.ContentDialogButtonClickDeferral"
WeakDynamic,Type,"System.Runtime.CompilerServices.TaskAwaiter<Windows.UI.Popups.IUICommand>"
WeakDynamic,Type,"System.Collections.Generic.List<Contact>"
WeakDynamic,Type,"System.Runtime.CompilerServices.TaskAwaiter<System.Collections.Generic.List<Contact>>"
WeakDynamic,Type,"System.Runtime.CompilerServices.AsyncTaskMethodBuilder<System.String>"
WeakDynamic,Type,"Windows.UI.Xaml.Input.HoldingRoutedEventArgs"
WeakDynamic,Type,"System.Func<kicquwp.OscarProtocol.SsiGroup, System.String>"
WeakDynamic,Type,"System.Func<Contact, System.Int32>"
WeakDynamic,Type,"System.Func<Contact, System.String>"
WeakDynamic,Type,"System.Func<Contact, System.Boolean>"
WeakDynamic,Type,"Windows.Storage.ApplicationDataContainer"
WeakDynamic,Type,"Windows.UI.Core.DispatchedHandler"
WeakDynamic,Type,"kicquwp.OscarProtocol.UserStatus"
WeakDynamic,Type,"kicquwp.OscarProtocol.UserFlags"
WeakDynamic,Type,"Windows.Networking.HostName"
WeakDynamic,Type,"System.Runtime.CompilerServices.TaskAwaiter<Windows.Networking.Sockets.ControlChannelTrigger>"
WeakDynamic,Type,"System.Runtime.CompilerServices.TaskAwaiter<kicquwp.OscarProtocol.FlapFrame>"
WeakDynamic,Type,"System.IO.MemoryStream"
WeakDynamic,Type,"System.IO.BinaryWriter"
WeakDynamic,Type,"System.Random"
WeakDynamic,Type,"System.Runtime.CompilerServices.TaskAwaiter<System.UInt32>"
WeakDynamic,Type,"System.Collections.Generic.List<kicquwp.OscarProtocol.TLV>"
WeakDynamic,Type,"System.Runtime.CompilerServices.AsyncTaskMethodBuilder<kicquwp.OscarProtocol.FlapFrame>"
WeakDynamic,Type,"System.Threading.CancellationToken"
WeakDynamic,Type,"System.Threading.CancellationTokenRegistration"
WeakDynamic,Type,"System.TimeSpan"
WeakDynamic,Type,"System.Runtime.CompilerServices.TaskAwaiter<kicquwp.OscarProtocol.SnacPacket>"
WeakDynamic,Type,"System.Runtime.CompilerServices.AsyncTaskMethodBuilder<kicquwp.OscarProtocol.SnacPacket>"
WeakDynamic,Type,"System.Runtime.CompilerServices.AsyncTaskMethodBuilder<System.Collections.ObjectModel.ObservableCollection<Contact>>"
WeakDynamic,Type,"System.Runtime.CompilerServices.TaskAwaiter<System.UInt16>"
WeakDynamic,Type,"System.Collections.Generic.List<System.String>.Enumerator"
WeakDynamic,Type,"System.Threading.Tasks.TaskCompletionSource<kicquwp.UserBasicInfo>"
WeakDynamic,Type,"System.Runtime.CompilerServices.AsyncTaskMethodBuilder<kicquwp.UserBasicInfo>"
WeakDynamic,Type,"System.Threading.Tasks.TaskCompletionSource<System.UInt16>"
WeakDynamic,Type,"System.Func<System.UInt16, System.Boolean>"
WeakDynamic,Type,"System.Runtime.CompilerServices.AsyncTaskMethodBuilder<System.Collections.Generic.List<kicquwp.SearchResult>>"
WeakDynamic,Type,"System.Runtime.CompilerServices.TaskAwaiter<System.Collections.Generic.List<kicquwp.SearchResult>>"
WeakDynamic,Type,"System.Threading.Tasks.TaskCompletionSource<kicquwp.OscarProtocol.UserFullInfo>"
WeakDynamic,Type,"System.Collections.Generic.List<kicquwp.SearchResult>"
WeakDynamic,Type,"System.Threading.Tasks.TaskCompletionSource<System.Collections.Generic.List<kicquwp.SearchResult>>"
WeakDynamic,Type,"System.Runtime.CompilerServices.TaskAwaiter<System.Threading.Tasks.Task>"
WeakDynamic,Type,"System.Runtime.CompilerServices.TaskAwaiter<kicquwp.UpdateCheckResult>"
WeakDynamic,Type,"Windows.UI.Xaml.ApplicationInitializationCallback"
WeakDynamic,Type,"Windows.ApplicationModel.Background.IBackgroundTaskInstance"
WeakDynamic,Type,"System.Single"
WeakDynamic,Type,"System.Diagnostics.Tracing.EventSource.EventParameterType"
WeakDynamic,Type,"System.Diagnostics.Tracing.EventSource.EventMessage"
WeakDynamic,Type,"System.Diagnostics.Tracing.EventDescriptor"
WeakDynamic,Type,"System.Array<System.Reflection.ParameterInfo>"
WeakDynamic,Type,"System.Diagnostics.Tracing.TraceLoggingEventTypes"
WeakDynamic,Type,"System.Array<System.Diagnostics.Tracing.EventSource.EventParameterType>"
WeakDynamic,Type,"System.Xml.XmlDictionaryString"
WeakDynamic,Type,"System.Runtime.Serialization.DataContract"
WeakDynamic,Type,"System.Runtime.Serialization.DataMember"
WeakDynamic,Type,"System.Globalization.CultureInfo"
WeakDynamic,Type,"System.Xml.XmlQualifiedName"
WeakDynamic,Type,"System.Runtime.Serialization.CollectionDataContractAttribute"
WeakDynamic,Type,"System.Reflection.MemberInfo"
WeakDynamic,Type,"System.Runtime.Serialization.XmlSerializableReader"
WeakDynamic,Type,"System.Xml.XmlReader"
WeakDynamic,Type,"System.Xml.XmlNode"
WeakDynamic,Type,"System.Xml.XmlDocument"
WeakDynamic,Type,"System.Xml.XmlAttribute"
WeakDynamic,Type,"System.Reflection.ParameterInfo"
WeakDynamic,Type,"Windows.UI.Xaml.Controls.ItemsPanelTemplate"
WeakDynamic,Type,"Windows.UI.Xaml.DataTemplate"
WeakDynamic,Type,"Windows.UI.Xaml.Style"
WeakDynamic,Type,"Windows.Storage.StorageFile"
WeakDynamic,Type,"System.Runtime.Serialization.DataMemberAttribute"
WeakDynamic,Type,"System.ValueType"
WeakDynamic,Type,"System.Enum"
WeakDynamic,Type,"Windows.UI.Xaml.Controls.Page"
WeakDynamic,Type,"Windows.UI.Xaml.Media.TileBrush"
WeakDynamic,Type,"System.Array"
WeakDynamic,Type,"System.Array"
WeakDynamic,Type,"System.Threading.Tasks.Task"
WeakDynamic,Type,"Windows.UI.Xaml.Controls.UserControl"
WeakDynamic,Type,"System.Collections.ObjectModel.ObservableCollection"
WeakDynamic,Type,"System.Collections.ObjectModel.Collection<Contact>"
WeakDynamic,Type,"System.Action"
WeakDynamic,Type,"System.MulticastDelegate"
WeakDynamic,Type,"System.Collections.Generic.Dictionary"
WeakDynamic,Type,"System.Collections.Generic.List"
WeakDynamic,Type,"System.Attribute"
WeakDynamic,Type,"System.Func"
WeakDynamic,Type,"System.Diagnostics.Tracing.PropertyValue.ReferenceTypeHelper"
WeakDynamic,Type,"System.Diagnostics.Tracing.PropertyValue.TypeHelper"
WeakDynamic,Type,"Windows.Foundation.TypedEventHandler"
WeakDynamic,Type,"System.EventHandler"
WeakDynamic,Type,"Windows.UI.Xaml.DependencyObject"
WeakDynamic,Type,"System.Collections.Generic.IDictionary"
WeakDynamic,Type,"Windows.UI.Xaml.Controls.Panel"
WeakDynamic,Type,"Windows.UI.Xaml.Controls.VirtualizingPanel"
WeakDynamic,Type,"Windows.Foundation.Collections.VectorChangedEventHandler"
WeakDynamic,Type,"System.Collections.ObjectModel.Collection<kicquwp.ChatMessage>"
WeakDynamic,Type,"System.Collections.Generic.HashSet"
WeakDynamic,Type,"Windows.UI.Xaml.Controls.IconElement"
WeakDynamic,Type,"System.Net.Http.HttpMessageInvoker"
WeakDynamic,Type,"System.Action"
WeakDynamic,Type,"System.Collections.Generic.Queue"
WeakDynamic,Type,"System.Threading.Tasks.TaskCompletionSource"
WeakDynamic,Type,"System.Collections.ObjectModel.Collection<kicquwp.SearchResult>"
WeakDynamic,Type,"System.Runtime.CompilerServices.TaskAwaiter"
WeakDynamic,Type,"System.Func"
WeakDynamic,Type,"System.Collections.Generic.List.Enumerator"
WeakDynamic,Type,"Windows.UI.Xaml.RoutedEventArgs"
WeakDynamic,Type,"Windows.UI.Xaml.Media.Imaging.BitmapSource"
WeakDynamic,Type,"System.Runtime.CompilerServices.AsyncTaskMethodBuilder"
WeakDynamic,Type,"System.IO.Stream"
WeakDynamic,Type,"Windows.UI.Xaml.FrameworkTemplate"
WeakDynamic,Type,"Windows.UI.Xaml.Controls.DataTemplateSelector"
WeakDynamic,Type,"Windows.UI.Xaml.Controls.StyleSelector"
WeakDynamic,Type,"System.AttributeTargets"
WeakDynamic,Type,"System.Collections.Specialized.NotifyCollectionChangedAction"
WeakDynamic,Type,"Windows.UI.Xaml.GridUnitType"
WeakDynamic,Type,"System.Diagnostics.DebuggableAttribute.DebuggingModes"
WeakDynamic,Type,"System.DayOfWeek"
WeakDynamic,Type,"System.Globalization.DateTimeStyles"
WeakDynamic,Type,"System.Globalization.TimeSpanStyles"
WeakDynamic,Type,"System.UriKind"
WeakDynamic,Type,"System.UriHostNameType"
WeakDynamic,Type,"System.UriComponents"
WeakDynamic,Type,"System.UriFormat"
WeakDynamic,Type,"System.StringComparison"
WeakDynamic,Type,"System.TypeCode"
WeakDynamic,Type,"System.Globalization.NumberStyles"
WeakDynamic,Type,"System.Runtime.InteropServices.VarEnum"
WeakDynamic,Type,"System.Runtime.Serialization.SerializationMode"
WeakDynamic,Type,"System.Runtime.Serialization.CollectionKind"
WeakDynamic,Type,"System.Xml.XmlNamespaceScope"
WeakDynamic,Type,"System.Xml.WriteState"
WeakDynamic,Type,"System.Xml.XmlSpace"
WeakDynamic,Type,"System.Xml.ExceptionType"
WeakDynamic,Type,"System.StringSplitOptions"
WeakDynamic,Type,"System.DateTimeKind"
WeakDynamic,Type,"System.Runtime.Serialization.EmitTypeInformation"
WeakDynamic,Type,"System.Diagnostics.Tracing.EventChannel"
WeakDynamic,Type,"System.Diagnostics.Tracing.EventManifestOptions"
WeakDynamic,Type,"System.Diagnostics.Tracing.EventCommand"
WeakDynamic,Type,"System.Reflection.MethodAttributes"
WeakDynamic,Type,"System.Reflection.CallingConventions"
WeakDynamic,Type,"System.Reflection.MethodImplAttributes"
WeakDynamic,Type,"System.Runtime.InteropServices.CustomQueryInterfaceMode"
WeakDynamic,Type,"System.Threading.Tasks.TaskCreationOptions"
WeakDynamic,Type,"System.Threading.Tasks.TaskStatus"
WeakDynamic,Type,"System.Threading.Tasks.TaskContinuationOptions"
WeakDynamic,Type,"System.Runtime.InteropServices.CallingConvention"
WeakDynamic,Type,"System.Runtime.GCLatencyMode"
WeakDynamic,Type,"System.Runtime.InteropServices.GCHandleType"
WeakDynamic,Type,"System.ComponentModel.EditorBrowsableState"
WeakDynamic,Type,"System.Runtime.InteropServices.ComInterfaceType"
WeakDynamic,Type,"System.Diagnostics.DebuggerBrowsableState"
WeakDynamic,Type,"System.Diagnostics.Tracing.EventSourceOptions"
WeakDynamic,Type,"Windows.ApplicationModel.PackageVersion"
WeakDynamic,Type,"Windows.Networking.Sockets.ControlChannelTriggerContract"
WeakDynamic,Type,"System.Xml.Schema.XsdDateTimeFlags"
WeakDynamic,Type,"System.Runtime.CompilerServices.AsyncStateMachineAttribute"
WeakDynamic,Type,"System.Diagnostics.DebuggerHiddenAttribute"
WeakDynamic,Type,"System.Security.SecuritySafeCriticalAttribute"
WeakDynamic,Type,"System.Security.SecurityCriticalAttribute"
WeakDynamic,Type,"System.ParamArrayAttribute"
WeakDynamic,Type,"System.Diagnostics.Tracing.NonEventAttribute"
WeakDynamic,Type,"System.FlagsAttribute"
WeakDynamic,Type,"Windows.Foundation.Metadata.GuidAttribute"
WeakDynamic,Type,"Windows.Foundation.Metadata.MuseAttribute"
WeakDynamic,Type,"Windows.Foundation.Metadata.DualApiPartitionAttribute"
WeakDynamic,Type,"Windows.Foundation.Metadata.AllowMultipleAttribute"
WeakDynamic,Type,"Windows.Foundation.Metadata.AttributeNameAttribute"
WeakDynamic,Type,"Windows.Foundation.Metadata.ApiContractAttribute"
WeakDynamic,Type,"Windows.UI.Xaml.Navigation.NavigatedEventHandler"
WeakDynamic,Type,"Windows.UI.Xaml.Navigation.NavigatingCancelEventHandler"
WeakDynamic,Type,"Windows.UI.Xaml.Navigation.NavigationFailedEventHandler"
WeakDynamic,Type,"Windows.UI.Xaml.Navigation.NavigationStoppedEventHandler"
WeakDynamic,Type,"Windows.UI.Xaml.Media.Imaging.DownloadProgressEventHandler"
WeakDynamic,Type,"System.Collections.Generic.KeyValuePair<System.Object, System.Object>"
WeakDynamic,Type,"System.Collections.DictionaryEntry"
WeakDynamic,Type,"System.Collections.Generic.Dictionary<System.Object, System.Object>"
WeakDynamic,Type,"Windows.UI.Xaml.Controls.Primitives.FlyoutBase"
WeakDynamic,Type,"Windows.Foundation.TypedEventHandler<Windows.UI.Xaml.Controls.Primitives.FlyoutBase, Windows.UI.Xaml.Controls.Primitives.FlyoutBaseClosingEventArgs>"
WeakDynamic,Type,"Windows.UI.Xaml.Controls.MenuFlyoutItem"
WeakDynamic,Type,"Windows.UI.Xaml.Documents.TextElement"
WeakDynamic,Type,"Windows.Foundation.TypedEventHandler<Windows.UI.Xaml.Documents.TextElement, Windows.UI.Xaml.Input.AccessKeyDisplayDismissedEventArgs>"
WeakDynamic,Type,"Windows.Foundation.TypedEventHandler<Windows.UI.Xaml.Documents.TextElement, Windows.UI.Xaml.Input.AccessKeyDisplayRequestedEventArgs>"
WeakDynamic,Type,"Windows.Foundation.TypedEventHandler<Windows.UI.Xaml.Documents.TextElement, Windows.UI.Xaml.Input.AccessKeyInvokedEventArgs>"
WeakDynamic,Type,"Windows.UI.Xaml.Window"
WeakDynamic,Type,"Windows.UI.Xaml.WindowActivatedEventHandler"
WeakDynamic,Type,"Windows.UI.Xaml.WindowClosedEventHandler"
WeakDynamic,Type,"Windows.UI.Xaml.WindowSizeChangedEventHandler"
WeakDynamic,Type,"Windows.UI.Xaml.WindowVisibilityChangedEventHandler"
WeakDynamic,Type,"Windows.UI.Xaml.Data.ICollectionView"
WeakDynamic,Type,"Windows.UI.Xaml.Data.CurrentChangingEventHandler"
WeakDynamic,Type,"Windows.UI.Xaml.Controls.Primitives.IScrollSnapPointsInfo"
WeakDynamic,Type,"Windows.UI.Xaml.ResourceDictionary"
WeakDynamic,Type,"Windows.UI.Xaml.ApplicationTheme"
WeakDynamic,Type,"System.Array<System.Delegate>"
WeakDynamic,Type,"System.SByte"
WeakDynamic,Type,"System.Char"
WeakDynamic,Type,"System.Int16"
WeakDynamic,Type,"System.Int64"
WeakDynamic,Type,"System.UInt64"
WeakDynamic,Type,"System.UIntPtr"
WeakDynamic,Type,"System.DateTimeOffset"
WeakDynamic,Type,"System.Decimal"
WeakDynamic,Type,"Windows.UI.Xaml.Controls.ComboBoxTextSubmittedEventArgs"
WeakDynamic,Type,"System.Xml.XmlElement"
WeakDynamic,Type,"Windows.Globalization.Language"
WeakDynamic,Type,"Windows.Globalization.GeographicRegion"
WeakDynamic,Type,"Windows.UI.Xaml.Documents.Run"
WeakDynamic,Type,"Windows.ApplicationModel.Background.BackgroundTaskBuilder"
WeakDynamic,Type,"System.Globalization.CompareInfo"
WeakDynamic,Type,"System.Reflection.Module"
WeakDynamic,Type,"System.Reflection.AssemblyName"
WeakDynamic,Type,"System.Xml.XmlName"
WeakDynamic,Type,"System.TimeZoneInfo"
WeakDynamic,Type,"Windows.ApplicationModel.Package"
WeakDynamic,Type,"Windows.Storage.IStorageItem"
WeakDynamic,Type,"Windows.ApplicationModel.Background.IBackgroundTaskRegistration"
WeakDynamic,Type,"Windows.ApplicationModel.PackageId"
WeakDynamic,Type,"Windows.Storage.IStorageItemProperties"
WeakDynamic,Type,"Windows.UI.Xaml.Media.Brush"
WeakDynamic,Type,"System.Collections.ObjectModel.Collection"
WeakDynamic,Type,"System.Delegate"
WeakDynamic,Type,"Windows.UI.Xaml.Media.ImageSource"
WeakDynamic,Type,"System.Runtime.CompilerServices.StateMachineAttribute"
WeakDynamic,Type,"System.Collections.Generic.KeyValuePair"
WeakDynamic,Type,"Windows.UI.Xaml.Controls.MenuFlyoutItemBase"
WeakDynamic,Type,"System.Xml.XmlLinkedNode"
WeakDynamic,Type,"Windows.UI.Xaml.Documents.Inline"
WeakDynamic,Type,"System.Runtime.Serialization.DateTimeOffsetAdapter"
WeakDynamic,Type,"System.Runtime.InteropServices.CharSet"
WeakDynamic,Type,"System.Diagnostics.Tracing.ControllerCommand"
WeakDynamic,Type,"System.Reflection.PropertyAttributes"
WeakDynamic,Type,"System.Reflection.FieldAttributes"
WeakDynamic,Type,"System.IO.SeekOrigin"
WeakDynamic,Type,"System.Reflection.ParameterAttributes"
WeakDynamic,Type,"System.Runtime.InteropServices.ComTypes.IMPLTYPEFLAGS"
WeakDynamic,Type,"System.Runtime.InteropServices.ComTypes.INVOKEKIND"
WeakDynamic,Type,"System.Reflection.BindingFlags"
WeakDynamic,Type,"System.Xml.DtdProcessing"
WeakDynamic,Type,"System.Xml.ReadState"
WeakDynamic,Type,"System.Net.HttpStatusCode"
WeakDynamic,Type,"System.Diagnostics.DiagnosticSourceEventSource.TransformSpec"
WeakDynamic,Type,"Windows.Foundation.Metadata.OverloadAttribute"
WeakDynamic,Type,"Windows.Foundation.Metadata.PreviousContractVersionAttribute"
WeakDynamic,Type,"System.Action<System.String, System.String, System.Collections.Generic.IEnumerable<System.Collections.Generic.KeyValuePair<System.String, System.String>>>"
WeakDynamic,Type,"System.IDisposable"
WeakDynamic,Type,"System.Collections.Generic.IList<Contact>"
WeakDynamic,Type,"System.Collections.Generic.IEnumerator<Contact>"
WeakDynamic,Type,"Windows.UI.Xaml.Media.FontFamily"
WeakDynamic,Type,"Windows.UI.Xaml.Thickness"
WeakDynamic,Type,"Windows.UI.Xaml.HorizontalAlignment"
WeakDynamic,Type,"System.Diagnostics.DiagnosticSourceEventSource.Subscriptions"
WeakDynamic,Type,"System.Xml.XmlDictionaryReader.XmlWrappedReader"
WeakDynamic,Type,"System.Action"
WeakDynamic,Type,"System.Collections.Generic.IList"
WeakDynamic,Type,"System.Xml.XmlDictionaryReader"
WeakDynamic,Type,"System.Xml.Schema.XsdDateTime.DateTimeTypeCode"
WeakDynamic,Type,"System.Xml.Schema.XsdDateTime.XsdDateTimeKind"
WeakDynamic,Type,"System.Reflection.TypeAttributes"
WeakDynamic,Type,"System.Reflection.GenericParameterAttributes"
WeakDynamic,Type,"System.Diagnostics.Contracts.ContractFailureKind"
WeakDynamic,Type,"System.Globalization.CompareOptions"
WeakDynamic,Type,"System.Globalization.CalendarWeekRule"
WeakDynamic,Type,"System.Reflection.ResourceLocation"
WeakDynamic,Type,"System.Runtime.InteropServices.ComTypes.DESCKIND"
WeakDynamic,Type,"System.Runtime.InteropServices.ComTypes.TYPEKIND"
WeakDynamic,Type,"System.Xml.XmlDictionaryReaderQuotaTypes"
WeakDynamic,Type,"System.Xml.XmlNodeChangedAction"
WeakDynamic,Type,"System.Xml.Schema.XsdDuration.DurationType"
WeakDynamic,Type,"System.Net.Http.HttpCompletionOption"
WeakDynamic,Type,"Windows.UI.Xaml.VerticalAlignment"
WeakDynamic,Type,"Windows.Foundation.Size"
WeakDynamic,Type,"System.Xml.XmlDocumentType"
WeakDynamic,Type,"System.Xml.XmlDeclaration"
WeakDynamic,Type,"System.Diagnostics.Tracing.TraceLoggingTypeInfo"
WeakDynamic,Type,"System.Xml.XmlText"
WeakDynamic,Type,"System.Xml.XmlComment"
WeakDynamic,Type,"System.Xml.XmlProcessingInstruction"
WeakDynamic,Type,"System.Xml.XmlCDataSection"
WeakDynamic,Type,"System.Xml.XmlDocumentFragment"
WeakDynamic,Type,"System.Xml.XmlEntityReference"
WeakDynamic,Type,"System.Xml.XmlWhitespace"
WeakDynamic,Type,"System.Xml.XmlSignificantWhitespace"
WeakDynamic,Type,"System.Diagnostics.DiagnosticListener"
WeakDynamic,Type,"System.Xml.XmlCharacterData"
WeakDynamic,Type,"System.Diagnostics.DiagnosticSource"
WeakDynamic,Type,"System.Xml.Schema.XsdDateTime"
WeakDynamic,Type,"System.Xml.Schema.XsdDuration"
WeakDynamic,Type,"System.Xml.TriState"
WeakDynamic,Type,"System.Reflection.EventAttributes"
WeakDynamic,Type,"System.Xml.Serialization.XmlMappingAccess"
WeakDynamic,Type,"System.Collections.Generic.List<System.Collections.Generic.KeyValuePair<System.String, System.String>>"
WeakDynamic,Type,"Windows.UI.Xaml.Visibility"
WeakDynamic,Type,"Windows.UI.Xaml.Automation.Peers.AutomationPeer"
WeakDynamic,Type,"System.Collections.Generic.IEnumerable<System.Collections.Generic.IEnumerable<Windows.Foundation.Point>>"
WeakDynamic,Type,"System.Collections.Generic.IEnumerable<Windows.UI.Xaml.DependencyObject>"
WeakDynamic,Type,"System.Xml.XmlTextReaderImpl"
WeakDynamic,Type,"System.Xml.XmlAsyncCheckReader"
WeakDynamic,Type,"System.Xml.NewLineHandling"
WeakDynamic,Type,"System.Xml.NamespaceHandling"
WeakDynamic,Type,"System.Xml.ConformanceLevel"
WeakDynamic,Type,"System.Net.Http.ClientCertificateOption"
WeakDynamic,Type,"System.Net.DecompressionMethods"
WeakDynamic,Type,"System.Xml.Schema.XsdDuration.Parts"
WeakDynamic,Type,"System.Xml.XmlBaseReader.QNameType"
WeakDynamic,Type,"System.Xml.PrefixHandleType"
WeakDynamic,Type,"System.Runtime.Serialization.Json.XmlJsonReader.JsonComplexTextMode"
WeakDynamic,Type,"System.Diagnostics.Tracing.EventFieldFormat"
WeakDynamic,Type,"System.Threading.LockRecursionPolicy"
WeakDynamic,Type,"System.Xml.XmlWellFormedWriter.NamespaceKind"
WeakDynamic,Type,"System.Runtime.Serialization.Json.JsonNodeType"
WeakDynamic,Type,"System.Xml.StringHandleConstStringType"
WeakDynamic,Type,"System.Xml.ValueHandleType"
WeakDynamic,Type,"System.Runtime.Serialization.ClassDataContract.ClassDataContractCriticalHelper.Member"
WeakDynamic,Type,"System.Collections.Generic.KeyValuePair<System.String, System.String>"
WeakDynamic,Type,"System.Net.Http.Headers.NameValueHeaderValue"
WeakDynamic,Type,"System.Xml.XmlEntity"
WeakDynamic,Type,"System.Xml.XmlWellFormedWriter.State"
WeakDynamic,Type,"System.Xml.XmlWellFormedWriter.SpecialAttribute"
WeakDynamic,Type,"System.Xml.XmlTextReaderImpl.ParsingFunction"
WeakDynamic,Type,"System.Xml.StringHandle.StringHandleType"
WeakDynamic,Type,"System.Threading.LazyThreadSafetyMode"
WeakDynamic,Type,"System.Xml.XmlStandalone"
WeakDynamic,Type,"System.Xml.XmlWellFormedWriter.Token"
WeakDynamic,Type,"System.Xml.EncodingStreamWrapper.SupportedEncoding"
WeakDynamic,Type,"System.ValueTuple<System.Int32, System.Int32, System.Int32, System.Boolean>"
WeakDynamic,Type,"System.ValueTuple"
WeakDynamic,Type,"System.Xml.Serialization.XmlAnyElementAttribute"
WeakDynamic,Type,"System.Xml.Serialization.XmlEnumAttribute"
WeakDynamic,Type,"System.Xml.XmlBaseWriter.DocumentState"
WeakDynamic,Type,"System.Xml.XmlTextReaderImpl.InitInputType"
WeakDynamic,Type,"System.Xml.XmlTextReaderImpl.ParsingMode"
WeakDynamic,Type,"System.Xml.XmlTextReaderImpl.IncrementalReadState"
WeakDynamic,Type,"System.Xml.XmlTextReaderImpl.EntityType"
WeakDynamic,Type,"System.Globalization.UnicodeCategory"
WeakDynamic,Type,"System.Text.ISO2022Encoding.ISO2022Modes"
WeakDynamic,Type,"System.Xml.XmlWellFormedWriter.AttributeValueCache.ItemType"
WeakDynamic,Type,"System.Xml.XmlBaseReader.XmlNode.XmlNodeFlags"
WeakDynamic,Type,"System.Xml.XmlTextReaderImpl.EntityExpandType"
WeakDynamic,Type,"System.Xml.ValueHandleConstStringType"
WeakDynamic,Type,"System.Xml.IDtdEntityInfo"
WeakDynamic,Type,"System.Net.Http.Headers.ContentDispositionHeaderValue"
WeakDynamic,Type,"System.Net.Http.Headers.WarningHeaderValue"
WeakDynamic,Type,"System.Xml.WhitespaceHandling"
WeakDynamic,Type,"System.Runtime.Serialization.Json.JsonEncodingStreamWrapper.SupportedEncoding"
WeakDynamic,Type,"System.Runtime.Serialization.Json.XmlJsonWriter.JsonDataType"
WeakDynamic,Type,"Windows.Web.Http.HttpProgress"
WeakDynamic,Type,"Windows.Web.Http.HttpProgressStage"
WeakDynamic,Type,"System.Nullable<System.UInt64>"
WeakDynamic,Type,"System.Xml.IDtdInfo"
WeakDynamic,Type,"System.Net.Http.Headers.ProductHeaderValue"
WeakDynamic,Type,"System.Nullable"
WeakDynamic,Type,"System.Runtime.Serialization.Json.XmlJsonWriter.NameState"
WeakDynamic,Type,"System.Xml.XmlBinaryNodeType"
WeakDynamic,Type,"System.Net.Sockets.AddressFamily"
WeakDynamic,Type,"System.Net.Cookie"
WeakDynamic,Type,"System.Net.Sockets.SocketError"
WeakDynamic,Type,"System.Xml.DtdParser.Token"
WeakDynamic,Type,"System.Xml.DtdParser.ScanningFunction"
WeakDynamic,Type,"System.Threading.EventResetMode"
WeakDynamic,Type,"System.Xml.DtdParser.LiteralType"
WeakDynamic,Type,"System.Xml.Schema.SchemaAttDef.Reserve"
WeakDynamic,Type,"System.Xml.XmlTokenizedType"
WeakDynamic,Type,"System.Xml.Schema.SchemaDeclBase.Use"
DispatchProxy,Method,"T System.Reflection.DispatchProxy.Create<T, TProxy>()"
